label_id	anchor_x	anchor_y	anchor_z	bb_min_x	bb_min_y	bb_min_z	bb_max_x	bb_max_y	bb_max_z	n_points	origin_dir	in_platybrowser
1	183.59	182.05	32.62	175.20	165.33	32.62	184.83	182.05	48.60	199	david	False
2	199.50	160.04	33.98	133.31	135.10	31.79	199.50	179.27	108.67	1211	commissural	False
3	199.63	159.69	34.00	79.60	76.89	21.02	223.12	204.11	254.17	46493	david	False
4	194.24	165.96	34.08	183.34	146.37	33.11	194.24	165.96	55.68	181	commissural	False
5	202.08	167.64	34.80	180.48	164.07	34.80	203.00	185.01	45.01	466	commissural	False
6	197.09	167.22	35.42	157.01	120.09	35.42	197.11	167.22	93.71	525	commissural	False
7	204.94	159.71	35.73	191.58	158.86	35.73	204.94	173.47	44.51	277	commissural	False
8	190.52	161.25	36.15	184.60	151.38	36.15	190.52	161.68	50.84	105	commissural	False
9	198.19	163.22	36.75	190.12	162.03	36.75	198.19	164.01	38.13	23	david	False
10	212.09	158.49	37.05	167.61	153.74	36.51	220.32	204.15	78.03	944	commissural	False
11	193.29	160.39	37.85	184.88	151.16	37.85	193.29	161.09	51.74	124	commissural	False
12	197.66	159.43	38.05	186.99	155.75	38.05	197.66	159.43	52.68	65	commissural	False
13	171.43	172.35	40.23	171.43	172.27	39.70	190.54	179.66	46.42	342	commissural	False
14	199.29	160.57	40.50	189.39	149.07	40.42	199.30	160.57	57.02	149	commissural	False
15	200.54	156.00	40.98	190.64	156.00	35.23	202.25	173.03	43.90	135	commissural	False
16	128.44	144.00	81.67	128.44	136.13	81.67	141.35	151.48	127.65	252	david	False
17	132.59	144.73	81.67	131.12	126.47	81.67	144.96	150.28	102.67	160	david	False
18	129.25	148.95	81.67	126.19	127.35	81.67	147.19	155.77	134.95	390	david	False
19	132.55	147.56	84.30	132.03	144.68	84.30	139.57	149.08	102.99	30	david	False
20	142.76	119.00	84.78	142.76	118.39	84.78	157.92	127.71	96.59	123	commissural	False
21	129.02	150.64	84.90	124.91	128.67	84.90	139.36	150.76	150.44	305	david	False
22	152.34	119.57	85.00	135.68	118.19	85.00	157.75	127.75	138.79	155	david	False
23	155.51	114.72	87.53	130.95	110.70	87.53	158.85	127.46	165.11	248	david	False
24	153.21	122.60	88.28	143.79	118.90	88.28	156.15	124.67	109.89	53	mouse	False
25	155.14	117.16	88.80	155.14	117.16	71.16	166.36	124.99	93.39	66	david	False
26	153.21	122.64	88.98	120.69	94.60	88.98	155.83	124.75	208.71	253	david	False
27	150.49	115.05	89.22	123.04	102.85	89.22	159.45	124.98	186.14	229	david	False
28	127.12	154.12	90.92	127.12	154.12	90.92	129.35	160.98	96.43	11	mouse	False
29	154.13	118.16	91.67	152.77	118.16	72.20	165.89	125.82	99.27	102	david	False
30	133.15	133.33	95.42	130.20	132.29	95.42	136.16	150.36	105.40	139	david	False
31	133.48	133.51	95.42	122.62	105.63	95.38	146.36	144.71	182.66	469	commissural	False
32	138.68	130.50	99.05	129.36	122.39	43.56	167.19	145.46	111.47	907	david	False
33	138.05	131.49	99.20	130.15	125.68	94.88	143.46	140.51	144.90	426	commissural	False
34	138.40	131.39	99.45	124.66	127.50	83.77	155.19	148.01	101.82	360	commissural	False
35	150.23	111.41	99.55	119.29	111.24	99.10	150.36	120.08	162.89	181	david	False
36	138.32	131.23	99.55	123.67	118.68	63.83	176.53	149.53	101.80	650	commissural	False
37	138.49	131.53	99.55	138.10	112.85	88.72	154.44	153.91	103.08	425	commissural	False
38	138.01	131.65	100.03	135.30	127.58	98.42	147.95	155.69	111.12	241	commissural	False
39	138.23	132.19	100.03	134.20	127.60	40.45	152.50	160.59	101.80	542	david	False
40	138.71	131.31	101.03	136.09	122.22	53.48	166.53	148.45	126.33	582	commissural	False
41	138.50	131.82	101.03	137.14	111.97	94.53	155.15	144.43	101.35	254	commissural	False
42	138.20	134.69	101.08	134.20	127.60	40.45	152.50	160.59	102.32	468	commissural	False
43	138.36	131.11	101.08	120.93	103.35	87.86	147.40	147.27	206.57	769	david	False
44	138.11	131.35	101.48	133.44	118.03	58.27	213.74	188.87	103.75	790	commissural	False
45	138.76	132.39	102.83	134.58	113.55	73.40	157.83	163.11	105.98	390	commissural	False
46	144.87	105.03	108.75	111.01	105.03	108.75	144.87	145.15	123.32	167	david	False
47	133.93	130.32	131.19	132.84	113.06	101.70	154.63	158.51	131.19	414	commissural	False
48	135.51	126.75	133.38	122.80	112.14	116.02	150.80	145.74	136.98	422	commissural	True
49	135.06	127.42	133.59	115.56	96.20	112.80	149.41	141.52	135.86	195	commissural	True
50	135.04	127.02	133.69	120.16	80.94	129.94	144.73	143.29	151.78	219	commissural	True
51	135.01	127.05	134.04	126.19	107.02	128.18	152.39	136.43	137.59	138	commissural	True
52	135.06	127.57	134.24	129.80	110.18	134.04	152.45	131.84	141.91	90	commissural	True
53	135.06	127.46	134.49	122.33	109.60	132.38	139.04	129.12	135.24	61	commissural	True
54	134.80	127.17	134.54	98.39	110.63	133.94	149.39	138.67	155.28	116	commissural	True
55	135.24	127.47	134.69	132.67	113.61	130.34	148.33	130.15	143.36	80	commissural	True
56	135.66	126.34	135.29	126.09	105.09	131.28	155.84	139.48	156.09	191	commissural	True
57	135.32	126.78	135.83	113.03	96.84	125.77	147.88	146.38	193.62	832	commissural	True
58	135.37	126.28	135.99	106.71	117.22	127.68	137.44	146.55	136.44	163	david	True
59	135.41	126.92	136.04	120.62	125.70	134.54	136.46	146.36	143.03	73	commissural	True
60	135.11	126.30	136.09	108.92	115.92	136.09	139.23	133.64	148.75	137	david	True
61	135.35	126.64	136.09	125.80	108.35	132.17	156.90	140.68	143.48	129	commissural	True
62	135.60	126.67	136.29	113.83	118.60	136.19	141.85	143.60	156.27	168	commissural	True
63	135.54	126.73	136.44	116.05	107.12	135.19	146.75	146.44	148.89	172	commissural	True
64	135.51	126.17	136.99	124.45	112.22	135.41	146.70	144.09	144.35	139	commissural	True
65	135.85	126.57	137.19	114.04	119.39	120.01	145.55	145.19	139.67	182	commissural	True
66	135.37	126.24	137.29	130.93	115.60	132.81	141.62	132.24	138.62	107	commissural	True
67	135.39	124.93	139.04	134.36	100.20	133.87	154.65	128.23	140.16	112	commissural	True
68	132.41	127.56	140.62	127.79	108.02	140.17	154.16	133.22	146.74	77	commissural	True
69	132.82	125.84	140.69	114.01	118.48	120.77	138.99	145.44	145.03	138	commissural	True
70	134.60	125.77	140.74	134.06	122.03	139.84	139.31	129.05	149.92	54	commissural	True
71	134.33	125.88	140.74	113.15	123.59	135.95	136.70	130.70	143.11	64	david	True
72	132.81	127.85	140.97	132.10	126.44	138.17	132.94	129.17	143.00	26	david	False
73	132.43	125.21	140.99	121.26	113.50	101.93	135.69	140.31	159.96	193	commissural	True
74	134.46	125.59	140.99	113.09	123.72	135.47	134.46	130.69	143.21	81	commissural	True
75	132.75	124.87	141.04	116.90	113.56	116.17	134.41	140.24	157.65	167	commissural	True
76	133.32	125.81	141.04	116.48	85.37	124.35	142.11	130.91	154.14	193	commissural	True
77	133.64	126.42	141.04	122.43	119.88	141.04	140.23	152.57	147.06	119	david	True
78	134.43	126.45	141.04	131.85	115.43	132.95	145.48	130.66	146.17	127	commissural	True
79	132.80	124.69	141.22	131.31	100.56	128.39	149.22	126.62	143.38	173	commissural	True
80	134.59	125.45	141.29	107.64	122.19	138.16	139.02	130.53	145.82	92	commissural	True
81	133.57	125.18	141.51	124.16	112.69	110.67	152.04	145.79	144.65	360	commissural	True
82	131.64	125.19	141.54	131.17	108.38	108.52	152.32	127.93	142.03	202	commissural	True
83	133.13	125.45	141.56	114.00	110.26	133.22	154.45	129.57	179.98	218	commissural	True
84	132.83	124.34	141.84	117.94	117.47	133.59	134.23	130.77	168.72	129	commissural	True
85	131.42	125.57	141.84	110.44	122.91	135.95	137.26	132.97	152.97	97	commissural	True
86	133.35	125.39	141.86	132.92	98.19	135.73	145.99	126.78	142.11	106	commissural	True
87	131.75	125.00	141.99	119.91	107.00	98.38	137.12	154.64	144.66	206	commissural	True
88	132.40	124.02	142.19	123.31	93.59	137.29	150.10	130.63	157.71	152	commissural	True
89	131.83	124.58	142.22	117.97	93.45	137.78	137.08	133.86	152.39	185	commissural	True
90	133.20	125.44	142.26	126.47	124.18	141.78	134.49	133.50	143.72	53	david	True
91	132.97	125.33	142.31	114.36	104.00	134.67	141.82	136.48	154.46	247	commissural	True
92	131.60	125.13	142.34	102.37	109.97	107.52	150.92	133.53	151.91	255	commissural	True
93	133.18	124.95	142.41	122.18	88.63	138.30	144.32	133.61	152.99	318	commissural	True
94	133.26	124.73	142.43	132.89	123.92	141.45	135.43	124.86	143.00	17	commissural	True
95	132.35	125.46	142.56	130.51	115.40	136.38	144.62	128.37	144.94	88	david	True
96	134.49	124.18	142.61	126.29	87.95	129.97	144.15	131.08	153.11	281	commissural	True
97	132.84	125.69	142.75	100.64	123.38	142.54	139.90	138.38	154.76	167	commissural	True
98	133.64	124.52	142.86	99.94	98.61	136.22	140.75	138.21	154.54	267	commissural	True
99	133.12	125.48	143.00	123.25	111.03	131.13	139.30	135.44	148.02	156	commissural	True
100	131.32	125.21	143.07	128.38	88.09	140.72	142.14	126.98	159.45	127	commissural	True
101	133.10	125.14	143.16	132.68	124.00	142.91	133.43	125.67	143.56	18	david	False
102	132.69	125.19	143.30	125.87	103.53	135.24	142.34	130.85	151.20	146	commissural	True
103	132.36	124.86	143.37	126.89	113.85	137.69	150.80	128.94	146.20	132	commissural	True
104	132.42	125.49	143.45	110.54	88.89	137.81	140.26	136.51	154.29	184	commissural	True
105	132.54	125.27	143.55	131.99	111.77	137.15	138.97	126.83	145.15	96	commissural	True
106	132.13	124.21	143.66	130.26	116.71	112.71	140.51	125.11	143.76	137	commissural	True
107	148.78	91.64	143.75	133.54	81.14	143.75	148.79	91.64	146.21	62	commissural	False
108	142.91	92.09	143.75	133.61	79.12	143.75	146.34	92.09	149.78	131	commissural	False
109	145.19	94.96	143.75	134.31	94.96	143.75	145.19	124.07	152.66	205	commissural	False
110	141.77	95.79	143.75	141.73	95.79	143.75	142.66	104.61	149.74	37	commissural	False
111	147.43	97.66	143.75	103.52	97.66	143.75	148.04	126.36	217.73	661	commissural	False
112	138.72	98.70	143.80	131.01	98.70	143.80	138.72	113.18	154.92	130	commissural	False
113	132.31	123.61	143.94	113.83	115.82	122.29	140.05	152.95	158.04	371	commissural	True
114	132.58	123.69	144.01	123.76	113.86	125.51	148.11	148.78	150.68	265	commissural	True
115	132.45	123.99	144.04	122.64	119.60	129.82	137.21	147.07	146.27	139	commissural	True
116	132.86	123.85	144.14	132.58	123.21	141.47	134.89	125.42	144.29	27	david	False
117	151.48	96.53	144.22	123.47	96.53	144.22	151.48	103.29	173.29	334	commissural	False
118	104.59	135.66	144.22	104.59	115.29	144.22	127.16	137.20	178.09	167	david	False
119	131.25	122.62	144.26	118.67	114.79	110.71	150.02	138.26	145.71	258	commissural	True
120	132.10	122.49	144.86	124.78	114.25	133.51	147.74	142.71	145.91	134	commissural	True
121	132.12	123.26	145.36	125.92	121.61	107.85	134.49	134.90	147.20	189	commissural	True
122	130.93	124.06	145.38	117.57	122.10	131.72	131.95	139.02	146.33	143	commissural	False
123	131.95	122.75	145.51	124.97	122.53	142.06	133.85	142.28	146.32	80	commissural	True
124	132.16	122.89	145.66	130.11	114.08	140.91	150.92	129.34	146.86	106	david	True
125	132.19	122.73	145.91	121.62	122.19	135.37	136.46	148.18	163.02	169	commissural	True
126	131.78	121.76	146.06	118.12	107.53	132.48	133.34	137.10	152.73	167	commissural	True
127	131.74	123.14	146.06	100.17	104.14	136.59	142.35	136.24	156.25	218	commissural	True
128	147.38	93.65	146.20	136.08	93.65	143.74	147.55	109.92	150.82	91	commissural	False
129	144.09	96.43	146.20	137.09	95.41	139.98	144.11	111.23	150.82	207	commissural	False
130	147.01	98.36	146.44	109.76	90.45	146.44	147.01	121.05	231.24	487	commissural	False
131	129.73	122.98	146.66	112.96	115.41	83.10	158.42	152.48	155.92	718	commissural	True
132	129.34	122.51	146.81	128.49	119.62	99.41	146.19	129.92	151.18	220	commissural	False
133	130.07	121.81	146.84	126.27	115.06	146.54	131.22	122.65	150.04	42	commissural	True
134	129.99	122.14	146.89	127.65	108.97	146.27	149.06	131.28	147.92	112	commissural	True
135	130.29	122.25	146.89	129.88	109.00	143.97	148.51	127.44	148.98	132	commissural	True
136	130.34	122.46	147.09	121.71	118.06	146.30	137.92	141.50	148.76	109	commissural	True
137	130.76	122.40	147.34	124.03	119.45	141.31	136.86	137.01	151.52	128	commissural	True
138	129.93	122.54	147.41	124.45	97.72	111.20	146.79	150.28	148.05	359	commissural	True
139	130.67	122.17	147.44	120.76	114.71	141.44	144.04	141.60	151.20	181	commissural	True
140	105.40	139.77	147.47	105.21	132.21	134.66	121.85	140.36	153.64	61	david	False
141	128.23	121.53	147.81	116.76	93.23	146.79	147.60	129.83	159.55	310	commissural	True
142	133.10	111.78	147.86	90.61	49.94	81.26	153.16	158.26	234.18	1669	david	False
143	129.09	121.25	148.15	116.97	96.16	105.66	133.11	150.56	199.45	593	commissural	True
144	129.02	122.66	148.20	129.02	84.53	148.20	140.19	122.66	155.50	200	david	True
145	129.19	122.45	148.29	118.45	71.49	138.71	158.83	130.20	167.91	526	commissural	True
146	129.12	121.60	148.34	90.61	49.94	81.26	153.16	158.26	234.18	1971	david	True
147	128.83	121.72	148.52	111.84	104.35	141.33	135.83	134.55	222.20	590	david	True
148	141.18	98.25	148.60	133.92	98.25	142.71	141.18	110.71	149.62	163	commissural	False
149	129.09	122.02	148.76	110.98	97.01	139.84	139.26	137.15	157.46	486	commissural	True
150	128.76	122.03	148.76	121.23	101.14	110.94	155.72	127.76	151.26	539	commissural	True
151	128.48	122.02	148.77	107.10	110.05	139.00	140.19	140.82	153.07	219	commissural	True
152	129.13	122.33	148.81	113.25	79.60	136.10	214.44	128.22	180.88	955	david	True
153	128.48	121.77	148.85	108.33	116.85	100.68	145.13	149.96	164.46	339	commissural	True
154	128.87	122.54	148.92	113.38	79.12	137.48	138.92	129.99	182.92	415	commissural	True
155	129.21	121.47	148.94	89.96	101.07	137.89	135.86	154.26	162.87	537	commissural	True
156	129.49	121.82	149.16	114.22	116.47	143.48	139.21	129.10	151.61	154	commissural	True
157	129.12	122.08	149.21	124.35	106.01	136.40	136.65	128.80	153.19	143	commissural	True
158	129.46	122.25	149.21	91.49	109.03	148.86	135.82	153.55	168.00	340	commissural	True
159	129.41	119.41	149.32	114.53	103.75	149.12	129.41	120.37	159.62	95	david	False
160	129.29	121.81	149.46	115.20	110.21	139.89	136.62	128.12	214.25	402	commissural	True
161	128.91	120.60	149.51	116.96	70.70	140.61	187.35	125.60	176.34	1071	commissural	True
162	129.10	120.38	149.56	113.67	103.75	149.12	129.53	120.60	159.62	103	david	True
163	128.94	120.74	149.81	118.32	106.90	75.04	139.51	158.11	156.11	581	commissural	True
164	116.16	146.38	149.88	113.80	134.16	146.42	116.59	146.38	149.88	32	commissural	False
165	138.66	117.26	150.16	113.25	79.60	136.10	214.44	125.18	180.88	682	david	False
166	128.72	121.28	150.16	119.30	98.18	132.35	129.06	122.60	150.66	109	commissural	False
167	129.28	119.93	150.21	125.49	99.25	139.17	131.26	123.69	152.85	164	commissural	True
168	139.49	93.87	151.01	119.78	79.60	136.10	215.25	127.15	163.30	864	commissural	True
169	125.80	125.37	151.84	119.63	119.33	93.99	138.32	141.91	163.46	197	commissural	False
170	127.76	119.69	151.93	114.53	115.34	88.56	157.94	126.73	156.79	441	commissural	True
171	125.59	117.89	152.33	106.01	105.22	97.55	164.23	131.02	204.60	738	commissural	True
172	125.86	118.46	152.33	121.05	107.58	110.74	155.35	148.28	155.38	381	commissural	True
173	125.69	118.17	152.38	115.45	90.16	95.92	136.55	156.84	220.25	1048	commissural	True
174	125.83	118.69	152.43	125.35	97.83	99.34	152.57	137.30	152.69	517	commissural	True
175	126.39	118.82	152.53	103.59	118.73	132.95	133.00	151.73	157.78	539	commissural	True
176	125.39	117.48	152.83	114.54	102.20	148.29	133.82	122.80	202.44	598	commissural	True
177	106.54	116.80	152.85	106.54	116.79	152.85	125.89	126.83	157.72	49	david	False
178	105.66	111.14	152.95	105.65	111.14	152.95	123.14	124.33	158.45	44	david	False
179	124.23	117.65	154.15	123.48	111.43	78.86	133.96	154.33	155.33	528	commissural	True
180	123.66	116.58	154.43	102.90	110.02	96.24	165.94	123.29	158.73	571	david	True
181	125.07	116.51	154.61	123.93	93.89	149.29	137.62	126.65	159.52	171	commissural	True
182	124.78	116.14	154.86	111.22	114.69	106.29	141.93	142.55	165.22	331	commissural	True
183	124.63	117.61	154.93	107.35	71.35	141.46	214.15	126.55	180.65	874	commissural	True
184	124.39	117.27	155.10	120.18	97.37	150.12	145.84	126.53	163.74	131	commissural	True
185	125.48	116.44	155.13	120.29	96.40	129.79	139.45	135.54	159.82	304	david	True
186	124.87	116.53	155.13	118.09	100.08	151.31	140.70	131.47	161.55	180	commissural	True
187	124.35	117.59	155.15	115.19	110.32	133.86	134.41	131.16	185.38	462	commissural	True
188	123.95	116.86	155.20	106.90	104.93	105.07	149.07	123.26	163.54	514	commissural	True
189	124.13	116.99	155.20	111.38	105.88	150.54	134.94	131.95	171.83	323	commissural	True
190	124.64	116.39	155.21	109.76	112.53	144.62	139.83	124.00	160.18	230	commissural	True
191	104.31	114.31	155.60	104.31	112.07	155.60	122.22	121.58	180.04	105	david	False
192	124.12	117.64	155.78	115.86	95.76	150.94	136.56	137.08	160.58	259	commissural	True
193	123.23	116.49	155.85	121.12	113.63	94.48	138.35	140.74	157.06	285	commissural	False
194	124.43	117.82	155.88	118.79	108.99	109.36	133.32	132.32	157.48	439	commissural	True
195	125.36	132.11	155.94	111.84	108.82	108.00	139.74	146.39	222.20	701	commissural	False
196	124.34	116.62	156.13	114.03	108.26	148.78	130.65	120.20	197.57	379	commissural	True
197	125.10	117.15	156.26	109.78	110.80	141.09	140.05	124.76	160.06	239	commissural	True
198	125.23	115.22	156.61	121.37	109.00	151.52	129.65	117.54	157.06	72	commissural	True
199	125.15	117.08	156.63	122.69	97.51	154.19	132.19	120.28	159.76	170	commissural	True
200	125.52	114.84	156.76	108.73	108.78	143.68	142.65	118.24	157.06	185	commissural	True
201	122.93	115.17	157.46	117.98	110.61	101.78	154.78	126.28	158.16	492	commissural	True
202	123.07	115.42	157.56	102.30	110.20	103.30	160.21	137.10	166.06	525	commissural	True
203	120.29	106.72	157.62	119.12	70.33	150.23	167.45	113.21	161.38	315	commissural	False
204	109.94	104.76	157.67	109.62	104.76	157.67	123.12	114.65	163.67	43	commissural	False
205	122.42	115.78	157.81	102.33	106.30	141.52	130.36	128.09	179.71	280	commissural	True
206	123.36	115.83	157.83	121.83	113.83	148.94	131.24	130.81	158.20	167	commissural	True
207	123.39	116.11	157.86	111.24	108.22	145.71	137.47	122.84	166.83	226	commissural	True
208	123.66	116.36	158.06	119.01	92.13	157.37	144.59	123.79	167.00	165	commissural	True
209	123.00	116.76	158.23	101.20	105.04	146.22	139.73	126.71	162.14	237	commissural	True
210	133.28	102.86	158.61	118.04	49.94	158.61	153.16	103.87	234.18	776	david	False
211	122.70	116.15	158.88	120.20	103.35	108.61	134.36	151.03	161.59	562	david	True
212	212.72	121.54	158.96	200.49	107.54	143.87	214.44	125.18	180.95	357	commissural	True
213	122.73	116.24	159.13	104.52	107.34	140.64	137.10	126.19	213.36	451	commissural	True
214	122.08	116.28	159.73	117.66	105.18	152.61	144.94	132.71	160.41	203	david	True
215	122.10	115.61	159.78	115.28	107.78	145.11	144.97	142.84	164.44	406	commissural	True
216	123.43	114.55	160.46	108.42	73.30	149.49	150.13	128.79	160.51	450	commissural	True
217	130.85	91.57	160.65	129.36	89.49	158.12	137.91	102.35	170.95	40	commissural	False
218	122.30	115.16	160.88	85.77	109.66	111.15	142.48	132.58	192.40	702	commissural	True
219	122.87	114.38	161.18	118.14	101.86	107.64	148.50	144.48	166.82	548	david	True
220	155.90	71.83	161.39	147.90	70.35	150.97	193.70	84.26	176.49	348	commissural	False
221	105.02	128.92	163.53	105.02	123.84	104.26	131.81	144.97	164.78	177	commissural	False
222	109.21	128.98	163.53	109.21	122.14	161.34	120.12	131.38	168.52	88	commissural	False
223	130.21	102.68	164.89	118.04	49.94	164.89	153.16	102.76	234.18	703	commissural	False
224	119.76	113.42	166.05	105.82	107.91	117.44	151.16	130.08	215.85	710	david	True
225	120.04	113.89	166.09	117.36	80.37	151.39	128.55	124.73	177.67	354	commissural	True
226	120.49	112.53	166.15	110.34	102.42	152.64	129.40	121.78	218.16	352	commissural	True
227	120.49	111.44	166.47	111.30	87.16	164.03	145.50	112.83	223.88	315	david	True
228	107.15	132.82	166.58	101.87	127.84	165.35	109.82	132.83	166.58	12	commissural	False
229	118.45	113.71	166.76	113.94	93.89	104.50	134.87	151.76	174.61	553	commissural	True
230	120.71	113.18	166.82	101.40	99.70	155.58	129.46	128.34	172.43	327	commissural	True
231	122.36	111.34	166.88	106.29	106.62	149.33	137.13	131.61	167.85	326	commissural	True
232	122.15	112.09	166.97	109.80	75.87	158.59	136.23	146.32	178.85	683	commissural	True
233	131.75	89.52	167.00	130.41	88.74	166.75	137.28	90.76	168.65	29	commissural	False
234	122.20	111.75	167.04	100.59	101.30	165.36	132.79	123.04	171.57	318	david	True
235	123.18	110.71	167.08	115.16	95.46	162.17	128.34	124.90	171.37	242	commissural	True
236	131.48	89.06	167.13	126.86	87.27	164.00	138.34	110.08	175.90	160	commissural	False
237	121.34	113.61	167.14	119.97	97.23	144.78	135.34	114.26	168.51	219	commissural	True
238	131.72	89.14	167.22	103.14	85.78	166.27	147.83	122.93	185.34	363	david	False
239	122.05	113.45	167.52	118.79	109.35	153.08	127.59	118.43	188.25	135	commissural	True
240	121.74	113.38	167.53	105.92	76.53	160.45	135.19	132.52	175.60	339	david	True
241	121.33	113.17	167.68	112.34	89.88	160.05	131.80	128.64	169.45	381	commissural	True
242	121.39	110.64	168.47	93.62	94.84	165.85	126.91	125.87	195.24	386	commissural	True
243	121.20	111.52	168.52	104.69	101.22	105.74	160.38	125.29	175.72	548	commissural	True
244	121.17	110.59	168.73	101.25	75.61	149.65	149.92	121.45	173.19	358	commissural	True
245	120.50	111.88	168.78	107.52	96.92	164.47	127.31	126.12	209.18	703	david	True
246	121.15	112.03	168.82	109.97	100.72	112.34	144.13	143.82	173.85	526	commissural	True
247	121.86	111.64	168.93	100.59	96.00	99.72	164.26	127.31	173.30	687	commissural	True
248	120.34	112.07	168.97	113.20	93.99	153.49	142.35	130.14	171.21	301	commissural	True
249	119.95	112.06	169.03	104.79	102.70	100.60	156.56	121.29	178.59	706	commissural	True
250	120.83	111.56	169.23	113.12	96.88	87.66	134.22	154.13	169.98	610	commissural	True
251	119.67	112.54	169.28	96.90	104.47	165.90	132.27	121.93	174.99	234	commissural	True
252	121.28	112.01	169.32	91.88	109.84	142.98	123.99	149.86	204.39	627	david	True
253	119.58	111.77	169.38	89.85	94.66	104.81	128.76	157.80	170.32	884	commissural	True
254	119.88	112.55	169.57	113.51	96.74	56.48	142.52	176.71	170.12	594	commissural	True
255	108.38	143.86	169.66	108.38	115.69	155.30	126.94	143.86	169.66	80	commissural	False
256	120.13	113.14	169.70	105.26	97.79	167.76	126.97	122.78	190.34	275	commissural	True
257	120.90	111.47	169.72	100.41	106.27	109.60	154.94	125.00	187.08	411	commissural	True
258	106.18	138.16	169.75	106.13	121.03	145.88	129.53	138.16	170.07	103	commissural	False
259	120.86	111.78	169.88	120.86	85.89	166.25	148.00	111.78	175.50	216	commissural	True
260	126.28	103.89	171.81	111.92	96.92	164.47	127.31	103.89	178.42	155	david	False
261	125.27	102.85	173.54	103.14	102.58	173.54	125.27	122.93	185.34	199	commissural	False
262	117.50	111.59	179.51	114.92	97.16	165.05	126.42	113.77	180.61	156	commissural	False
263	116.84	111.55	179.56	89.30	93.72	173.96	127.58	157.27	195.88	252	commissural	False
264	116.93	112.27	179.66	89.44	97.13	164.41	126.43	170.95	184.26	453	commissural	False
265	118.43	110.60	179.74	104.15	76.20	173.59	140.55	117.77	181.51	298	commissural	False
266	112.01	96.36	180.20	112.01	69.93	180.20	127.02	105.02	227.93	435	commissural	False
267	101.88	108.18	181.88	101.88	108.18	180.72	116.08	118.73	186.15	119	commissural	False
268	117.65	111.12	182.21	98.34	97.37	182.14	126.50	120.46	187.76	210	commissural	False
269	108.97	115.69	184.21	91.88	111.66	142.98	123.81	149.86	211.47	468	commissural	False
270	118.19	109.30	184.24	111.93	100.57	103.26	137.08	141.57	220.99	583	commissural	False
271	116.88	110.22	197.20	112.44	104.70	197.20	116.88	110.30	218.20	130	commissural	False
272	119.68	106.14	199.45	109.84	84.37	163.52	123.63	122.71	200.48	292	david	False
273	90.87	105.85	201.10	90.87	105.85	201.10	117.21	118.29	206.90	49	david	False
274	101.78	83.21	205.55	101.78	83.21	205.55	119.97	99.14	210.80	44	david	False
275	89.40	98.59	206.28	89.40	92.11	205.60	105.24	103.01	212.50	17	david	False
276	96.53	94.94	207.51	96.53	94.94	207.51	115.54	104.69	214.49	26	david	False
277	97.03	94.75	208.03	97.03	77.77	157.78	128.11	105.52	208.03	109	david	False
278	100.31	82.00	208.43	98.75	78.80	205.00	105.42	85.97	211.15	22	david	False
279	104.39	80.23	209.90	104.39	80.23	209.90	123.18	104.84	214.71	64	david	False
280	91.03	96.91	211.20	87.24	77.77	157.78	128.11	105.52	216.53	124	david	False
281	108.52	78.39	238.50	102.86	78.39	231.07	111.93	96.66	239.21	52	david	False
282	115.13	78.00	241.22	103.35	78.00	228.37	115.13	100.18	241.22	56	david	False
283	111.76	73.96	241.35	111.76	73.96	241.35	117.91	81.54	241.35	13	david	False
284	96.23	95.14	243.12	96.23	88.23	236.13	108.29	95.14	243.12	28	david	False
