label_id	aka	neuron_type	comment	overlaps_existing	overlap_with	source_file	first_node_zyx_nm	n_nodes	nmx_in_traces	nmx_in_data	cell_group_dir	min_dist_nucleus_um	closest_nucleus_id	in_platybrowser
1	6.002	non-commissural: big-chain extra cell	non-commissural: big-chain extra cell	False		david_Common_PyKnossos_Tracing_Nk6_all_Nk6.033.nmx	32625|182051|183594	199	david/Common/PyKnossos/Tracing/Nk6_all/Nk6.033.nmx	data/Projects/Common/PyKnossos/Tracing/Nk6_all/Nk6.033.nmx	david	25.72	282	False
2	9.002	non-commissural: big-chain extra cell	non-commissural: big-chain extra cell	False		commissural_all_comm_sec_seg.nmx	33975|160039|199496	1211	commissural/all/comm_sec_seg.nmx	data/data_Tracing/commissural/all/comm_sec_seg.nmx	commissural	3.50	7460	False
3	1.0	non-commissural: training/test	non-commissural: training/test	False		david_1_Commissures_Tracing_old versions and back-ups_TestTracings_E025_Platy1607_prim20180315_seed0001.401.nmx	34000|159690|199630	46493	david/1_Commissures/Tracing/old versions and back-ups/TestTracings/E025_Platy1607_prim20180315_seed0001.401.nmx	data/Projects/1_Commissures/Tracing/old versions and back-ups/TestTracings/E025_Platy1607_prim20180315_seed0001.401.nmx	david	0.13	6096	False
4	7.002	non-commissural: big-chain extra cell	non-commissural: big-chain extra cell	False		commissural_all_comm_sec_seg.nmx	34075.6|165960|194238	181	commissural/all/comm_sec_seg.nmx	data/data_Tracing/commissural/all/comm_sec_seg.nmx	commissural	32.17	9368	False
5	14.002	non-commissural: big-chain extra cell	non-commissural: big-chain extra cell	False		commissural_all_comm_sec_seg.nmx	34800|167637|202079	466	commissural/all/comm_sec_seg.nmx	data/data_Tracing/commissural/all/comm_sec_seg.nmx	commissural	25.73	282	False
6	10.002	non-commissural: Hb9 motoneuron / 2_Motoneurons	non-commissural: Hb9 motoneuron / 2_Motoneurons	False		commissural_all_comm_sec_seg.nmx	35425|167223|197086	525	commissural/all/comm_sec_seg.nmx	data/data_Tracing/commissural/all/comm_sec_seg.nmx	commissural	3.28	8236	False
7	13.002	non-commissural: big-chain extra cell	non-commissural: big-chain extra cell	False		commissural_all_comm_sec_seg.nmx	35725|159707|204937	277	commissural/all/comm_sec_seg.nmx	data/data_Tracing/commissural/all/comm_sec_seg.nmx	commissural	36.64	10710	False
8	11.002	non-commissural: big-chain extra cell	non-commissural: big-chain extra cell	False		commissural_all_comm_sec_seg.nmx	36150|161253|190524	105	commissural/all/comm_sec_seg.nmx	data/data_Tracing/commissural/all/comm_sec_seg.nmx	commissural	36.20	9023	False
9	10.002	non-commissural: big-chain extra cell	non-commissural: big-chain extra cell	False		david_Common_PyKnossos_Tracing_Nk6_all_Nk6.119.nmx	36750|163221|198193	23	david/Common/PyKnossos/Tracing/Nk6_all/Nk6.119.nmx	data/Projects/Common/PyKnossos/Tracing/Nk6_all/Nk6.119.nmx	david	44.15	10710	False
10	15.002	non-commissural: big-chain extra cell	non-commissural: big-chain extra cell	False		commissural_all_comm_sec_seg.nmx	37046.4|158494|212092	944	commissural/all/comm_sec_seg.nmx	data/data_Tracing/commissural/all/comm_sec_seg.nmx	commissural	4.35	8922	False
11	12.002	non-commissural: big-chain extra cell	non-commissural: big-chain extra cell	False		commissural_all_comm_sec_seg.nmx	37850|160394|193289	124	commissural/all/comm_sec_seg.nmx	data/data_Tracing/commissural/all/comm_sec_seg.nmx	commissural	35.57	9023	False
12	5.002	non-commissural: Hb9 motoneuron / 2_Motoneurons	non-commissural: Hb9 motoneuron / 2_Motoneurons	False		commissural_all_comm_sec_seg.nmx	38050|159426|197658	65	commissural/all/comm_sec_seg.nmx	data/data_Tracing/commissural/all/comm_sec_seg.nmx	commissural	33.92	300	False
13	8.002	non-commissural: big-chain extra cell	non-commissural: big-chain extra cell	False		commissural_all_comm_sec_seg.nmx	40225|172355|171428	342	commissural/all/comm_sec_seg.nmx	data/data_Tracing/commissural/all/comm_sec_seg.nmx	commissural	26.99	282	False
14	4.002	non-commissural: Hb9 motoneuron / 2_Motoneurons	non-commissural: Hb9 motoneuron / 2_Motoneurons	False		commissural_all_comm_sec_seg.nmx	40500|160569|199295	149	commissural/all/comm_sec_seg.nmx	data/data_Tracing/commissural/all/comm_sec_seg.nmx	commissural	33.13	10240	False
15	17.001	non-commissural: Hb9 motoneuron / 2_Motoneurons	non-commissural: Hb9 motoneuron / 2_Motoneurons	False		commissural_all_comm_sec_seg.nmx	40975|155997|200540	135	commissural/all/comm_sec_seg.nmx	data/data_Tracing/commissural/all/comm_sec_seg.nmx	commissural	37.10	10710	False
16	0.01	non-commissural: p0 / V0 class	non-commissural: p0 / V0 class	False		david_1_Commissures_Tracing_biased_old_p0v0_all.nmx	81675|144001|128439	252	david/1_Commissures/Tracing/biased/old/p0v0_all.nmx	data/Projects/1_Commissures/Tracing/biased/old/p0v0_all.nmx	david	1.56	7105	False
17	0.021	non-commissural: p0 / V0 class	non-commissural: p0 / V0 class	False		david_1_Commissures_Tracing_biased_p0_p0_commissural.008.nmx	81675|144733|132586	160	david/1_Commissures/Tracing/biased/p0/p0_commissural.008.nmx	data/Projects/1_Commissures/Tracing/biased/p0/p0_commissural.008.nmx	david	1.19	7683	False
18	0.03	non-commissural: p0 / V0 class	non-commissural: p0 / V0 class	False		david_1_Commissures_Tracing_biased_p0_p0_commissural.008.nmx	81675|148949|129246	390	david/1_Commissures/Tracing/biased/p0/p0_commissural.008.nmx	data/Projects/1_Commissures/Tracing/biased/p0/p0_commissural.008.nmx	david	0.40	7492	False
19	0.06	non-commissural: p0 / V0 class	non-commissural: p0 / V0 class	False		david_1_Commissures_Tracing_biased_old_p0v0_all.nmx	84300|147561|132548	30	david/1_Commissures/Tracing/biased/old/p0v0_all.nmx	data/Projects/1_Commissures/Tracing/biased/old/p0v0_all.nmx	david	6.08	7491	False
20	1.004	non-commissural: big-chain extra cell	non-commissural: big-chain extra cell	False		commissural_all_comm_sec_seg.nmx	84775|119004|142764	123	commissural/all/comm_sec_seg.nmx	data/data_Tracing/commissural/all/comm_sec_seg.nmx	commissural	1.53	8236	False
21	0.05	non-commissural: p0 / V0 class	non-commissural: p0 / V0 class	False		david_1_Commissures_Tracing_biased_old_p0v0_all.nmx	84900|150642|129023	305	david/1_Commissures/Tracing/biased/old/p0v0_all.nmx	data/Projects/1_Commissures/Tracing/biased/old/p0v0_all.nmx	david	0.08	7098	False
22	0.04	non-commissural: p0 / V0 class	non-commissural: p0 / V0 class	False		david_1_Commissures_Tracing_biased_old_p0v0_all.nmx	85000|119574|152339	155	david/1_Commissures/Tracing/biased/old/p0v0_all.nmx	data/Projects/1_Commissures/Tracing/biased/old/p0v0_all.nmx	david	0.89	8191	False
23	0.07	non-commissural: p0 / V0 class	non-commissural: p0 / V0 class	False		david_1_Commissures_Tracing_biased_old_p0v0_all.nmx	87525|114721|155514	248	david/1_Commissures/Tracing/biased/old/p0v0_all.nmx	data/Projects/1_Commissures/Tracing/biased/old/p0v0_all.nmx	david	0.73	7433	False
24	0.09	DP-only: Mouse tracings	DP-only: Mouse tracings	False		mouse_Mouse_mouse.031.nmx	88275|122597|153213	53	mouse/Mouse/mouse.031.nmx	data/data_Tracing/mouse/Mouse/mouse.031.nmx	mouse	0.72	7897	False
25	0.17	non-commissural: p0 / V0 class	non-commissural: p0 / V0 class	False		david_1_Commissures_Tracing_biased_old_p0v0_all.nmx	88800|117158|155141	66	david/1_Commissures/Tracing/biased/old/p0v0_all.nmx	data/Projects/1_Commissures/Tracing/biased/old/p0v0_all.nmx	david	4.08	8236	False
26	0.09	non-commissural: p0 / V0 class	non-commissural: p0 / V0 class	False		david_1_Commissures_Tracing_biased_old_p0v0_all.nmx	88980.3|122645|153209	253	david/1_Commissures/Tracing/biased/old/p0v0_all.nmx	data/Projects/1_Commissures/Tracing/biased/old/p0v0_all.nmx	david	0.92	7897	False
27	0.08	non-commissural: p0 / V0 class	may be a continuation of PlatyBrowser trace(s) 35	True	35	david_1_Commissures_Tracing_biased_old_p0v0_all.nmx	89225|115052|150492	229	david/1_Commissures/Tracing/biased/old/p0v0_all.nmx	data/Projects/1_Commissures/Tracing/biased/old/p0v0_all.nmx	david	0.65	7436	False
28	0.11	non-commissural: p0 / V0 class	non-commissural: p0 / V0 class	False		mouse_Mouse_mouse.044.nmx	90925|154124|127124	11	mouse/Mouse/mouse.044.nmx	data/data_Tracing/mouse/Mouse/mouse.044.nmx	mouse	6.68	213	False
29	0.1	non-commissural: p0 / V0 class	non-commissural: p0 / V0 class	False		david_1_Commissures_Tracing_biased_old_p0v0_all.nmx	91675|118160|154130	102	david/1_Commissures/Tracing/biased/old/p0v0_all.nmx	data/Projects/1_Commissures/Tracing/biased/old/p0v0_all.nmx	david	1.46	8184	False
30	0.0	non-commissural: Hb9 motoneuron / 2_Motoneurons	non-commissural: Hb9 motoneuron / 2_Motoneurons	False		david_2_Motoneurons_Tracing_Hb9_Hb9_tracing.009.nmx	95425|133328|133148	139	david/2_Motoneurons/Tracing/Hb9/Hb9_tracing.009.nmx	data/Projects/2_Motoneurons/Tracing/Hb9/Hb9_tracing.009.nmx	david	2.92	7492	False
31	15.001	non-commissural: Hb9 motoneuron / 2_Motoneurons	non-commissural: Hb9 motoneuron / 2_Motoneurons	False		commissural_all_comm_sec_seg.nmx	95425|133512|133483	469	commissural/all/comm_sec_seg.nmx	data/data_Tracing/commissural/all/comm_sec_seg.nmx	commissural	0.53	7642	False
32	1.0	non-commissural: big-chain extra cell	non-commissural: big-chain extra cell	False		david_1_Commissures_Tracing_old versions and back-ups_Commissures tracing_old_commissral_interneuron_1.070.nmx	99050|130496|138684	907	david/1_Commissures/Tracing/old versions and back-ups/Commissures tracing_old/commissral_interneuron_1.070.nmx	data/Projects/1_Commissures/Tracing/old versions and back-ups/Commissures tracing_old/commissral_interneuron_1.070.nmx	david	1.29	7680	False
33	10.1	non-commissural: big-chain extra cell	non-commissural: big-chain extra cell	False		commissural_all_comm_sec_seg.nmx	99200|131491|138048	426	commissural/all/comm_sec_seg.nmx	data/data_Tracing/commissural/all/comm_sec_seg.nmx	commissural	0.61	7300	False
34	12.1	non-commissural: big-chain extra cell	non-commissural: big-chain extra cell	False		commissural_all_comm_sec_seg.nmx	99450|131389|138396	360	commissural/all/comm_sec_seg.nmx	data/data_Tracing/commissural/all/comm_sec_seg.nmx	commissural	1.61	8240	False
35	0.13	non-commissural: p0 / V0 class	non-commissural: p0 / V0 class	False		david_1_Commissures_Tracing_biased_old_p0v0_all.nmx	99550|111411|150233	181	david/1_Commissures/Tracing/biased/old/p0v0_all.nmx	data/Projects/1_Commissures/Tracing/biased/old/p0v0_all.nmx	david	1.12	7263	False
36	11.1	non-commissural: big-chain extra cell	non-commissural: big-chain extra cell	False		commissural_all_comm_sec_seg.nmx	99550|131226|138323	650	commissural/all/comm_sec_seg.nmx	data/data_Tracing/commissural/all/comm_sec_seg.nmx	commissural	0.38	8463	False
37	13.1	non-commissural: big-chain extra cell	non-commissural: big-chain extra cell	False		commissural_all_comm_sec_seg.nmx	99550|131531|138489	425	commissural/all/comm_sec_seg.nmx	data/data_Tracing/commissural/all/comm_sec_seg.nmx	commissural	1.16	8184	False
38	14.1	non-commissural: big-chain extra cell	non-commissural: big-chain extra cell	False		commissural_all_comm_sec_seg.nmx	100025|131649|138015	241	commissural/all/comm_sec_seg.nmx	data/data_Tracing/commissural/all/comm_sec_seg.nmx	commissural	1.81	7680	False
39	15	non-commissural: big-chain extra cell	non-commissural: big-chain extra cell	False		david_1_Commissures_Tracing_old versions and back-ups_Commissures tracing_old_commissral_interneuron_1.126.nmx	100025|132194|138227	542	david/1_Commissures/Tracing/old versions and back-ups/Commissures tracing_old/commissral_interneuron_1.126.nmx	data/Projects/1_Commissures/Tracing/old versions and back-ups/Commissures tracing_old/commissral_interneuron_1.126.nmx	david	1.00	8238	False
40	17.1	non-commissural: big-chain extra cell	non-commissural: big-chain extra cell	False		commissural_all_comm_sec_seg.nmx	101028|131305|138705	582	commissural/all/comm_sec_seg.nmx	data/data_Tracing/commissural/all/comm_sec_seg.nmx	commissural	0.31	8238	False
41	16.1	non-commissural: big-chain extra cell	non-commissural: big-chain extra cell	False		commissural_all_comm_sec_seg.nmx	101028|131821|138503	254	commissural/all/comm_sec_seg.nmx	data/data_Tracing/commissural/all/comm_sec_seg.nmx	commissural	1.39	8184	False
42	15.1	non-commissural: big-chain extra cell	non-commissural: big-chain extra cell	False		commissural_all_comm_sec_seg.nmx	101077|134689|138204	468	commissural/all/comm_sec_seg.nmx	data/data_Tracing/commissural/all/comm_sec_seg.nmx	commissural	1.00	8238	False
43	18.0	non-commissural: big-chain extra cell	non-commissural: big-chain extra cell	False		david_1_Commissures_Tracing_old versions and back-ups_Commissures tracing_old_commissral_interneuron_1.168.nmx	101078|131110|138356	769	david/1_Commissures/Tracing/old versions and back-ups/Commissures tracing_old/commissral_interneuron_1.168.nmx	data/Projects/1_Commissures/Tracing/old versions and back-ups/Commissures tracing_old/commissral_interneuron_1.168.nmx	david	1.21	7422	False
44	19.1	non-commissural: big-chain extra cell	non-commissural: big-chain extra cell	False		commissural_all_comm_sec_seg.nmx	101478|131354|138112	790	commissural/all/comm_sec_seg.nmx	data/data_Tracing/commissural/all/comm_sec_seg.nmx	commissural	1.46	7680	False
45	20.1	non-commissural: big-chain extra cell	non-commissural: big-chain extra cell	False		commissural_all_comm_sec_seg.nmx	102828|132390|138758	390	commissural/all/comm_sec_seg.nmx	data/data_Tracing/commissural/all/comm_sec_seg.nmx	commissural	0.54	7492	False
46	0.14	non-commissural: p0 / V0 class	non-commissural: p0 / V0 class	False		david_1_Commissures_Tracing_biased_old_p0v0_all.nmx	108750|105033|144873	167	david/1_Commissures/Tracing/biased/old/p0v0_all.nmx	data/Projects/1_Commissures/Tracing/biased/old/p0v0_all.nmx	david	0.88	7425	False
47	2.1	non-commissural: big-chain extra cell	non-commissural: big-chain extra cell	False		commissural_all_comm_sec_seg.nmx	131192|130325|133926	414	commissural/all/comm_sec_seg.nmx	data/data_Tracing/commissural/all/comm_sec_seg.nmx	commissural	0.26	7304	False
48	1.2	commissural (finished group)	commissural (finished group)	False		commissural_all_comm_sec_seg.001.nmx	133376|126747|135507	422	commissural/all/comm_sec_seg.001.nmx	data/data_Tracing/commissural/all/comm_sec_seg.001.nmx	commissural	1.19	7657	True
49	164.2	commissural (finished group)	commissural (finished group)	False		commissural_all_comm_sec_seg.001.nmx	133594|127424|135062	195	commissural/all/comm_sec_seg.001.nmx	data/data_Tracing/commissural/all/comm_sec_seg.001.nmx	commissural	0.61	7914	True
50	165.2	commissural (finished group)	commissural (finished group)	False		commissural_all_comm_sec_seg.001.nmx	133694|127021|135040	219	commissural/all/comm_sec_seg.001.nmx	data/data_Tracing/commissural/all/comm_sec_seg.001.nmx	commissural	0.37	7401	True
51	166.2	commissural (finished group)	commissural (finished group)	False		commissural_all_comm_sec_seg.001.nmx	134044|127052|135009	138	commissural/all/comm_sec_seg.001.nmx	data/data_Tracing/commissural/all/comm_sec_seg.001.nmx	commissural	1.22	7656	True
52	167.2	commissural (finished group)	commissural (finished group)	False		commissural_all_comm_sec_seg.001.nmx	134244|127568|135057	90	commissural/all/comm_sec_seg.001.nmx	data/data_Tracing/commissural/all/comm_sec_seg.001.nmx	commissural	2.37	7305	True
53	169.2	commissural (finished group)	commissural (finished group)	False		commissural_all_comm_sec_seg.001.nmx	134494|127462|135057	61	commissural/all/comm_sec_seg.001.nmx	data/data_Tracing/commissural/all/comm_sec_seg.001.nmx	commissural	0.87	7067	True
54	170.2	commissural (finished group)	commissural (finished group)	False		commissural_all_comm_sec_seg.001.nmx	134544|127175|134797	116	commissural/all/comm_sec_seg.001.nmx	data/data_Tracing/commissural/all/comm_sec_seg.001.nmx	commissural	1.75	7271	True
55	168.2	commissural (finished group)	commissural (finished group)	False		commissural_all_comm_sec_seg.001.nmx	134694|127467|135238	80	commissural/all/comm_sec_seg.001.nmx	data/data_Tracing/commissural/all/comm_sec_seg.001.nmx	commissural	2.28	7917	True
56	171.2	commissural (finished group)	commissural (finished group)	False		commissural_all_comm_sec_seg.001.nmx	135294|126337|135662	191	commissural/all/comm_sec_seg.001.nmx	data/data_Tracing/commissural/all/comm_sec_seg.001.nmx	commissural	0.88	6873	True
57	45.2	commissural (finished group)	commissural (finished group)	False		commissural_all_comm_sec_seg.001.nmx	135826|126783|135319	832	commissural/all/comm_sec_seg.001.nmx	data/data_Tracing/commissural/all/comm_sec_seg.001.nmx	commissural	0.31	6870	True
58	172.2	commissural (finished group)	commissural (finished group)	False		david_1_Commissures_Tracing_old versions and back-ups_Remaining_Remaining_comm_.806.nmx	135994|126280|135366	163	david/1_Commissures/Tracing/old versions and back-ups/Remaining/Remaining_comm_.806.nmx	data/Projects/1_Commissures/Tracing/old versions and back-ups/Remaining/Remaining_comm_.806.nmx	david	0.44	6871	True
59	173.2	commissural (finished group)	commissural (finished group)	False		commissural_all_comm_sec_seg.001.nmx	136044|126920|135406	73	commissural/all/comm_sec_seg.001.nmx	data/data_Tracing/commissural/all/comm_sec_seg.001.nmx	commissural	0.08	6870	True
60	175.2	commissural (finished group)	commissural (finished group)	False		david_1_Commissures_Tracing_old versions and back-ups_Remaining_Remaining_comm_.727.nmx	136094|126302|135106	137	david/1_Commissures/Tracing/old versions and back-ups/Remaining/Remaining_comm_.727.nmx	data/Projects/1_Commissures/Tracing/old versions and back-ups/Remaining/Remaining_comm_.727.nmx	david	2.39	7284	True
61	174.2	commissural (finished group)	commissural (finished group)	False		commissural_all_comm_sec_seg.001.nmx	136094|126642|135348	129	commissural/all/comm_sec_seg.001.nmx	data/data_Tracing/commissural/all/comm_sec_seg.001.nmx	commissural	0.85	257	True
62	177.2	commissural (finished group)	commissural (finished group)	False		commissural_all_comm_sec_seg.001.nmx	136294|126673|135600	168	commissural/all/comm_sec_seg.001.nmx	data/data_Tracing/commissural/all/comm_sec_seg.001.nmx	commissural	0.56	6652	True
63	176.2	commissural (finished group)	commissural (finished group)	False		commissural_all_comm_sec_seg.001.nmx	136444|126730|135542	172	commissural/all/comm_sec_seg.001.nmx	data/data_Tracing/commissural/all/comm_sec_seg.001.nmx	commissural	0.23	6873	True
64	179.2	commissural (finished group)	commissural (finished group)	False		commissural_all_comm_sec_seg.001.nmx	136994|126172|135508	139	commissural/all/comm_sec_seg.001.nmx	data/data_Tracing/commissural/all/comm_sec_seg.001.nmx	commissural	0.37	6873	True
65	180.2	commissural (finished group)	commissural (finished group)	False		commissural_all_comm_sec_seg.001.nmx	137194|126569|135846	182	commissural/all/comm_sec_seg.001.nmx	data/data_Tracing/commissural/all/comm_sec_seg.001.nmx	commissural	0.48	6873	True
66	178.2	commissural (finished group)	commissural (finished group)	False		commissural_all_comm_sec_seg.001.nmx	137294|126236|135366	107	commissural/all/comm_sec_seg.001.nmx	data/data_Tracing/commissural/all/comm_sec_seg.001.nmx	commissural	1.27	6873	True
67	181.2	commissural (finished group)	commissural (finished group)	False		commissural_all_comm_sec_seg.001.nmx	139044|124927|135391	112	commissural/all/comm_sec_seg.001.nmx	data/data_Tracing/commissural/all/comm_sec_seg.001.nmx	commissural	1.82	6875	True
68	160.2	commissural (finished group)	commissural (finished group)	False		commissural_all_comm_sec_seg.001.nmx	140619|127562|132406	77	commissural/all/comm_sec_seg.001.nmx	data/data_Tracing/commissural/all/comm_sec_seg.001.nmx	commissural	0.87	6875	True
69	159.2	commissural (finished group)	commissural (finished group)	False		commissural_all_comm_sec_seg.001.nmx	140694|125845|132818	138	commissural/all/comm_sec_seg.001.nmx	data/data_Tracing/commissural/all/comm_sec_seg.001.nmx	commissural	1.42	6872	True
70	182.2	commissural (finished group)	commissural (finished group)	False		commissural_all_comm_sec_seg.001.nmx	140744|125765|134601	54	commissural/all/comm_sec_seg.001.nmx	data/data_Tracing/commissural/all/comm_sec_seg.001.nmx	commissural	1.65	6875	True
71	183.2	commissural (finished group)	commissural (finished group)	False		david_1_Commissures_Tracing_old versions and back-ups_Remaining_Remaining_comm_.746.nmx	140744|125878|134332	64	david/1_Commissures/Tracing/old versions and back-ups/Remaining/Remaining_comm_.746.nmx	data/Projects/1_Commissures/Tracing/old versions and back-ups/Remaining/Remaining_comm_.746.nmx	david	1.49	6875	True
72	1098.004	non-commissural: big-chain extra cell	may be a continuation of PlatyBrowser trace(s) 140	True	140	david_1_Commissures_Tracing_old versions and back-ups_Tracing commissures V2_Commissures.nmx	140969|127846|132811	26	david/1_Commissures/Tracing/old versions and back-ups/Tracing commissures V2/Commissures.nmx	data/Projects/1_Commissures/Tracing/old versions and back-ups/Tracing commissures V2/Commissures.nmx	david	0.41	6875	False
73	162.2	commissural (finished group)	commissural (finished group)	False		commissural_all_comm_sec_seg.001.nmx	140994|125214|132429	193	commissural/all/comm_sec_seg.001.nmx	data/data_Tracing/commissural/all/comm_sec_seg.001.nmx	commissural	1.22	6875	True
74	154.2	commissural (finished group)	commissural (finished group)	False		commissural_all_comm_sec_seg.001.nmx	140994|125588|134463	81	commissural/all/comm_sec_seg.001.nmx	data/data_Tracing/commissural/all/comm_sec_seg.001.nmx	commissural	1.93	6875	True
75	156.2	commissural (finished group)	commissural (finished group)	False		commissural_all_comm_sec_seg.001.nmx	141044|124869|132753	167	commissural/all/comm_sec_seg.001.nmx	data/data_Tracing/commissural/all/comm_sec_seg.001.nmx	commissural	1.66	6611	True
76	152.2	commissural (finished group)	commissural (finished group)	False		commissural_all_comm_sec_seg.001.nmx	141044|125815|133318	193	commissural/all/comm_sec_seg.001.nmx	data/data_Tracing/commissural/all/comm_sec_seg.001.nmx	commissural	0.47	6387	True
77	1090.0	commissural (finished group)	commissural (finished group)	False		david_1_Commissures_Tracing_old versions and back-ups_Remaining_Remaining_comm_.015.nmx	141044|126417|133639	119	david/1_Commissures/Tracing/old versions and back-ups/Remaining/Remaining_comm_.015.nmx	data/Projects/1_Commissures/Tracing/old versions and back-ups/Remaining/Remaining_comm_.015.nmx	david	0.75	6924	True
78	155.2	commissural (finished group)	commissural (finished group)	False		commissural_all_comm_sec_seg.001.nmx	141044|126447|134427	127	commissural/all/comm_sec_seg.001.nmx	data/data_Tracing/commissural/all/comm_sec_seg.001.nmx	commissural	0.29	7440	True
79	151.2	commissural (finished group)	commissural (finished group)	False		commissural_all_comm_sec_seg.001.nmx	141219|124695|132796	173	commissural/all/comm_sec_seg.001.nmx	data/data_Tracing/commissural/all/comm_sec_seg.001.nmx	commissural	1.04	7857	True
80	184.2	commissural (finished group)	commissural (finished group)	False		commissural_all_comm_sec_seg.001.nmx	141294|125452|134592	92	commissural/all/comm_sec_seg.001.nmx	data/data_Tracing/commissural/all/comm_sec_seg.001.nmx	commissural	1.25	6875	True
81	128.2	commissural (finished group)	commissural (finished group)	False		commissural_all_comm_sec_seg.001.nmx	141514|125178|133568	360	commissural/all/comm_sec_seg.001.nmx	data/data_Tracing/commissural/all/comm_sec_seg.001.nmx	commissural	0.73	7431	True
82	163.2	commissural (finished group)	commissural (finished group)	False		commissural_all_comm_sec_seg.001.nmx	141544|125192|131644	202	commissural/all/comm_sec_seg.001.nmx	data/data_Tracing/commissural/all/comm_sec_seg.001.nmx	commissural	0.63	7647	True
83	10.2	commissural (finished group)	commissural (finished group)	False		commissural_unfinished_unifnished_comm_sec_seg.014.nmx	141560|125455|133129	218	commissural/unfinished/unifnished_comm_sec_seg.014.nmx	data/data_Tracing/commissural/unfinished/unifnished_comm_sec_seg.014.nmx	commissural	1.02	6876	True
84	147.2	commissural (finished group)	commissural (finished group)	False		commissural_all_comm_sec_seg.001.nmx	141844|124338|132832	129	commissural/all/comm_sec_seg.001.nmx	data/data_Tracing/commissural/all/comm_sec_seg.001.nmx	commissural	0.90	6875	True
85	158.2	commissural (finished group)	commissural (finished group)	False		commissural_all_comm_sec_seg.001.nmx	141844|125569|131420	97	commissural/all/comm_sec_seg.001.nmx	data/data_Tracing/commissural/all/comm_sec_seg.001.nmx	commissural	0.72	6141	True
86	127.2	commissural (finished group)	commissural (finished group)	False		commissural_all_comm_sec_seg.001.nmx	141864|125394|133352	106	commissural/all/comm_sec_seg.001.nmx	data/data_Tracing/commissural/all/comm_sec_seg.001.nmx	commissural	0.79	7602	True
87	157.2	commissural (finished group)	commissural (finished group)	False		commissural_all_comm_sec_seg.001.nmx	141994|124999|131750	206	commissural/all/comm_sec_seg.001.nmx	data/data_Tracing/commissural/all/comm_sec_seg.001.nmx	commissural	0.72	7277	True
88	148.2	commissural (finished group)	commissural (finished group)	False		commissural_all_comm_sec_seg.001.nmx	142194|124019|132395	152	commissural/all/comm_sec_seg.001.nmx	data/data_Tracing/commissural/all/comm_sec_seg.001.nmx	commissural	0.77	7279	True
89	149.2	commissural (finished group)	commissural (finished group)	False		commissural_all_comm_sec_seg.001.nmx	142219|124585|131829	185	commissural/all/comm_sec_seg.001.nmx	data/data_Tracing/commissural/all/comm_sec_seg.001.nmx	commissural	1.14	7247	True
90	1063.0	non-commissural: big-chain extra cell	non-commissural: big-chain extra cell	False		david_1_Commissures_Tracing_old versions and back-ups_Remaining_Remaining_comm_.015.nmx	142264|125442|133199	53	david/1_Commissures/Tracing/old versions and back-ups/Remaining/Remaining_comm_.015.nmx	data/Projects/1_Commissures/Tracing/old versions and back-ups/Remaining/Remaining_comm_.015.nmx	david	1.80	6875	True
91	125.2	commissural (finished group)	commissural (finished group)	False		commissural_all_comm_sec_seg.001.nmx	142314|125331|132972	247	commissural/all/comm_sec_seg.001.nmx	data/data_Tracing/commissural/all/comm_sec_seg.001.nmx	commissural	1.41	7406	True
92	150.2	commissural (finished group)	commissural (finished group)	False		commissural_all_comm_sec_seg.001.nmx	142344|125131|131596	255	commissural/all/comm_sec_seg.001.nmx	data/data_Tracing/commissural/all/comm_sec_seg.001.nmx	commissural	0.39	7435	True
93	124.2	commissural (finished group)	commissural (finished group)	False		commissural_all_comm_sec_seg.001.nmx	142414|124946|133178	318	commissural/all/comm_sec_seg.001.nmx	data/data_Tracing/commissural/all/comm_sec_seg.001.nmx	commissural	1.04	7401	True
94	146.2	commissural (finished group)	commissural (finished group)	False		commissural_all_comm_sec_seg.001.nmx	142429|124735|133264	17	commissural/all/comm_sec_seg.001.nmx	data/data_Tracing/commissural/all/comm_sec_seg.001.nmx	commissural	4.22	6875	True
95	129.2	commissural (finished group)	commissural (finished group)	False		david_1_Commissures_Tracing_old versions and back-ups_Remaining_Remaining_comm_.639.nmx	142564|125462|132352	88	david/1_Commissures/Tracing/old versions and back-ups/Remaining/Remaining_comm_.639.nmx	data/Projects/1_Commissures/Tracing/old versions and back-ups/Remaining/Remaining_comm_.639.nmx	david	3.68	6875	True
96	126.2	commissural (finished group)	commissural (finished group)	False		commissural_all_comm_sec_seg.001.nmx	142606|124184|134490	281	commissural/all/comm_sec_seg.001.nmx	data/data_Tracing/commissural/all/comm_sec_seg.001.nmx	commissural	1.10	7401	True
97	131.2	commissural (finished group)	commissural (finished group)	False		commissural_all_comm_sec_seg.001.nmx	142748|125692|132836	167	commissural/all/comm_sec_seg.001.nmx	data/data_Tracing/commissural/all/comm_sec_seg.001.nmx	commissural	3.09	6875	True
98	123.2	commissural (finished group)	commissural (finished group)	False		commissural_all_comm_sec_seg.001.nmx	142864|124519|133637	267	commissural/all/comm_sec_seg.001.nmx	data/data_Tracing/commissural/all/comm_sec_seg.001.nmx	commissural	1.49	7240	True
99	130.2	commissural (finished group)	commissural (finished group)	False		commissural_all_comm_sec_seg.001.nmx	142998|125478|133120	156	commissural/all/comm_sec_seg.001.nmx	data/data_Tracing/commissural/all/comm_sec_seg.001.nmx	commissural	0.34	7066	True
100	161.2	commissural (finished group)	commissural (finished group)	False		commissural_all_comm_sec_seg.001.nmx	143069|125213|131325	127	commissural/all/comm_sec_seg.001.nmx	data/data_Tracing/commissural/all/comm_sec_seg.001.nmx	commissural	1.21	7247	True
101	1073.004	non-commissural: big-chain extra cell	may be a continuation of PlatyBrowser trace(s) 110	True	110	david_1_Commissures_Tracing_old versions and back-ups_Tracing commissures V2_Commissures.nmx	143159|125144|133096	18	david/1_Commissures/Tracing/old versions and back-ups/Tracing commissures V2/Commissures.nmx	data/Projects/1_Commissures/Tracing/old versions and back-ups/Tracing commissures V2/Commissures.nmx	david	4.19	6875	False
102	133.2	commissural (finished group)	commissural (finished group)	False		commissural_all_comm_sec_seg.001.nmx	143298|125188|132691	146	commissural/all/comm_sec_seg.001.nmx	data/data_Tracing/commissural/all/comm_sec_seg.001.nmx	commissural	1.93	7661	True
103	132.2	commissural (finished group)	commissural (finished group)	False		commissural_all_comm_sec_seg.001.nmx	143373|124860|132356	132	commissural/all/comm_sec_seg.001.nmx	data/data_Tracing/commissural/all/comm_sec_seg.001.nmx	commissural	2.66	8205	True
104	135.2	commissural (finished group)	commissural (finished group)	False		commissural_all_comm_sec_seg.001.nmx	143448|125488|132421	184	commissural/all/comm_sec_seg.001.nmx	data/data_Tracing/commissural/all/comm_sec_seg.001.nmx	commissural	0.53	7403	True
105	134.2	commissural (finished group)	commissural (finished group)	False		commissural_all_comm_sec_seg.001.nmx	143548|125274|132537	96	commissural/all/comm_sec_seg.001.nmx	data/data_Tracing/commissural/all/comm_sec_seg.001.nmx	commissural	2.15	7275	True
106	137.2	commissural (finished group)	commissural (finished group)	False		commissural_all_comm_sec_seg.001.nmx	143659|124211|132133	137	commissural/all/comm_sec_seg.001.nmx	data/data_Tracing/commissural/all/comm_sec_seg.001.nmx	commissural	1.68	7049	True
107	12.001	non-commissural: Dbx neuron chain	may be a continuation of PlatyBrowser trace(s) 129	True	129	commissural_all_comm_sec_seg.nmx	143750|91638.3|148785	62	commissural/all/comm_sec_seg.nmx	data/data_Tracing/commissural/all/comm_sec_seg.nmx	commissural	0.69	7860	False
108	11.001	non-commissural: Dbx neuron chain	non-commissural: Dbx neuron chain	False		commissural_all_comm_sec_seg.nmx	143750|92085.5|142914	131	commissural/all/comm_sec_seg.nmx	data/data_Tracing/commissural/all/comm_sec_seg.nmx	commissural	1.71	7558	False
109	10.001	non-commissural: Dbx neuron chain	may be a continuation of PlatyBrowser trace(s) 146	True	146	commissural_all_comm_sec_seg.nmx	143750|94956.8|145192	205	commissural/all/comm_sec_seg.nmx	data/data_Tracing/commissural/all/comm_sec_seg.nmx	commissural	0.07	7284	False
110	9.001	non-commissural: Dbx neuron chain	non-commissural: Dbx neuron chain	False		commissural_all_comm_sec_seg.nmx	143750|95790.7|141772	37	commissural/all/comm_sec_seg.nmx	data/data_Tracing/commissural/all/comm_sec_seg.nmx	commissural	0.95	7396	False
111	13.001	non-commissural: Dbx neuron chain	non-commissural: Dbx neuron chain	False		commissural_all_comm_sec_seg.nmx	143750|97655.7|147432	661	commissural/all/comm_sec_seg.nmx	data/data_Tracing/commissural/all/comm_sec_seg.nmx	commissural	0.45	6607	False
112	8.001	non-commissural: Dbx neuron chain	may be a continuation of PlatyBrowser trace(s) 107	True	107	commissural_all_comm_sec_seg.nmx	143800|98700.5|138719	130	commissural/all/comm_sec_seg.nmx	data/data_Tracing/commissural/all/comm_sec_seg.nmx	commissural	0.88	7245	False
113	122.2	commissural (finished group)	commissural (finished group)	False		commissural_all_comm_sec_seg.001.nmx	143939|123606|132314	371	commissural/all/comm_sec_seg.001.nmx	data/data_Tracing/commissural/all/comm_sec_seg.001.nmx	commissural	1.22	7440	True
114	121.2	commissural (finished group)	commissural (finished group)	False		commissural_all_comm_sec_seg.001.nmx	144014|123688|132581	265	commissural/all/comm_sec_seg.001.nmx	data/data_Tracing/commissural/all/comm_sec_seg.001.nmx	commissural	1.17	7657	True
115	120.2	commissural (finished group)	commissural (finished group)	False		commissural_all_comm_sec_seg.001.nmx	144039|123991|132449	139	commissural/all/comm_sec_seg.001.nmx	data/data_Tracing/commissural/all/comm_sec_seg.001.nmx	commissural	1.34	6870	True
116	1059.004	non-commissural: big-chain extra cell	may be a continuation of PlatyBrowser trace(s) 101	True	101	david_1_Commissures_Tracing_old versions and back-ups_Tracing commissures V2_Commissures.nmx	144139|123850|132858	27	david/1_Commissures/Tracing/old versions and back-ups/Tracing commissures V2/Commissures.nmx	data/Projects/1_Commissures/Tracing/old versions and back-ups/Tracing commissures V2/Commissures.nmx	david	3.84	6875	False
117	14.001	non-commissural: Dbx neuron chain	non-commissural: Dbx neuron chain	False		commissural_all_comm_sec_seg.nmx	144220|96531.5|151481	334	commissural/all/comm_sec_seg.nmx	data/data_Tracing/commissural/all/comm_sec_seg.nmx	commissural	0.52	7247	False
118	0.15	non-commissural: p0 / V0 class	non-commissural: p0 / V0 class	False		david_1_Commissures_Tracing_biased_old_p0v0_all.nmx	144225|135662|104591	167	david/1_Commissures/Tracing/biased/old/p0v0_all.nmx	data/Projects/1_Commissures/Tracing/biased/old/p0v0_all.nmx	david	0.61	6105	False
119	142.2	commissural (finished group)	commissural (finished group)	False		commissural_all_comm_sec_seg.001.nmx	144259|122623|131248	258	commissural/all/comm_sec_seg.001.nmx	data/data_Tracing/commissural/all/comm_sec_seg.001.nmx	commissural	1.25	7431	True
120	138.2	commissural (finished group)	commissural (finished group)	False		commissural_all_comm_sec_seg.001.nmx	144859|122493|132105	134	commissural/all/comm_sec_seg.001.nmx	data/data_Tracing/commissural/all/comm_sec_seg.001.nmx	commissural	3.29	6874	True
121	145.2	commissural (finished group)	commissural (finished group)	False		commissural_all_comm_sec_seg.001.nmx	145359|123261|132118	189	commissural/all/comm_sec_seg.001.nmx	data/data_Tracing/commissural/all/comm_sec_seg.001.nmx	commissural	0.50	7107	True
122	45.0	non-commissural: big-chain extra cell	non-commissural: big-chain extra cell	False		commissural_all_comm_sec_seg.nmx	145382|124062|130933	143	commissural/all/comm_sec_seg.nmx	data/data_Tracing/commissural/all/comm_sec_seg.nmx	commissural	1.85	6651	False
123	141.2	commissural (finished group)	commissural (finished group)	False		commissural_all_comm_sec_seg.001.nmx	145509|122749|131951	80	commissural/all/comm_sec_seg.001.nmx	data/data_Tracing/commissural/all/comm_sec_seg.001.nmx	commissural	3.04	6874	True
124	140.2	commissural (finished group)	commissural (finished group)	False		david_1_Commissures_Tracing_old versions and back-ups_Remaining_Remaining_comm_.656.nmx	145659|122894|132161	106	david/1_Commissures/Tracing/old versions and back-ups/Remaining/Remaining_comm_.656.nmx	data/Projects/1_Commissures/Tracing/old versions and back-ups/Remaining/Remaining_comm_.656.nmx	david	1.52	7918	True
125	139.2	commissural (finished group)	commissural (finished group)	False		commissural_all_comm_sec_seg.001.nmx	145909|122730|132193	169	commissural/all/comm_sec_seg.001.nmx	data/data_Tracing/commissural/all/comm_sec_seg.001.nmx	commissural	2.36	6654	True
126	143.2	commissural (finished group)	commissural (finished group)	False		commissural_all_comm_sec_seg.001.nmx	146059|121762|131784	167	commissural/all/comm_sec_seg.001.nmx	data/data_Tracing/commissural/all/comm_sec_seg.001.nmx	commissural	0.88	6837	True
127	144.2	commissural (finished group)	commissural (finished group)	False		commissural_all_comm_sec_seg.001.nmx	146059|123137|131743	218	commissural/all/comm_sec_seg.001.nmx	data/data_Tracing/commissural/all/comm_sec_seg.001.nmx	commissural	1.85	6146	True
128	4.001	non-commissural: Dbx neuron chain	non-commissural: Dbx neuron chain	False		commissural_all_comm_sec_seg.nmx	146200|93647.2|147377	91	commissural/all/comm_sec_seg.nmx	data/data_Tracing/commissural/all/comm_sec_seg.nmx	commissural	0.30	7247	False
129	2.001	non-commissural: Dbx neuron chain	non-commissural: Dbx neuron chain	False		commissural_all_comm_sec_seg.nmx	146200|96434.1|144092	207	commissural/all/comm_sec_seg.nmx	data/data_Tracing/commissural/all/comm_sec_seg.nmx	commissural	0.74	7247	False
130	3.001	non-commissural: Dbx neuron chain	non-commissural: Dbx neuron chain	False		commissural_all_comm_sec_seg.nmx	146438|98360.6|147014	487	commissural/all/comm_sec_seg.nmx	data/data_Tracing/commissural/all/comm_sec_seg.nmx	commissural	0.30	7661	False
131	44.2	commissural (finished group)	commissural (finished group)	False		commissural_all_comm_sec_seg.001.nmx	146657|122979|129726	718	commissural/all/comm_sec_seg.001.nmx	data/data_Tracing/commissural/all/comm_sec_seg.001.nmx	commissural	1.16	8183	True
132	2.004	non-commissural: big-chain extra cell	may be a continuation of PlatyBrowser trace(s) 24	True	24	commissural_all_comm_sec_seg.nmx	146807|122509|129344	220	commissural/all/comm_sec_seg.nmx	data/data_Tracing/commissural/all/comm_sec_seg.nmx	commissural	0.78	7305	False
133	118.2	commissural (finished group)	commissural (finished group)	False		commissural_all_comm_sec_seg.001.nmx	146839|121811|130074	42	commissural/all/comm_sec_seg.001.nmx	data/data_Tracing/commissural/all/comm_sec_seg.001.nmx	commissural	3.99	6839	True
134	117.2	commissural (finished group)	commissural (finished group)	False		commissural_all_comm_sec_seg.001.nmx	146889|122138|129989	112	commissural/all/comm_sec_seg.001.nmx	data/data_Tracing/commissural/all/comm_sec_seg.001.nmx	commissural	0.57	7920	True
135	116.2	commissural (finished group)	commissural (finished group)	False		commissural_all_comm_sec_seg.001.nmx	146889|122247|130286	132	commissural/all/comm_sec_seg.001.nmx	data/data_Tracing/commissural/all/comm_sec_seg.001.nmx	commissural	1.11	7280	True
136	119.2	commissural (finished group)	commissural (finished group)	False		commissural_all_comm_sec_seg.001.nmx	147089|122458|130336	109	commissural/all/comm_sec_seg.001.nmx	data/data_Tracing/commissural/all/comm_sec_seg.001.nmx	commissural	4.14	7283	True
137	115.2	commissural (finished group)	commissural (finished group)	False		commissural_all_comm_sec_seg.001.nmx	147339|122399|130764	128	commissural/all/comm_sec_seg.001.nmx	data/data_Tracing/commissural/all/comm_sec_seg.001.nmx	commissural	1.49	7283	True
138	2.2	commissural (finished group)	commissural (finished group)	False		commissural_all_comm_sec_seg.001.nmx	147407|122541|129927	359	commissural/all/comm_sec_seg.001.nmx	data/data_Tracing/commissural/all/comm_sec_seg.001.nmx	commissural	0.14	7604	True
139	114.2	commissural (finished group)	commissural (finished group)	False		commissural_all_comm_sec_seg.001.nmx	147439|122167|130674	181	commissural/all/comm_sec_seg.001.nmx	data/data_Tracing/commissural/all/comm_sec_seg.001.nmx	commissural	3.22	7280	True
140	0.16	non-commissural: p0 / V0 class	non-commissural: p0 / V0 class	False		david_1_Commissures_Tracing_biased_old_p0v0_all.nmx	147475|139774|105402	61	david/1_Commissures/Tracing/biased/old/p0v0_all.nmx	data/Projects/1_Commissures/Tracing/biased/old/p0v0_all.nmx	david	0.71	6141	False
141	43.2	commissural (finished group)	commissural (finished group)	False		commissural_all_comm_sec_seg.001.nmx	147807|121525|128228	310	commissural/all/comm_sec_seg.001.nmx	data/data_Tracing/commissural/all/comm_sec_seg.001.nmx	commissural	0.94	6838	True
142	32.004	non-commissural: big-chain extra cell	non-commissural: big-chain extra cell	False		david_Common_PyKnossos_Tracing_Nk6_all_Nk6.502.nmx	147861|111777|133103	1669	david/Common/PyKnossos/Tracing/Nk6_all/Nk6.502.nmx	data/Projects/Common/PyKnossos/Tracing/Nk6_all/Nk6.502.nmx	david	0.63	6143	False
143	13.2	commissural (finished group)	commissural (finished group)	False		commissural_unfinished_unifnished_comm_sec_seg.015.nmx	148145|121251|129087	593	commissural/unfinished/unifnished_comm_sec_seg.015.nmx	data/data_Tracing/commissural/unfinished/unifnished_comm_sec_seg.015.nmx	commissural	0.49	6638	True
144	31	non-commissural: big-chain extra cell	non-commissural: big-chain extra cell	False		david_Common_PyKnossos_Tracing_Nk6_all_Nk6.229.nmx	148197|122656|129016	200	david/Common/PyKnossos/Tracing/Nk6_all/Nk6.229.nmx	data/Projects/Common/PyKnossos/Tracing/Nk6_all/Nk6.229.nmx	david	0.51	7403	True
145	31.2	commissural (finished group)	commissural (finished group)	False		commissural_all_comm_sec_seg.001.nmx	148295|122454|129193	526	commissural/all/comm_sec_seg.001.nmx	data/data_Tracing/commissural/all/comm_sec_seg.001.nmx	commissural	0.35	7373	True
146	32.2	commissural (finished group)	commissural (finished group)	False		david_Common_PyKnossos_Tracing_Nk6_all_Nk6.495.nmx	148345|121602|129117	1971	david/Common/PyKnossos/Tracing/Nk6_all/Nk6.495.nmx	data/Projects/Common/PyKnossos/Tracing/Nk6_all/Nk6.495.nmx	david	0.63	6143	True
147	42.2	commissural (finished group)	commissural (finished group)	False		david_1_Commissures_Tracing_old versions and back-ups_unknown_Neurons_Tracing backup_Nk6 - 04.01.19_Nk6.337.nmx	148522|121715|128832	590	david/1_Commissures/Tracing/old versions and back-ups/unknown/Neurons/Tracing backup/Nk6 - 04.01.19/Nk6.337.nmx	data/Projects/1_Commissures/Tracing/old versions and back-ups/unknown/Neurons/Tracing backup/Nk6 - 04.01.19/Nk6.337.nmx	david	0.62	6360	True
148	62.004	non-commissural: Dbx neuron chain	non-commissural: Dbx neuron chain	False		commissural_all_comm_sec_seg.nmx	148600|98249|141181	163	commissural/all/comm_sec_seg.nmx	data/data_Tracing/commissural/all/comm_sec_seg.nmx	commissural	1.13	7277	False
149	41.2	commissural (finished group)	commissural (finished group)	False		commissural_all_comm_sec_seg.001.nmx	148757|122022|129088	486	commissural/all/comm_sec_seg.001.nmx	data/data_Tracing/commissural/all/comm_sec_seg.001.nmx	commissural	0.39	7245	True
150	3.2	commissural (finished group)	commissural (finished group)	False		commissural_all_comm_sec_seg.001.nmx	148757|122035|128758	539	commissural/all/comm_sec_seg.001.nmx	data/data_Tracing/commissural/all/comm_sec_seg.001.nmx	commissural	0.79	8198	True
151	36.2	commissural (finished group)	commissural (finished group)	False		commissural_all_comm_sec_seg.001.nmx	148772|122024|128481	219	commissural/all/comm_sec_seg.001.nmx	data/data_Tracing/commissural/all/comm_sec_seg.001.nmx	commissural	1.49	7280	True
152	30.0	commissural (finished group)	commissural (finished group)	False		david_1_Commissures_Tracing_old versions and back-ups_unknown_Neurons_Tracing backup_Nk6 - 04.01.19_Nk6.243.nmx	148807|122330|129135	955	david/1_Commissures/Tracing/old versions and back-ups/unknown/Neurons/Tracing backup/Nk6 - 04.01.19/Nk6.243.nmx	data/Projects/1_Commissures/Tracing/old versions and back-ups/unknown/Neurons/Tracing backup/Nk6 - 04.01.19/Nk6.243.nmx	david	0.40	7446	True
153	15.2	commissural (finished group)	commissural (finished group)	False		commissural_finished_finished_comm_sec_seg.003.nmx	148847|121774|128478	339	commissural/finished/finished_comm_sec_seg.003.nmx	data/data_Tracing/commissural/finished/finished_comm_sec_seg.003.nmx	commissural	0.29	6653	True
154	17.2	commissural (finished group)	commissural (finished group)	False		commissural_finished_finished_comm_sec_seg.003.nmx	148922|122540|128873	415	commissural/finished/finished_comm_sec_seg.003.nmx	data/data_Tracing/commissural/finished/finished_comm_sec_seg.003.nmx	commissural	0.27	7402	True
155	34.2	commissural (finished group)	commissural (finished group)	False		commissural_all_comm_sec_seg.001.nmx	148945|121466|129213	537	commissural/all/comm_sec_seg.001.nmx	data/data_Tracing/commissural/all/comm_sec_seg.001.nmx	commissural	0.60	5194	True
156	5.2	commissural (finished group)	commissural (finished group)	False		commissural_finished_finished_comm_sec_seg.003.nmx	149157|121821|129485	154	commissural/finished/finished_comm_sec_seg.003.nmx	data/data_Tracing/commissural/finished/finished_comm_sec_seg.003.nmx	commissural	1.15	7284	True
157	7.2	commissural (finished group)	commissural (finished group)	False		commissural_finished_finished_comm_sec_seg.003.nmx	149207|122081|129117	143	commissural/finished/finished_comm_sec_seg.003.nmx	data/data_Tracing/commissural/finished/finished_comm_sec_seg.003.nmx	commissural	0.72	7284	True
158	29.2	commissural (finished group)	commissural (finished group)	False		commissural_all_comm_sec_seg.001.nmx	149207|122246|129458	340	commissural/all/comm_sec_seg.001.nmx	data/data_Tracing/commissural/all/comm_sec_seg.001.nmx	commissural	1.10	211	True
159	39	non-commissural: big-chain extra cell	non-commissural: big-chain extra cell	False		david_Common_PyKnossos_Tracing_Nk6_all_Nk6.285.nmx	149323|119413|129407	95	david/Common/PyKnossos/Tracing/Nk6_all/Nk6.285.nmx	data/Projects/Common/PyKnossos/Tracing/Nk6_all/Nk6.285.nmx	david	1.17	6350	False
160	27.2	commissural (finished group)	commissural (finished group)	False		commissural_all_comm_sec_seg.001.nmx	149457|121809|129289	402	commissural/all/comm_sec_seg.001.nmx	data/data_Tracing/commissural/all/comm_sec_seg.001.nmx	commissural	0.14	7284	True
161	19.2	commissural (finished group)	commissural (finished group)	False		commissural_all_comm_sec_seg.018.nmx	149507|120596|128910	1071	commissural/all/comm_sec_seg.018.nmx	data/data_Tracing/commissural/all/comm_sec_seg.018.nmx	commissural	0.39	8112	True
162	39.2	non-commissural: big-chain extra cell	non-commissural: big-chain extra cell	False		david_1_Commissures_Tracing_old versions and back-ups_unknown_Neurons_Tracing backup_Nk6 - 04.01.19_Nk6.294.nmx	149557|120383|129104	103	david/1_Commissures/Tracing/old versions and back-ups/unknown/Neurons/Tracing backup/Nk6 - 04.01.19/Nk6.294.nmx	data/Projects/1_Commissures/Tracing/old versions and back-ups/unknown/Neurons/Tracing backup/Nk6 - 04.01.19/Nk6.294.nmx	david	1.17	6350	True
163	38.2	commissural (finished group)	commissural (finished group)	False		commissural_all_comm_sec_seg.001.nmx	149807|120738|128938	581	commissural/all/comm_sec_seg.001.nmx	data/data_Tracing/commissural/all/comm_sec_seg.001.nmx	commissural	0.62	7099	True
164	7.001	non-commissural: Dbx neuron chain	non-commissural: Dbx neuron chain	False		commissural_all_comm_sec_seg.nmx	149875|146382|116156	32	commissural/all/comm_sec_seg.nmx	data/data_Tracing/commissural/all/comm_sec_seg.nmx	commissural	3.10	6391	False
165	30.201	non-commissural: big-chain extra cell	non-commissural: big-chain extra cell	False		david_Common_PyKnossos_Tracing_Nk6_all_Nk6.399.nmx	150157|117259|138661	682	david/Common/PyKnossos/Tracing/Nk6_all/Nk6.399.nmx	data/Projects/Common/PyKnossos/Tracing/Nk6_all/Nk6.399.nmx	david	1.23	9121	False
166	41.004	non-commissural: big-chain extra cell	may be a continuation of PlatyBrowser trace(s) 18	True	18	commissural_all_comm_sec_seg.nmx	150157|121284|128717	109	commissural/all/comm_sec_seg.nmx	data/data_Tracing/commissural/all/comm_sec_seg.nmx	commissural	0.65	6571	False
167	40.2	commissural (finished group)	commissural (finished group)	False		commissural_all_comm_sec_seg.001.nmx	150207|119930|129283	164	commissural/all/comm_sec_seg.001.nmx	data/data_Tracing/commissural/all/comm_sec_seg.001.nmx	commissural	0.65	7074	True
168	63.2	commissural (finished group)	commissural (finished group)	False		commissural_all_comm_sec_seg.001.nmx	151014|93872.1|139493	864	commissural/all/comm_sec_seg.001.nmx	data/data_Tracing/commissural/all/comm_sec_seg.001.nmx	commissural	0.23	7401	True
169	65.004	non-commissural: big-chain extra cell	non-commissural: big-chain extra cell	False		commissural_all_comm_sec_seg.nmx	151838|125368|125802	197	commissural/all/comm_sec_seg.nmx	data/data_Tracing/commissural/all/comm_sec_seg.nmx	commissural	0.87	7300	False
170	103.2	commissural (finished group)	commissural (finished group)	False		commissural_all_comm_sec_seg.001.nmx	151933|119692|127762	441	commissural/all/comm_sec_seg.001.nmx	data/data_Tracing/commissural/all/comm_sec_seg.001.nmx	commissural	0.94	6840	True
171	101.2	commissural (finished group)	commissural (finished group)	False		commissural_all_comm_sec_seg.001.nmx	152333|117888|125594	738	commissural/all/comm_sec_seg.001.nmx	data/data_Tracing/commissural/all/comm_sec_seg.001.nmx	commissural	0.23	5868	True
172	104.2	commissural (finished group)	commissural (finished group)	False		commissural_all_comm_sec_seg.001.nmx	152333|118457|125855	381	commissural/all/comm_sec_seg.001.nmx	data/data_Tracing/commissural/all/comm_sec_seg.001.nmx	commissural	1.55	8191	True
173	100.2	commissural (finished group)	commissural (finished group)	False		commissural_all_comm_sec_seg.001.nmx	152383|118172|125685	1048	commissural/all/comm_sec_seg.001.nmx	data/data_Tracing/commissural/all/comm_sec_seg.001.nmx	commissural	0.13	7043	True
174	99.2	commissural (finished group)	commissural (finished group)	False		commissural_all_comm_sec_seg.001.nmx	152433|118693|125832	517	commissural/all/comm_sec_seg.001.nmx	data/data_Tracing/commissural/all/comm_sec_seg.001.nmx	commissural	0.62	7610	True
175	98.2	commissural (finished group)	commissural (finished group)	False		commissural_all_comm_sec_seg.001.nmx	152533|118823|126389	539	commissural/all/comm_sec_seg.001.nmx	data/data_Tracing/commissural/all/comm_sec_seg.001.nmx	commissural	0.48	6840	True
176	82.2	commissural (finished group)	commissural (finished group)	False		commissural_finished_finished_comm_sec_seg.004.nmx	152833|117480|125394	598	commissural/finished/finished_comm_sec_seg.004.nmx	data/data_Tracing/commissural/finished/finished_comm_sec_seg.004.nmx	commissural	1.02	6627	True
177	18743.0	non-commissural: TF-biased project: sim_hox4 (sim+/hox4+)	non-commissural: TF-biased project: sim_hox4 (sim+/hox4+)	False		david_1_Commissures_Tracing_biased_sim_hox4_sim_hox4.015.nmx	152850|116804|106544	49	david/1_Commissures/Tracing/biased/sim_hox4/sim_hox4.015.nmx	data/Projects/1_Commissures/Tracing/biased/sim_hox4/sim_hox4.015.nmx	david	0.97	6842	False
178	18335.0	non-commissural: TF-biased project: sim_hox4 (sim+/hox4+)	non-commissural: TF-biased project: sim_hox4 (sim+/hox4+)	False		david_1_Commissures_Tracing_biased_sim_hox4_sim_hox4.016.nmx	152950|111137|105655	44	david/1_Commissures/Tracing/biased/sim_hox4/sim_hox4.016.nmx	data/Projects/1_Commissures/Tracing/biased/sim_hox4/sim_hox4.016.nmx	david	1.20	6611	False
179	65.2	commissural (finished group)	commissural (finished group)	False		commissural_all_comm_sec_seg.001.nmx	154154|117650|124234	528	commissural/all/comm_sec_seg.001.nmx	data/data_Tracing/commissural/all/comm_sec_seg.001.nmx	commissural	1.20	6840	True
180	97.2	commissural (finished group)	commissural (finished group)	False		david_1_Commissures_Tracing_old versions and back-ups_Remaining_Remaining_comm_.403.nmx	154433|116575|123656	571	david/1_Commissures/Tracing/old versions and back-ups/Remaining/Remaining_comm_.403.nmx	data/Projects/1_Commissures/Tracing/old versions and back-ups/Remaining/Remaining_comm_.403.nmx	david	0.27	7281	True
181	88.2	commissural (finished group)	commissural (finished group)	False		commissural_unfinished_unifnished_comm_sec_seg.064.nmx	154608|116513|125067	171	commissural/unfinished/unifnished_comm_sec_seg.064.nmx	data/data_Tracing/commissural/unfinished/unifnished_comm_sec_seg.064.nmx	commissural	1.27	6840	True
182	89.2	commissural (finished group)	commissural (finished group)	False		commissural_unfinished_unifnished_comm_sec_seg.068.nmx	154858|116145|124785	331	commissural/unfinished/unifnished_comm_sec_seg.068.nmx	data/data_Tracing/commissural/unfinished/unifnished_comm_sec_seg.068.nmx	commissural	0.36	7429	True
183	96.2	commissural (finished group)	commissural (finished group)	False		commissural_all_comm_sec_seg.001.nmx	154933|117608|124632	874	commissural/all/comm_sec_seg.001.nmx	data/data_Tracing/commissural/all/comm_sec_seg.001.nmx	commissural	0.60	7406	True
184	60.2	commissural (finished group)	commissural (finished group)	False		commissural_all_comm_sec_seg.001.nmx	155104|117270|124391	131	commissural/all/comm_sec_seg.001.nmx	data/data_Tracing/commissural/all/comm_sec_seg.001.nmx	commissural	1.26	6610	True
185	105.2	commissural (finished group)	commissural (finished group)	False		david_1_Commissures_Tracing_old versions and back-ups_Remaining_Remaining_comm_.568.nmx	155133|116444|125484	304	david/1_Commissures/Tracing/old versions and back-ups/Remaining/Remaining_comm_.568.nmx	data/Projects/1_Commissures/Tracing/old versions and back-ups/Remaining/Remaining_comm_.568.nmx	david	1.35	6653	True
186	86.2	commissural (finished group)	commissural (finished group)	False		commissural_finished_finished_comm_sec_seg.004.nmx	155133|116534|124874	180	commissural/finished/finished_comm_sec_seg.004.nmx	data/data_Tracing/commissural/finished/finished_comm_sec_seg.004.nmx	commissural	0.95	7408	True
187	62.2	commissural (finished group)	commissural (finished group)	False		commissural_all_comm_sec_seg.001.nmx	155154|117588|124346	462	commissural/all/comm_sec_seg.001.nmx	data/data_Tracing/commissural/all/comm_sec_seg.001.nmx	commissural	0.47	6614	True
188	64.2	commissural (finished group)	commissural (finished group)	False		commissural_all_comm_sec_seg.001.nmx	155204|116855|123954	514	commissural/all/comm_sec_seg.001.nmx	data/data_Tracing/commissural/all/comm_sec_seg.001.nmx	commissural	0.83	6611	True
189	61.2	commissural (finished group)	commissural (finished group)	False		commissural_all_comm_sec_seg.001.nmx	155204|116987|124133	323	commissural/all/comm_sec_seg.001.nmx	data/data_Tracing/commissural/all/comm_sec_seg.001.nmx	commissural	0.76	6402	True
190	87.2	commissural (finished group)	commissural (finished group)	False		commissural_all_comm_sec_seg.016.nmx	155208|116388|124635	230	commissural/all/comm_sec_seg.016.nmx	data/data_Tracing/commissural/all/comm_sec_seg.016.nmx	commissural	0.62	6611	True
191	25822	non-commissural: TF-biased project: sim_hox4 (sim+/hox4+)	non-commissural: TF-biased project: sim_hox4 (sim+/hox4+)	False		david_1_Commissures_Tracing_biased_sim_hox4_sim_hox4.014.nmx	155600|114314|104309	105	david/1_Commissures/Tracing/biased/sim_hox4/sim_hox4.014.nmx	data/Projects/1_Commissures/Tracing/biased/sim_hox4/sim_hox4.014.nmx	david	1.99	6356	False
192	94.2	commissural (finished group)	commissural (finished group)	False		commissural_all_comm_sec_seg.001.nmx	155783|117639|124118	259	commissural/all/comm_sec_seg.001.nmx	data/data_Tracing/commissural/all/comm_sec_seg.001.nmx	commissural	0.31	6611	True
193	60.004	non-commissural: big-chain extra cell	may be a continuation of PlatyBrowser trace(s) 44	True	44	commissural_all_comm_sec_seg.nmx	155854|116490|123230	285	commissural/all/comm_sec_seg.nmx	data/data_Tracing/commissural/all/comm_sec_seg.nmx	commissural	0.55	6611	False
194	31.2	commissural (finished group)	commissural (finished group)	False		commissural_finished_finished_comm_sec_seg.004.nmx	155878|117821|124427	439	commissural/finished/finished_comm_sec_seg.004.nmx	data/data_Tracing/commissural/finished/finished_comm_sec_seg.004.nmx	commissural	0.84	6611	True
195	42.004	non-commissural: big-chain extra cell	non-commissural: big-chain extra cell	False		commissural_all_comm_sec_seg.nmx	155936|132111|125357	701	commissural/all/comm_sec_seg.nmx	data/data_Tracing/commissural/all/comm_sec_seg.nmx	commissural	0.62	6360	False
196	50.2	commissural (finished group)	commissural (finished group)	False		commissural_all_comm_sec_seg.001.nmx	156128|116625|124343	379	commissural/all/comm_sec_seg.001.nmx	data/data_Tracing/commissural/all/comm_sec_seg.001.nmx	commissural	1.41	7074	True
197	90.2	commissural (finished group)	commissural (finished group)	False		commissural_unfinished_unifnished_comm_sec_seg.069.nmx	156258|117146|125098	239	commissural/unfinished/unifnished_comm_sec_seg.069.nmx	data/data_Tracing/commissural/unfinished/unifnished_comm_sec_seg.069.nmx	commissural	1.22	7284	True
198	111.2	commissural (finished group)	commissural (finished group)	False		commissural_all_comm_sec_seg.001.nmx	156608|115221|125230	72	commissural/all/comm_sec_seg.001.nmx	data/data_Tracing/commissural/all/comm_sec_seg.001.nmx	commissural	1.53	7076	True
199	95.2	commissural (finished group)	commissural (finished group)	False		commissural_all_comm_sec_seg.001.nmx	156633|117082|125153	170	commissural/all/comm_sec_seg.001.nmx	data/data_Tracing/commissural/all/comm_sec_seg.001.nmx	commissural	0.68	6812	True
200	112.2	commissural (finished group)	commissural (finished group)	False		commissural_all_comm_sec_seg.001.nmx	156758|114837|125517	185	commissural/all/comm_sec_seg.001.nmx	data/data_Tracing/commissural/all/comm_sec_seg.001.nmx	commissural	1.34	7661	True
201	56.2	commissural (finished group)	commissural (finished group)	False		commissural_all_comm_sec_seg.001.nmx	157464|115170|122933	492	commissural/all/comm_sec_seg.001.nmx	data/data_Tracing/commissural/all/comm_sec_seg.001.nmx	commissural	0.86	6611	True
202	57.2	commissural (finished group)	commissural (finished group)	False		commissural_all_comm_sec_seg.001.nmx	157564|115422|123068	525	commissural/all/comm_sec_seg.001.nmx	data/data_Tracing/commissural/all/comm_sec_seg.001.nmx	commissural	0.95	7658	True
203	39.004	non-commissural: big-chain extra cell	non-commissural: big-chain extra cell	False		commissural_all_comm_sec_seg.nmx	157622|106723|120288	315	commissural/all/comm_sec_seg.nmx	data/data_Tracing/commissural/all/comm_sec_seg.nmx	commissural	0.45	6321	False
204	40.004	non-commissural: big-chain extra cell	non-commissural: big-chain extra cell	False		commissural_all_comm_sec_seg.nmx	157674|104756|109943	43	commissural/all/comm_sec_seg.nmx	data/data_Tracing/commissural/all/comm_sec_seg.nmx	commissural	1.96	6093	False
205	55.2	commissural (finished group)	commissural (finished group)	False		commissural_all_comm_sec_seg.001.nmx	157814|115784|122418	280	commissural/all/comm_sec_seg.001.nmx	data/data_Tracing/commissural/all/comm_sec_seg.001.nmx	commissural	0.88	6836	True
206	52.2	commissural (finished group)	commissural (finished group)	False		commissural_all_comm_sec_seg.001.nmx	157828|115829|123365	167	commissural/all/comm_sec_seg.001.nmx	data/data_Tracing/commissural/all/comm_sec_seg.001.nmx	commissural	1.22	6876	True
207	58.2	commissural (finished group)	commissural (finished group)	False		commissural_all_comm_sec_seg.001.nmx	157864|116112|123386	226	commissural/all/comm_sec_seg.001.nmx	data/data_Tracing/commissural/all/comm_sec_seg.001.nmx	commissural	1.21	6100	True
208	59.2	commissural (finished group)	commissural (finished group)	False		commissural_all_comm_sec_seg.001.nmx	158064|116363|123661	165	commissural/all/comm_sec_seg.001.nmx	data/data_Tracing/commissural/all/comm_sec_seg.001.nmx	commissural	0.90	7623	True
209	53.2	commissural (finished group)	commissural (finished group)	False		commissural_all_comm_sec_seg.001.nmx	158228|116764|123002	237	commissural/all/comm_sec_seg.001.nmx	data/data_Tracing/commissural/all/comm_sec_seg.001.nmx	commissural	1.10	211	True
210	32.201	non-commissural: big-chain extra cell	non-commissural: big-chain extra cell	False		david_Common_PyKnossos_Tracing_Nk6_all_Nk6.498.nmx	158612|102864|133276	776	david/Common/PyKnossos/Tracing/Nk6_all/Nk6.498.nmx	data/Projects/Common/PyKnossos/Tracing/Nk6_all/Nk6.498.nmx	david	2.19	7248	False
211	93.2	commissural (finished group)	commissural (finished group)	False		david_1_Commissures_Tracing_old versions and back-ups_Remaining_Remaining_comm_.353.nmx	158883|116149|122702	562	david/1_Commissures/Tracing/old versions and back-ups/Remaining/Remaining_comm_.353.nmx	data/Projects/1_Commissures/Tracing/old versions and back-ups/Remaining/Remaining_comm_.353.nmx	david	0.73	203	True
212	30.201	commissural (finished group)	commissural (finished group)	False		commissural_all_comm_sec_seg.001.nmx	158958|121536|212724	357	commissural/all/comm_sec_seg.001.nmx	data/data_Tracing/commissural/all/comm_sec_seg.001.nmx	commissural	2.52	10067	True
213	54.2	commissural (finished group)	commissural (finished group)	False		commissural_all_comm_sec_seg.001.nmx	159128|116240|122728	451	commissural/all/comm_sec_seg.001.nmx	data/data_Tracing/commissural/all/comm_sec_seg.001.nmx	commissural	0.20	6402	True
214	91.2	commissural (finished group)	commissural (finished group)	False		david_1_Commissures_Tracing_old versions and back-ups_Remaining_Remaining_comm_.327.nmx	159733|116276|122078	203	david/1_Commissures/Tracing/old versions and back-ups/Remaining/Remaining_comm_.327.nmx	data/Projects/1_Commissures/Tracing/old versions and back-ups/Remaining/Remaining_comm_.327.nmx	david	0.69	6876	True
215	92.2	commissural (finished group)	commissural (finished group)	False		commissural_all_comm_sec_seg.001.nmx	159783|115615|122099	406	commissural/all/comm_sec_seg.001.nmx	data/data_Tracing/commissural/all/comm_sec_seg.001.nmx	commissural	0.45	7446	True
216	113.2	commissural (finished group)	commissural (finished group)	False		commissural_all_comm_sec_seg.001.nmx	160464|114546|123434	450	commissural/all/comm_sec_seg.001.nmx	data/data_Tracing/commissural/all/comm_sec_seg.001.nmx	commissural	0.11	7373	True
217	168.2	commissural 2nd-segment	commissural 2nd-segment (new, not in PlatyBrowser)	False		commissural_all_comm_sec_seg.021.nmx	160650|91574.7|130847	40	commissural/all/comm_sec_seg.021.nmx	data/data_Tracing/commissural/all/comm_sec_seg.021.nmx	commissural	1.71	7044	False
218	90.2	commissural (finished group)	commissural (finished group)	False		commissural_all_comm_sec_seg.001.nmx	160883|115163|122301	702	commissural/all/comm_sec_seg.001.nmx	data/data_Tracing/commissural/all/comm_sec_seg.001.nmx	commissural	0.74	6399	True
219	89.2	commissural (finished group)	commissural (finished group)	False		david_1_Commissures_Tracing_old versions and back-ups_Remaining_Remaining_comm_.293.nmx	161183|114381|122874	548	david/1_Commissures/Tracing/old versions and back-ups/Remaining/Remaining_comm_.293.nmx	data/Projects/1_Commissures/Tracing/old versions and back-ups/Remaining/Remaining_comm_.293.nmx	david	0.28	7098	True
220	38.004	non-commissural: big-chain extra cell	non-commissural: big-chain extra cell	False		commissural_all_comm_sec_seg.nmx	161391|71834.3|155896	348	commissural/all/comm_sec_seg.nmx	data/data_Tracing/commissural/all/comm_sec_seg.nmx	commissural	0.75	7807	False
221	170.2	commissural 2nd-segment	commissural 2nd-segment (new, not in PlatyBrowser)	False		commissural_all_comm_sec_seg.021.nmx	163525|128921|105017	177	commissural/all/comm_sec_seg.021.nmx	data/data_Tracing/commissural/all/comm_sec_seg.021.nmx	commissural	0.41	6610	False
222	169.2	commissural 2nd-segment	commissural 2nd-segment (new, not in PlatyBrowser)	False		commissural_all_comm_sec_seg.021.nmx	163525|128984|109213	88	commissural/all/comm_sec_seg.021.nmx	data/data_Tracing/commissural/all/comm_sec_seg.021.nmx	commissural	1.67	5909	False
223	32.004	non-commissural: big-chain extra cell	non-commissural: big-chain extra cell	False		commissural_all_comm_sec_seg.nmx	164891|102679|130212	703	commissural/all/comm_sec_seg.nmx	data/data_Tracing/commissural/all/comm_sec_seg.nmx	commissural	2.67	6581	False
224	29.2	commissural (finished group)	commissural (finished group)	False		david_1_Commissures_Tracing_biased_old_lbx_no_pitx_lbx_no_pitx.nmx	166053|113416|119760	710	david/1_Commissures/Tracing/biased/old/lbx_no_pitx/lbx_no_pitx.nmx	data/Projects/1_Commissures/Tracing/biased/old/lbx_no_pitx/lbx_no_pitx.nmx	david	1.13	6628	True
225	86.2	commissural (finished group)	commissural (finished group)	False		commissural_all_comm_sec_seg.001.nmx	166095|113891|120037	354	commissural/all/comm_sec_seg.001.nmx	data/data_Tracing/commissural/all/comm_sec_seg.001.nmx	commissural	1.47	7047	True
226	87.2	commissural (finished group)	commissural (finished group)	False		commissural_all_comm_sec_seg.001.nmx	166151|112528|120486	352	commissural/all/comm_sec_seg.001.nmx	data/data_Tracing/commissural/all/comm_sec_seg.001.nmx	commissural	0.39	6814	True
227	6.2	commissural (finished group)	commissural (finished group)	False		david_Common_PyKnossos_Tracing_Nk6_all_Nk6.366.nmx	166475|111436|120494	315	david/Common/PyKnossos/Tracing/Nk6_all/Nk6.366.nmx	data/Projects/Common/PyKnossos/Tracing/Nk6_all/Nk6.366.nmx	david	1.64	6361	True
228	171.2	commissural 2nd-segment	commissural 2nd-segment (new, not in PlatyBrowser)	False		commissural_all_comm_sec_seg.021.nmx	166583|132825|107147	12	commissural/all/comm_sec_seg.021.nmx	data/data_Tracing/commissural/all/comm_sec_seg.021.nmx	commissural	2.15	5908	False
229	85.2	commissural (finished group)	commissural (finished group)	False		commissural_all_comm_sec_seg.001.nmx	166763|113714|118448	553	commissural/all/comm_sec_seg.001.nmx	data/data_Tracing/commissural/all/comm_sec_seg.001.nmx	commissural	0.74	6402	True
230	46.2	commissural (finished group)	commissural (finished group)	False		commissural_all_comm_sec_seg.001.nmx	166825|113180|120711	327	commissural/all/comm_sec_seg.001.nmx	data/data_Tracing/commissural/all/comm_sec_seg.001.nmx	commissural	0.45	6399	True
231	78.2	commissural (finished group)	commissural (finished group)	False		commissural_all_comm_sec_seg.001.nmx	166884|111342|122360	326	commissural/all/comm_sec_seg.001.nmx	data/data_Tracing/commissural/all/comm_sec_seg.001.nmx	commissural	0.85	7281	True
232	48.2	commissural (finished group)	commissural (finished group)	False		commissural_all_comm_sec_seg.001.nmx	166972|112092|122147	683	commissural/all/comm_sec_seg.001.nmx	data/data_Tracing/commissural/all/comm_sec_seg.001.nmx	commissural	0.54	7248	True
233	8.004	non-commissural: big-chain extra cell	non-commissural: big-chain extra cell	False		commissural_all_comm_sec_seg.nmx	166999|89516.8|131755	29	commissural/all/comm_sec_seg.nmx	data/data_Tracing/commissural/all/comm_sec_seg.nmx	commissural	2.43	7046	False
234	80.2	commissural (finished group)	commissural (finished group)	False		david_1_Commissures_Tracing_old versions and back-ups_Remaining_Remaining_comm_.165.nmx	167045|111747|122203	318	david/1_Commissures/Tracing/old versions and back-ups/Remaining/Remaining_comm_.165.nmx	data/Projects/1_Commissures/Tracing/old versions and back-ups/Remaining/Remaining_comm_.165.nmx	david	0.71	6354	True
235	79.2	commissural (finished group)	commissural (finished group)	False		commissural_all_comm_sec_seg.001.nmx	167084|110710|123177	242	commissural/all/comm_sec_seg.001.nmx	data/data_Tracing/commissural/all/comm_sec_seg.001.nmx	commissural	0.58	6399	True
236	7.004	non-commissural: big-chain extra cell	non-commissural: big-chain extra cell	False		commissural_all_comm_sec_seg.nmx	167131|89058.8|131480	160	commissural/all/comm_sec_seg.nmx	data/data_Tracing/commissural/all/comm_sec_seg.nmx	commissural	1.45	7047	False
237	88.2	commissural (finished group)	commissural (finished group)	False		commissural_all_comm_sec_seg.001.nmx	167138|113610|121343	219	commissural/all/comm_sec_seg.001.nmx	data/data_Tracing/commissural/all/comm_sec_seg.001.nmx	commissural	1.13	7074	True
238	9.0	non-commissural: big-chain extra cell	non-commissural: big-chain extra cell	False		david_1_Commissures_Tracing_old versions and back-ups_Commissures tracing_old_commissral_interneuron_1.083.nmx	167224|89142.7|131722	363	david/1_Commissures/Tracing/old versions and back-ups/Commissures tracing_old/commissral_interneuron_1.083.nmx	data/Projects/1_Commissures/Tracing/old versions and back-ups/Commissures tracing_old/commissral_interneuron_1.083.nmx	david	0.85	7624	False
239	186.2	commissural (finished group)	commissural (finished group)	False		commissural_all_comm_sec_seg.001.nmx	167517|113454|122053	135	commissural/all/comm_sec_seg.001.nmx	data/data_Tracing/commissural/all/comm_sec_seg.001.nmx	commissural	0.97	6841	True
240	81.2	commissural (finished group)	commissural (finished group)	False		david_1_Commissures_Tracing_old versions and back-ups_Remaining_Remaining_comm_.178.nmx	167528|113383|121742	339	david/1_Commissures/Tracing/old versions and back-ups/Remaining/Remaining_comm_.178.nmx	data/Projects/1_Commissures/Tracing/old versions and back-ups/Remaining/Remaining_comm_.178.nmx	david	0.49	7047	True
241	47.2	commissural (finished group)	commissural (finished group)	False		commissural_all_comm_sec_seg.001.nmx	167675|113173|121333	381	commissural/all/comm_sec_seg.001.nmx	data/data_Tracing/commissural/all/comm_sec_seg.001.nmx	commissural	0.90	6399	True
242	83.2	commissural (finished group)	commissural (finished group)	False		commissural_all_comm_sec_seg.001.nmx	168467|110636|121388	386	commissural/all/comm_sec_seg.001.nmx	data/data_Tracing/commissural/all/comm_sec_seg.001.nmx	commissural	0.74	6101	True
243	84.2	commissural (finished group)	commissural (finished group)	False		commissural_all_comm_sec_seg.001.nmx	168517|111524|121198	548	commissural/all/comm_sec_seg.001.nmx	data/data_Tracing/commissural/all/comm_sec_seg.001.nmx	commissural	0.50	7903	True
244	77.2	commissural (finished group)	commissural (finished group)	False		commissural_all_comm_sec_seg.001.nmx	168733|110589|121166	358	commissural/all/comm_sec_seg.001.nmx	data/data_Tracing/commissural/all/comm_sec_seg.001.nmx	commissural	0.81	6355	True
245	74.2	commissural (finished group)	commissural (finished group)	False		david_1_Commissures_Tracing_old versions and back-ups_Remaining_Remaining_comm_.081.nmx	168775|111882|120501	703	david/1_Commissures/Tracing/old versions and back-ups/Remaining/Remaining_comm_.081.nmx	data/Projects/1_Commissures/Tracing/old versions and back-ups/Remaining/Remaining_comm_.081.nmx	david	0.85	6354	True
246	82.2	commissural (finished group)	commissural (finished group)	False		commissural_all_comm_sec_seg.001.nmx	168817|112032|121153	526	commissural/all/comm_sec_seg.001.nmx	data/data_Tracing/commissural/all/comm_sec_seg.001.nmx	commissural	0.56	7105	True
247	76.2	commissural (finished group)	commissural (finished group)	False		commissural_all_comm_sec_seg.001.nmx	168933|111639|121860	687	commissural/all/comm_sec_seg.001.nmx	data/data_Tracing/commissural/all/comm_sec_seg.001.nmx	commissural	0.49	5622	True
248	71.2	commissural (finished group)	commissural (finished group)	False		commissural_all_comm_sec_seg.001.nmx	168975|112073|120339	301	commissural/all/comm_sec_seg.001.nmx	data/data_Tracing/commissural/all/comm_sec_seg.001.nmx	commissural	0.56	6148	True
249	70.2	commissural (finished group)	commissural (finished group)	False		commissural_all_comm_sec_seg.001.nmx	169025|112059|119951	706	commissural/all/comm_sec_seg.001.nmx	data/data_Tracing/commissural/all/comm_sec_seg.001.nmx	commissural	0.70	7648	True
250	73.2	commissural (finished group)	commissural (finished group)	False		commissural_all_comm_sec_seg.001.nmx	169234|111565|120826	610	commissural/all/comm_sec_seg.001.nmx	data/data_Tracing/commissural/all/comm_sec_seg.001.nmx	commissural	0.93	6356	True
251	72.2	commissural (finished group)	commissural (finished group)	False		commissural_all_comm_sec_seg.001.nmx	169275|112542|119670	234	commissural/all/comm_sec_seg.001.nmx	data/data_Tracing/commissural/all/comm_sec_seg.001.nmx	commissural	0.62	5617	True
252	1010.0	commissural (finished group)	commissural (finished group)	False		david_1_Commissures_Tracing_old versions and back-ups_Remaining_Remaining_comm_.099.nmx	169318|112012|121284	627	david/1_Commissures/Tracing/old versions and back-ups/Remaining/Remaining_comm_.099.nmx	data/Projects/1_Commissures/Tracing/old versions and back-ups/Remaining/Remaining_comm_.099.nmx	david	0.44	5194	True
253	69.2	commissural (finished group)	commissural (finished group)	False		commissural_all_comm_sec_seg.001.nmx	169375|111768|119577	884	commissural/all/comm_sec_seg.001.nmx	data/data_Tracing/commissural/all/comm_sec_seg.001.nmx	commissural	0.63	6394	True
254	67.2	commissural (finished group)	commissural (finished group)	False		commissural_all_comm_sec_seg.001.nmx	169575|112550|119878	594	commissural/all/comm_sec_seg.001.nmx	data/data_Tracing/commissural/all/comm_sec_seg.001.nmx	commissural	0.52	6643	True
255	1	DP-only: bilateral counterpart	DP-only: bilateral counterpart	False		commissural_bilateral_counterpart_bilateral_counter.001.nmx	169659|143856|108381	80	commissural/bilateral_counterpart/bilateral_counter.001.nmx	data/data_Tracing/commissural/bilateral_counterpart/bilateral_counter.001.nmx	commissural	0.47	6153	False
256	68.2	commissural (finished group)	commissural (finished group)	False		commissural_all_comm_sec_seg.001.nmx	169700|113138|120130	275	commissural/all/comm_sec_seg.001.nmx	data/data_Tracing/commissural/all/comm_sec_seg.001.nmx	commissural	1.15	6355	True
257	66.2	commissural (finished group)	commissural (finished group)	False		commissural_all_comm_sec_seg.001.nmx	169725|111470|120899	411	commissural/all/comm_sec_seg.001.nmx	data/data_Tracing/commissural/all/comm_sec_seg.001.nmx	commissural	0.39	6356	True
258	0.0	DP-only: bilateral counterpart	DP-only: bilateral counterpart	False		commissural_bilateral_counterpart_bilateral_counter.001.nmx	169750|138157|106179	103	commissural/bilateral_counterpart/bilateral_counter.001.nmx	data/data_Tracing/commissural/bilateral_counterpart/bilateral_counter.001.nmx	commissural	1.10	6840	False
259	1000.2	commissural (finished group)	commissural (finished group)	False		commissural_all_comm_sec_seg.001.nmx	169875|111784|120857	216	commissural/all/comm_sec_seg.001.nmx	data/data_Tracing/commissural/all/comm_sec_seg.001.nmx	commissural	0.84	7624	True
260	74.2	non-commissural: big-chain extra cell	non-commissural: big-chain extra cell	False		david_1_Commissures_Tracing_old versions and back-ups_Remaining_Remaining_comm_.084.nmx	171808|103894|126275	155	david/1_Commissures/Tracing/old versions and back-ups/Remaining/Remaining_comm_.084.nmx	data/Projects/1_Commissures/Tracing/old versions and back-ups/Remaining/Remaining_comm_.084.nmx	david	2.27	6579	False
261	9.3	non-commissural: big-chain extra cell	non-commissural: big-chain extra cell	False		commissural_all_comm_sec_seg.nmx	173536|102853|125270	199	commissural/all/comm_sec_seg.nmx	data/data_Tracing/commissural/all/comm_sec_seg.nmx	commissural	0.98	5875	False
262	24.3	non-commissural: big-chain extra cell	non-commissural: big-chain extra cell	False		commissural_all_comm_sec_seg.nmx	179512|111586|117500	156	commissural/all/comm_sec_seg.nmx	data/data_Tracing/commissural/all/comm_sec_seg.nmx	commissural	2.13	6578	False
263	25.3	non-commissural: big-chain extra cell	non-commissural: big-chain extra cell	False		commissural_all_comm_sec_seg.nmx	179562|111551|116843	252	commissural/all/comm_sec_seg.nmx	data/data_Tracing/commissural/all/comm_sec_seg.nmx	commissural	1.27	5200	False
264	26.3	non-commissural: big-chain extra cell	non-commissural: big-chain extra cell	False		commissural_all_comm_sec_seg.nmx	179662|112274|116927	453	commissural/all/comm_sec_seg.nmx	data/data_Tracing/commissural/all/comm_sec_seg.nmx	commissural	0.65	5872	False
265	22.3	non-commissural: big-chain extra cell	non-commissural: big-chain extra cell	False		commissural_all_comm_sec_seg.nmx	179737|110597|118428	298	commissural/all/comm_sec_seg.nmx	data/data_Tracing/commissural/all/comm_sec_seg.nmx	commissural	2.12	6620	False
266	1.003	non-commissural: big-chain extra cell	non-commissural: big-chain extra cell	False		commissural_all_comm_sec_seg.nmx	180200|96363.3|112007	435	commissural/all/comm_sec_seg.nmx	data/data_Tracing/commissural/all/comm_sec_seg.nmx	commissural	2.45	6580	False
267	2.003	non-commissural: big-chain extra cell	non-commissural: big-chain extra cell	False		commissural_all_comm_sec_seg.nmx	181875|108183|101883	119	commissural/all/comm_sec_seg.nmx	data/data_Tracing/commissural/all/comm_sec_seg.nmx	commissural	0.71	5875	False
268	23.3	non-commissural: big-chain extra cell	non-commissural: big-chain extra cell	False		commissural_all_comm_sec_seg.nmx	182212|111122|117650	210	commissural/all/comm_sec_seg.nmx	data/data_Tracing/commissural/all/comm_sec_seg.nmx	commissural	0.32	5875	False
269	75.004	non-commissural: big-chain extra cell	non-commissural: big-chain extra cell	False		commissural_all_comm_sec_seg.nmx	184206|115691|108966	468	commissural/all/comm_sec_seg.nmx	data/data_Tracing/commissural/all/comm_sec_seg.nmx	commissural	0.36	5882	False
270	6.1	non-commissural: big-chain extra cell	non-commissural: big-chain extra cell	False		commissural_all_comm_sec_seg.nmx	184242|109303|118190	583	commissural/all/comm_sec_seg.nmx	data/data_Tracing/commissural/all/comm_sec_seg.nmx	commissural	0.55	6861	False
271	4.004	non-commissural: big-chain extra cell	non-commissural: big-chain extra cell	False		commissural_all_comm_sec_seg.nmx	197196|110216|116884	130	commissural/all/comm_sec_seg.nmx	data/data_Tracing/commissural/all/comm_sec_seg.nmx	commissural	1.17	6367	False
272	5.2	non-commissural: big-chain extra cell	non-commissural: big-chain extra cell	False		david_Common_PyKnossos_Tracing_Nk6_all_Nk6.362.nmx	199450|106143|119679	292	david/Common/PyKnossos/Tracing/Nk6_all/Nk6.362.nmx	data/Projects/Common/PyKnossos/Tracing/Nk6_all/Nk6.362.nmx	david	0.70	6109	False
273	0.18	non-commissural: p0 / V0 class	non-commissural: p0 / V0 class	False		david_1_Commissures_Tracing_biased_old_p0v0_all.nmx	201100|105854|90869.2	49	david/1_Commissures/Tracing/biased/old/p0v0_all.nmx	data/Projects/1_Commissures/Tracing/biased/old/p0v0_all.nmx	david	1.10	5629	False
274	171	non-commissural: TF-biased project: sim_hox4 (sim+/hox4+)	non-commissural: TF-biased project: sim_hox4 (sim+/hox4+)	False		david_1_Commissures_Tracing_biased_sim_hox4_sim_hox4.009.nmx	205548|83209.2|101779	44	david/1_Commissures/Tracing/biased/sim_hox4/sim_hox4.009.nmx	data/Projects/1_Commissures/Tracing/biased/sim_hox4/sim_hox4.009.nmx	david	6.10	5826	False
275	25243.0	non-commissural: TF-biased project: sim_hox4 (sim+/hox4+)	non-commissural: TF-biased project: sim_hox4 (sim+/hox4+)	False		david_1_Commissures_Tracing_biased_sim_hox4_sim_hox4.011.nmx	206275|98588.2|89397.9	17	david/1_Commissures/Tracing/biased/sim_hox4/sim_hox4.011.nmx	data/Projects/1_Commissures/Tracing/biased/sim_hox4/sim_hox4.011.nmx	david	1.44	5094	False
276	170	non-commissural: TF-biased project: sim_hox4 (sim+/hox4+)	non-commissural: TF-biased project: sim_hox4 (sim+/hox4+)	False		david_1_Commissures_Tracing_biased_sim_hox4_sim_hox4.008.nmx	207510|94939|96534.5	26	david/1_Commissures/Tracing/biased/sim_hox4/sim_hox4.008.nmx	data/Projects/1_Commissures/Tracing/biased/sim_hox4/sim_hox4.008.nmx	david	2.06	6118	False
277	25220.0	non-commissural: TF-biased project: sim_hox4 (sim+/hox4+)	non-commissural: TF-biased project: sim_hox4 (sim+/hox4+)	False		david_1_Commissures_Tracing_biased_sim_hox4_sim_hox4.013.nmx	208025|94752.3|97028.8	109	david/1_Commissures/Tracing/biased/sim_hox4/sim_hox4.013.nmx	data/Projects/1_Commissures/Tracing/biased/sim_hox4/sim_hox4.013.nmx	david	1.69	6581	False
278	25409.0	non-commissural: TF-biased project: sim_hox4 (sim+/hox4+)	non-commissural: TF-biased project: sim_hox4 (sim+/hox4+)	False		david_1_Commissures_Tracing_biased_sim_hox4_sim_hox4.010.nmx	208425|82000.3|100306	22	david/1_Commissures/Tracing/biased/sim_hox4/sim_hox4.010.nmx	data/Projects/1_Commissures/Tracing/biased/sim_hox4/sim_hox4.010.nmx	david	7.23	5592	False
279	168	non-commissural: TF-biased project: sim_hox4 (sim+/hox4+)	non-commissural: TF-biased project: sim_hox4 (sim+/hox4+)	False		david_1_Commissures_Tracing_biased_sim_hox4_sim_hox4.005.nmx	209900|80225.1|104391	64	david/1_Commissures/Tracing/biased/sim_hox4/sim_hox4.005.nmx	data/Projects/1_Commissures/Tracing/biased/sim_hox4/sim_hox4.005.nmx	david	7.52	6628	False
280	25821.0	non-commissural: TF-biased project: sim_hox4 (sim+/hox4+)	non-commissural: TF-biased project: sim_hox4 (sim+/hox4+)	False		david_1_Commissures_Tracing_biased_sim_hox4_sim_hox4.015.nmx	211200|96906.7|91028.6	124	david/1_Commissures/Tracing/biased/sim_hox4/sim_hox4.015.nmx	data/Projects/1_Commissures/Tracing/biased/sim_hox4/sim_hox4.015.nmx	david	1.69	6581	False
281	1.3	non-commissural: eve (paper)	non-commissural: eve (paper)	False		david_1_Commissures_Tracing_biased_Pyg_git_pyg.005.nmx	238500|78392.7|108516	52	david/1_Commissures/Tracing/biased/Pyg/git/pyg.005.nmx	data/Projects/1_Commissures/Tracing/biased/Pyg/git/pyg.005.nmx	david	13.82	5831	False
282	1.1	non-commissural: eve (paper)	non-commissural: eve (paper)	False		david_1_Commissures_Tracing_biased_Pyg_git_pyg.005.nmx	241225|78003.4|115126	56	david/1_Commissures/Tracing/biased/Pyg/git/pyg.005.nmx	data/Projects/1_Commissures/Tracing/biased/Pyg/git/pyg.005.nmx	david	11.11	5831	False
283	2	non-commissural: Pyg	non-commissural: Pyg	False		david_1_Commissures_Tracing_biased_Pyg_git_pyg.002.nmx	241350|73958.2|111757	13	david/1_Commissures/Tracing/biased/Pyg/git/pyg.002.nmx	data/Projects/1_Commissures/Tracing/biased/Pyg/git/pyg.002.nmx	david	32.19	5831	False
284	1.2	non-commissural: eve (paper)	non-commissural: eve (paper)	False		david_1_Commissures_Tracing_biased_Pyg_git_pyg.001.nmx	243125|95140.8|96226.4	28	david/1_Commissures/Tracing/biased/Pyg/git/pyg.001.nmx	data/Projects/1_Commissures/Tracing/biased/Pyg/git/pyg.001.nmx	david	21.86	5360	False
