label_id	most_probable_subtype	most_probable_broad_type	anchor_x	anchor_y	anchor_z	bb_min_x	bb_min_y	bb_min_z	bb_max_x	bb_max_y	bb_max_z	cell_id	kevin_head_traces_id	david_motorneuron_2nd_segment_traces_id
6	clade10sub8	Motile cilia	170.08	174.24	15.3	156.8	165.6	5.0	174.0	184.32	54.6	745	32	0
10	clade10sub20	Motile cilia	197.52	141.92	20.3	176.32	125.76	5.9	208.64	145.28	47.9	1108	341	0
23	clade11sub4subsub2-5-8	Developing neurons	199.84	141.04	32.9	187.44	137.28	11.1	202.56	143.92000000000004	42.2	1540	169	0
39	clade11sub4subsub6	Central nervous system	202.8	139.68	40.5	180.64	117.6	10.3	206.48	143.28	53.6	2842	42	0
58	clade11sub8subsub0	Central nervous system	151.28	202.56	55.7	149.04	180.48	49.7	175.2	207.12	57.7	4483	92	0
80	clade11sub15subsub4	Central nervous system	180.8	209.92	58.6	169.28	175.84	53.9	204.24	213.36	62.2	5403	627	0
95	clade10sub14	Motile cilia	185.84	141.84	70.9	168.4	138.8	62.2	188.8	153.68	72.9	6246	708	0
100	clade7sub8	Somatic musculature	146.16	164.24	71.3	142.96	154.56	59.9	154.08	166.88	72.7	7012	527	0
114			232.4	148.24	77.6	216.4	142.96	68.6	236.16	160.64	82.6	0	303	0
118	clade11sub3subsub7	Anterior nervous system	229.84	186.96	77.5	204.08	173.76	53.5	238.64	190.32	78.80000000000003	7942	723	0
124	clade11sub3subsub7	Anterior nervous system	224.96	176.96	78.4	198.32	170.88	58.1	235.52	195.44	80.2	8101	721	0
148	clade11sub20subsub3	Central nervous system	114.72	144.48	97.3	108.64	139.12	95.5	136.48	155.92	134.5	10379	553	0
251	clade9sub7	Developing neurons	125.84	118.4	152.3	116.88	107.52	110.7	155.36	209.12	155.4	18180	0	84
269	clade11sub22subsub4	Developing neurons	123.04	115.36	157.5	102.24	110.16	103.3	160.24	138.16	166.1	20037	0	37
291	clade11sub6subsub10	Motile cilia	120.08	113.12	169.7	100.56	97.76	167.7	127.04	137.28	190.4	12942	0	48
436	nocladesub2	Epidermis	193.6	159.84	6.7	167.84	126.8	4.5	198.88	162.0	55.8	200	664	0
503			196.32	158.16	9.6	194.0	154.72	7.1000000000000005	222.4	161.04	51.1	0	669	0
505	clade10sub3subsub5-9	Motile cilia	196.96	154.56	11.8	194.48	131.92	9.7	220.88	161.84	58.6	513	670	0
506			198.64	161.6	9.9	196.24	150.64	1.3	223.76	164.0	49.3	0	665	0
510	clade10sub3subsub5-9	Motile cilia	201.68	165.12	11.0	195.52	156.56	8.3	223.04	167.84	63.2	417	666	0
537	nocladesub3	Motile cilia	170.16	175.12	12.7	157.28	164.24	5.4	173.84	189.92	49.3	406	37	0
636	clade9sub13	Central nervous system	190.56	158.32	15.5	172.72	145.6	11.5	193.92	163.76	45.0	725	663	0
637	clade9sub13	Central nervous system	191.12	162.56	15.0	186.96	160.24	11.5	193.28	165.12	48.8	614	657	0
641	clade11sub23	Central nervous system	191.84	157.76	18.4	167.44	147.6	14.1	195.52	179.28	54.0	852	661	0
642	clade9sub13	Central nervous system	194.48	161.2	14.7	184.4	158.56	10.4	196.48	172.8	50.5	615	658	0
645	clade10sub3subsub5-9	Motile cilia	198.24	158.96	14.2	195.68	149.28	0.2	221.84	161.6	45.1	617	668	0
649	clade10sub3subsub5-9	Motile cilia	201.84	160.64	15.2	199.92	148.8	1.8	222.88	163.68	64.6	389	667	0
653	clade10sub19	Motile cilia	207.36	147.2	14.3	205.52	144.96	0.2	222.08	160.88	41.3	256	357	0
656	clade10sub9	Motile cilia	210.56	146.64	14.6	208.72	142.8	0.3	223.84	161.92	46.4	364	367	0
674	clade9sub7	Motile cilia	166.16	171.2	18.0	156.96	163.6	5.7	173.84	185.36	52.5	743	265	0
675	clade9sub7	Motile cilia	169.36	178.08	14.4	156.56	164.64	4.9	173.6	187.68	53.4	649	259	0
678	clade10sub9	Motile cilia	173.92	185.12	15.0	157.12	168.24	9.7	176.24	193.6	43.5	772	283	0
680	clade10sub9	Motile cilia	177.2	181.6	15.5	154.56	163.76	4.8	180.4	195.28	48.3	896	281	0
693	clade11sub23	Central nervous system	193.6	165.76	16.5	187.28	159.84	13.5	200.16	177.76	43.7	884	656	0
716	clade10sub19	Motile cilia	216.32	171.2	15.5	208.16	151.84	0.1	223.92	174.64	37.5	538	26	0
734	clade10sub3subsub5-9	Motile cilia	177.28	186.96	14.7	157.68	167.12	8.8	179.28	191.84	47.6	774	287	0
771	clade9sub7	Developing neurons	188.0	141.52	21.2	177.36	131.6	4.9	198.56	150.16	57.0	1099	347	0
772			191.12	136.88	18.2	181.52	132.72	5.6	193.84	139.68	21.6	0	349	0
774	clade9sub7	Developing neurons	191.44	142.24	21.8	176.96	132.72	5.1	198.88	149.84	49.7	1102	337	0
778	clade9sub7	Motile cilia	195.76	137.92	20.8	181.92	132.56	5.8	200.4	140.24	27.2	953	345	0
780	clade9sub7	Motile cilia	200.72	135.92	17.6	182.48	133.04	5.4	203.92	146.4	53.3	825	176	0
788	clade10sub9	Motile cilia	208.96	141.36	24.2	182.48	135.84	8.4	211.12	154.88	57.8	1258	173	0
812	clade9sub7	Developing neurons	188.88	145.92	21.3	175.2	136.24	7.7	199.52	149.84	45.6	950	331	0
813	clade11sub8subsub1-4	Central nervous system	189.28	161.76	19.2	184.0	159.44	15.7	191.36	164.72	26.4	851	660	0
815	clade11sub23	Central nervous system	191.76	162.96	23.1	186.64	160.8	18.9	202.8	182.88	42.8	1154	655	0
817	clade11sub23	Central nervous system	195.36	163.2	19.0	183.84	160.48	16.400000000000002	198.0	173.76	51.0	1138	659	0
818	clade11sub23	Central nervous system	195.92	158.4	20.3	184.64	155.36	16.900000000000002	198.4	164.16	43.5	988	662	0
819	clade11sub8subsub0	Developing neurons	195.92	146.0	20.2	176.16	131.92	5.3	201.36	150.8	51.4	967	323	0
827	clade11sub4subsub2-5-8	Motile cilia	205.28	158.16	23.4	202.88	156.0	19.5	216.32	161.04	36.7	514	77	0
832	clade11sub4subsub2-5-8	Motile cilia	209.84	160.8	18.6	203.52	148.08	0.2	221.52	163.44	64.4	730	371	0
833	clade10sub9	Motile cilia	211.52	152.48	23.7	209.12	143.52	0.6	222.56	161.68	59.2	969	351	0
834	clade10sub3subsub5-9	Motile cilia	211.92	154.88	18.9	174.88	116.24	0.2	222.0	162.56	62.6	622	369	0
835	clade10sub3subsub5-9	Motile cilia	213.12	149.84	20.6	210.32	144.72	0.2	221.2	160.72	53.4	1123	353	0
837	clade11sub4subsub2-5-8	Motile cilia	212.56	159.92	20.8	188.72	148.24	0.1	221.12	180.72	65.5	995	373	0
838	clade10sub3subsub5-9	Motile cilia	215.68	153.52	19.5	204.96	143.76	0.1	223.2	161.44	61.6	365	355	0
839	clade11sub4subsub2-5-8	Motile cilia	216.32	160.08	19.3	203.28	146.08	0.1	221.52	163.28	64.1	734	375	0
841	clade10sub9	Motile cilia	219.36	154.64	20.2	176.08	117.52	0.1	222.8	162.16	62.5	835	359	0
843	clade10sub9	Motile cilia	220.96	158.0	24.1	196.56	130.48	0.1	223.12	162.4	59.5	996	98	0
847	clade9sub7	Motile cilia	226.08	159.84	23.6	212.0	148.8	0.2	228.96	165.84	61.3	1293	30	0
868	clade9sub7	Motile cilia	165.12	178.8	18.6	156.0	168.72	9.6	169.12	189.92	41.1	1031	273	0
869	clade10sub19	Motile cilia	167.36	174.48	20.7	152.4	162.64	4.2	170.08	188.16	46.0	1008	263	0
870	clade9sub7	Motile cilia	167.68	182.96	17.8	155.68	167.68	7.8	170.0	190.88	42.0	1034	277	0
872	clade9sub7	Motile cilia	169.68	178.48	17.7	157.12	167.76	10.1	172.72	192.96	51.9	1033	269	0
873	clade10sub19	Motile cilia	171.76	175.36	19.8	155.76	163.68	5.2	174.08	190.0	52.8	875	261	0
874	clade10sub3subsub5-9	Motile cilia	171.52	182.72	20.1	154.8	164.72	4.6	173.52	194.4	46.6	1032	285	0
875	clade11sub8subsub0	Motile cilia	174.72	180.8	18.8	153.68	161.76	4.9	177.04	192.88	57.6	1035	271	0
876	clade11sub23	Central nervous system	175.84	176.96	18.4	156.4	164.08	4.8	178.08	184.8	56.5	1009	275	0
894	clade11sub9subsub4	Central nervous system	193.44	171.52	22.2	165.52	137.36	19.0	196.48	174.64	40.9	1312	652	0
896	clade11sub23	Central nervous system	193.92	167.04	24.0	181.52	164.64	19.700000000000006	196.48	174.0	44.2	1442	651	0
923	clade10sub9	Motile cilia	225.84	170.4	19.8	186.64	122.4	0.1	229.6	172.48	59.6	1025	719	0
924	clade10sub9	Motile cilia	227.04	166.16	20.0	200.48	149.92	0.1	229.92	169.44	63.8	628	720	0
952	clade11sub4subsub2-5-8	Motile cilia	183.84	194.48	20.8	171.52	192.32	0.1	190.0	209.68	59.4	1058	411	0
957	clade11sub18subsub2	Motile cilia	189.36	193.04	18.5	174.72	188.72	0.1	192.96	208.88	62.8	778	413	0
959	clade11sub4subsub2-5-8	Developing neurons	192.16	198.72	21.0	168.96	191.04	0.2	194.64	208.8	64.3	1364	415	0
1010	clade9sub7	Developing neurons	191.44	143.36	28.4	176.08	130.16	5.4	204.72	147.04	58.5	1538	321	0
1012	clade9sub7	Motile cilia	193.52	140.08	23.9	174.0	124.96	6.9	196.8	146.4	39.8	1396	339	0
1015	clade11sub7subsub6	Developing neurons	195.2	145.04	25.1	177.36	126.48	5.2	205.52	147.68	50.3	1397	327	0
1018	clade10sub9	Motile cilia	200.0	139.92	23.3	181.52	133.04	5.7	202.88	142.4	36.5	1103	343	0
1019	clade10sub9	Developing neurons	200.64	144.4	22.3	176.96	128.88	5.4	208.32	147.12	51.2	1399	325	0
1024	clade10sub9	Motile cilia	204.72	140.4	29.0	180.0	125.92	6.9	207.84	142.48	57.5	824	166	0
1025	clade9sub16	Developing neurons	208.64	137.6	27.1	174.08	129.6	8.7	210.96	193.68	66.9	1104	171	0
1046	clade10sub19	Motile cilia	184.4	152.48	24.1	180.08	135.28	21.700000000000006	202.88	155.12	57.2	1411	52	0
1047	clade10sub19	Motile cilia	185.28	150.0	27.2	180.64	141.76	23.700000000000006	200.88	152.48	50.4	1413	50	0
1053	clade11sub8subsub0	Developing neurons	193.04	148.08	23.3	180.4	140.64	13.2	202.32	150.56	45.7	1271	329	0
1056	clade11sub23	Central nervous system	194.56	162.08	25.3	175.92	152.24	19.0	199.12	165.36	34.3	1423	653	0
1057	clade11sub8subsub0	Developing neurons	197.92	148.0	26.1	173.84	124.64	6.0	205.84	150.16	55.2	1548	333	0
1070	clade10sub22	Developing neurons	214.8	156.32	27.3	197.92	145.76	0.4	221.36	162.72	63.8	1425	39	0
1073	clade10sub9	Motile cilia	215.92	152.24	22.4	197.36	146.72	5.8	222.8	161.04	63.9	1277	96	0
1075	clade10sub9	Motile cilia	218.56	153.92	24.8	196.0	142.56	0.6	222.72	161.84	63.9	1125	361	0
1076	clade10sub9	Motile cilia	220.32	160.8	23.3	204.16	146.0	0.2	222.88	164.32	64.1	733	377	0
1079	clade10sub9	Motile cilia	221.44	156.16	26.6	194.32	147.12	5.4	223.76	161.84	64.2	1415	365	0
1081	clade10sub9	Motile cilia	223.52	158.08	25.0	193.68	148.16	0.2	225.44	163.68	64.3	1428	379	0
1118	clade10sub8	Motile cilia	169.68	178.64	21.9	155.76	168.56	12.4	172.4	191.44	42.7	1172	279	0
1143	clade11sub23	Central nervous system	197.36	165.52	25.9	182.56	159.36	21.700000000000006	200.48	168.4	40.6	1594	654	0
1172	clade10sub9	Motile cilia	226.56	172.16	25.2	203.92	147.12	0.2	229.36	174.8	62.9	1601	718	0
1175	clade10sub19	Motile cilia	230.0	167.2	23.4	196.24	147.2	0.1	231.84	170.24	63.5	1448	712	0
1211	clade11sub4subsub2-5-8	Developing neurons	187.92	199.12	25.6	177.84	194.72	0.1	190.96	207.92	42.5	1646	409	0
1212	clade11sub18subsub2	Central nervous system	188.32	203.84	26.3	167.52	188.8	8.1	190.48	208.24	61.8	1796	407	0
1214	clade11sub4subsub2-5-8	Developing neurons	189.84	196.72	26.8	171.68	190.0	21.8	192.64	209.04	61.6	928	81	0
1218	clade11sub8subsub0	Developing neurons	195.04	195.76	23.6	177.6	189.92	0.1	197.84	208.64	61.1	1059	395	0
1223	clade11sub8subsub0	Central nervous system	198.24	200.08	25.0	171.84	187.68	0.4	200.96	207.6	61.0	1506	399	0
1251	clade10sub9	Motile cilia	187.68	208.56	23.4	150.48	184.48	0.0	190.16	213.44	57.4	1501	405	0
1299	clade11sub7subsub6	Developing neurons	206.64	142.88	29.5	177.68	121.2	6.6	209.36	186.64	63.9	1849	178	0
1301	clade11sub4subsub2-5-8	Developing neurons	202.8	137.92	34.7	183.36	124.8	9.9	209.76	144.56	47.3	1834	167	0
1303	clade11sub7subsub6	Developing neurons	208.0	136.16	33.4	182.64	123.6	10.1	210.96	142.0	60.3	2328	164	0
1306	clade11sub7subsub6	Developing neurons	208.48	140.32	33.9	181.36	124.56	9.9	212.56	144.4	52.7	2329	162	0
1337	clade11sub9subsub4	Central nervous system	187.12	159.2	29.7	165.92	141.92	19.2	190.16	161.92000000000004	38.0	1885	671	0
1348	clade11sub8subsub0	Developing neurons	198.72	152.08	27.0	177.92	129.68	8.2	207.44	180.16	63.6	1703	335	0
1365	clade11sub4subsub6	Developing neurons	215.44	161.6	30.5	212.8	146.08	0.2	221.92	165.20000000000005	49.9	1124	363	0
1387	clade10sub21	Motile cilia	142.4	175.36	32.4	138.24	160.24	15.6	162.96	187.2	50.0	2209	195	0
1388	clade10sub3subsub5-9	Motile cilia	143.52	183.04	29.0	140.96	166.96	10.8	186.88	189.36	48.8	1922	203	0
1389	clade10sub21	Motile cilia	145.04	175.84	29.5	135.92	165.36	13.7	163.68	187.52	48.5	1900	197	0
1390	clade10sub13	Motile cilia	145.44	180.88	26.7	136.64	165.44	9.2	163.6	188.96	53.2	1921	199	0
1393	clade11sub18subsub2	Motile cilia	147.36	183.52	31.7	141.6	143.04	6.5	209.68	195.6	67.1	2077	207	0
1399	clade10sub22	Motile cilia	152.0	183.28	31.6	136.32	163.28	11.6	182.0	194.64	63.5	2229	179	0
1474	clade11sub7subsub6	Developing neurons	229.44	172.56	28.3	194.8	150.08	0.1	231.68	174.96	64.0	1743	713	0
1476	clade10sub9	Motile cilia	230.4	166.24	28.5	190.24	148.4	0.2	233.84	180.48	66.6	1565	716	0
1477	clade10sub22	Motile cilia	232.08	169.92	30.8	201.92	140.24	0.2	235.2	172.96	59.8	1024	714	0
1482	clade10sub9	Motile cilia	144.48	186.88	30.1	133.6	170.88	6.5	160.48	192.0	57.7	2076	205	0
1532	clade11sub15subsub4	Central nervous system	195.84	202.0	33.7	166.72	190.24	0.0	198.48	208.0	62.8	1648	393	0
1581	clade9sub7	Developing neurons	197.6	208.72	30.3	188.88	199.28	26.200000000000006	199.92	212.72	42.6	2140	387	0
1583	clade11sub8subsub0	Central nervous system	200.56	207.68	32.1	152.24	188.08	21.2	203.44	210.32	58.3	2299	101	0
1640	clade11sub4subsub2-5-8	Developing neurons	205.68	139.36	34.5	180.4	121.92	10.0	208.24	141.6	52.0	2173	160	0
1678	clade11sub23	Central nervous system	185.6	152.4	36.6	176.72	145.84	34.1	195.92	171.84	53.6	1715	429	0
1691	clade11sub8subsub0	Central nervous system	194.32	152.48	38.2	184.8	147.68	34.6	197.92	169.52	53.3	2860	425	0
1697	clade11sub8subsub0	Central nervous system	202.24	155.6	38.0	198.64	149.12	34.300000000000004	207.68	158.08	53.6	2878	459	0
1708	clade11sub8subsub0	Developing neurons	211.68	158.64	37.1	200.16	129.6	13.7	219.68	197.44	69.0	1404	465	0
1716	clade11sub8subsub0	Central nervous system	215.68	153.28	36.9	202.16	130.24	13.5	219.2	155.6	58.4	2691	471	0
1718	clade11sub7subsub6	Developing neurons	220.4	160.16	31.8	203.36	147.68	0.2	222.88	162.96	63.2	2197	100	0
1719	clade11sub7subsub6	Developing neurons	220.88	155.68	36.2	199.04	143.76	32.800000000000004	223.84	158.16	52.6	2533	479	0
1745	clade10sub22	Motile cilia	146.8	173.2	36.8	138.64	165.52	15.3	188.08	187.76	49.3	2210	201	0
1747	clade10sub19	Motile cilia	147.52	182.8	35.4	140.48	167.12	14.0	164.64	189.04	48.4	2394	183	0
1748	clade10sub3subsub5-9	Motile cilia	148.0	179.04	31.2	139.04	167.52	6.9	166.64	191.6	52.0	2230	181	0
1818	clade11sub9subsub3	Motile cilia	231.84	166.88	33.3	210.8	149.28	0.0	234.64	169.04	64.5	2072	715	0
1827	clade10sub9	Motile cilia	145.12	187.76	33.9	136.16	164.96	11.0	177.12	191.68	57.4	2395	187	0
1861	clade11sub8subsub0	Developing neurons	175.84	204.0	35.5	167.04	181.92	33.0	177.92000000000004	207.44	48.4	2783	487	0
1880	clade11sub9subsub4	Central nervous system	196.32	205.44	37.7	177.2	186.88	0.2	199.6	208.24	61.2	2788	103	0
1885	clade11sub9subsub4	Central nervous system	201.84	204.0	32.5	184.8	184.08	12.2	205.12	207.76	60.9	2143	397	0
1935	clade11sub9subsub3	Central nervous system	186.32	207.2	40.3	174.48	190.4	0.1	190.64	209.12	61.2	2444	79	0
1937	clade11sub9subsub4	Central nervous system	193.6	210.0	36.7	176.32	180.56	0.1	195.92	212.8	64.0	2139	403	0
1938	clade11sub9subsub4	Central nervous system	195.68	209.76	33.7	169.52	190.72	22.6	200.96	212.72	62.2	2445	401	0
2040	clade9sub22	Developing neurons	183.84	148.0	42.5	180.4	145.04	35.3	188.4	151.44	47.7	3028	590	0
2043	clade11sub8subsub1-4	Central nervous system	190.96	148.48	42.3	187.2	146.32	38.0	202.32	156.4	53.6	3205	417	0
2044	clade11sub23	Central nervous system	188.48	152.0	43.8	180.8	146.64	39.7	197.52	169.68	54.1	3357	421	0
2052	clade11sub8subsub0	Central nervous system	198.0	152.0	40.6	195.2	142.64	36.0	205.84	153.92000000000004	51.9	2861	481	0
2053	clade11sub8subsub0	Central nervous system	200.56	149.28	39.6	197.68	144.16	36.6	206.96	151.52	52.8	3031	473	0
2055	clade11sub7subsub6	Developing neurons	200.96	145.52	43.5	198.32	143.36	38.1	206.88	152.08	54.6	3208	469	0
2062	clade11sub8subsub0	Central nervous system	208.08	156.8	41.1	197.28	147.28	37.5	211.76	159.28	49.5	3229	455	0
2064	clade11sub8subsub0	Central nervous system	210.88	154.88	39.2	191.04	146.8	36.0	214.16	157.20000000000005	53.8	2881	463	0
2070	clade11sub8subsub0	Developing neurons	215.84	157.84	39.8	202.56	130.32	13.6	219.6	159.84	56.2	2692	457	0
2072	clade11sub8subsub0	Central nervous system	213.52	155.12	42.3	199.28	145.28	39.1	216.72	157.44	51.0	3391	439	0
2089	clade10sub9	Motile cilia	129.12	176.64	42.1	126.08	131.52	38.9	139.84	180.32	130.5	3413	644	0
2094	clade11sub23	Central nervous system	135.84	172.08	42.5	133.76	162.24	38.7	186.8	178.72	52.3	3403	611	0
2096	clade11sub8subsub0	Motile cilia	140.24	174.64	40.8	137.36	168.96	37.4	176.88	181.12	53.0	3240	609	0
2098	clade11sub23	Central nervous system	140.64	170.88	40.7	137.52	160.16	38.5	188.08	179.04	52.1	3241	607	0
2101	clade9sub22	Midgut	144.4	166.96	43.2	141.52	164.64	39.40000000000001	188.32	178.16	52.3	3405	605	0
2103	clade11sub18subsub2	Developing neurons	146.08	185.92	39.6	136.0	164.72	11.5	184.72	194.16	66.8	2908	189	0
2123	clade11sub8subsub1-4	Central nervous system	167.36	180.08	43.5	163.44	168.08	38.5	178.96	182.88	51.6	3258	521	0
2126	clade11sub8subsub1-4	Central nervous system	169.92	181.76	39.4	166.96	179.28	35.1	175.84	191.68	53.7	2912	519	0
2157	clade11sub9subsub4	Developing neurons	231.28	168.72	38.4	214.4	151.12	0.2	233.84	171.68	57.3	2904	717	0
2173	clade11sub18subsub2	Developing neurons	148.4	189.68	38.3	138.08	167.12	12.7	184.24	195.92	62.7	1923	191	0
2177	clade11sub7subsub6	Developing neurons	152.24	189.76	41.0	136.48	166.16	10.2	205.44	193.76	72.4	3085	193	0
2191	clade11sub8subsub0	Central nervous system	167.6	198.48	42.5	165.68	187.36	38.6	170.56	202.48	46.5	3282	491	0
2192	clade11sub8subsub0	Central nervous system	170.0	190.96	41.4	165.12	182.32	36.7	171.84	193.92	51.6	3088	485	0
2195	clade11sub8subsub0	Central nervous system	169.76	186.16	43.5	164.4	170.96	39.5	173.68	189.04	51.9	3268	489	0
2202	clade11sub8subsub0	Central nervous system	175.6	188.64	41.9	166.56	177.52	38.1	178.24	191.68	57.9	3269	497	0
2212	clade11sub23	Central nervous system	191.84	205.04	40.5	175.12	176.0	36.7	195.76	207.44	61.8	2797	73	0
2266	clade9sub17	Developing neurons	186.08	220.24	39.8	174.4	169.84	37.9	195.52	222.24	60.3	3306	534	0
2268	nocladesub19	Anterior nervous system	188.16	221.6	41.9	176.16	179.36	38.3	198.72	224.8	60.0	3481	517	0
2275	clade11sub9subsub4	Central nervous system	197.84	209.68	37.7	180.16	202.8	25.6	200.4	212.32	57.5	2630	389	0
2276	clade11sub9subsub4	Central nervous system	198.0	209.04	41.5	180.48	201.84	26.3	201.28	212.0	57.8	2447	391	0
2284	clade10sub13	Motile cilia	158.08	121.04	46.7	155.84	118.96	36.3	159.92000000000004	132.64	49.1	3655	564	0
2298	clade9sub16	Developing neurons	198.4	122.08	46.8	178.72	119.52	18.7	202.96	128.96	58.0	2988	537	0
2307	clade3.1sub23	Stem cells	139.6	143.28	47.9	134.96	136.96	40.2	142.4	161.52	108.4	3878	635	0
2314	clade7sub10	Midgut	174.4	132.64	45.3	172.32	129.84	40.1	193.12	174.88	53.8	3504	578	0
2315	clade11sub28subsub4	Motile cilia	177.2	140.4	46.1	174.72	137.68	43.2	192.72	163.2	53.9	3701	572	0
2316	clade11sub23	Heme/chitin	177.12	144.32	43.7	174.96	141.52	35.8	202.88	183.2	60.6	3520	588	0
2317	nocladesub22	Central nervous system	176.08	127.04	46.9	173.68	123.28	34.9	196.96	178.88	52.7	3866	598	0
2323	clade11sub8subsub1-4	Central nervous system	180.88	127.12	48.1	178.16	123.28	26.0	197.44	170.08	54.2	3868	600	0
2326	clade11sub37	Central nervous system	183.92	145.6	46.9	181.92	142.72	41.1	186.16	148.96	50.3	3728	592	0
2369	clade10sub19	Motile cilia	132.4	161.44	44.2	129.2	130.88	36.7	140.08	164.64	129.4	3742	640	0
2370	clade13sub3	Heme/chitin	132.96	154.4	44.2	130.88	147.6	36.7	149.68	158.16	47.1	3349	641	0
2384	clade11sub23	Central nervous system	180.56	148.16	45.7	178.08	144.56	42.3	183.28	152.08	49.3	3522	602	0
2386	clade11sub8subsub1-4	Central nervous system	187.2	148.0	44.8	184.4	144.8	42.1	196.88	150.4	53.7	3534	419	0
2387	clade11sub27subsub6	Central nervous system	189.2	146.88	48.3	185.6	142.56	43.5	196.24	148.96	55.3	3729	49	0
2388	clade11sub8subsub0	Central nervous system	192.48	146.0	47.4	189.84	143.6	42.7	200.48	151.92	53.2	3535	423	0
2392	clade11sub8subsub0	Central nervous system	202.56	152.16	43.2	194.08	146.48	40.1	206.56	154.88	52.1	3361	443	0
2393	clade11sub8subsub0	Central nervous system	204.48	149.6	45.4	189.12	147.52	43.0	207.36	158.24	56.6	3731	433	0
2395	clade11sub8subsub0	Central nervous system	207.44	154.08	45.5	198.08	147.04	42.0	211.04	157.12	49.9	3732	441	0
2397	clade11sub8subsub0	Central nervous system	209.12	150.72	44.5	195.52	145.68	40.40000000000001	212.48	153.68	56.1	3363	445	0
2401	clade11sub8subsub0	Central nervous system	213.92	151.52	44.4	194.56	147.52	40.6	217.92	154.16	52.6	3538	447	0
2402	clade11sub8subsub0	Central nervous system	214.0	157.36	46.7	195.6	144.24	42.5	218.64	159.36	52.5	3756	453	0
2406	clade11sub8subsub0	Central nervous system	214.32	153.92	47.0	196.72	147.52	44.40000000000001	218.32	156.8	50.7	3919	437	0
2408	clade11sub8subsub0	Central nervous system	220.32	153.12	43.2	201.92	150.0	41.0	224.48	156.08	51.8	3539	477	0
2410	clade11sub8subsub0	Central nervous system	221.12	154.0	45.4	199.68	144.16	43.7	224.16	156.48	54.2	3901	475	0
2431	clade10sub9	Motile cilia	126.88	172.96	46.9	124.8	155.68	38.2	137.76	175.84	104.1	3238	643	0
2434	clade11sub8subsub1-4	Central nervous system	134.8	180.64	46.2	132.32	172.08	44.2	178.72	198.64	53.2	3940	616	0
2435	clade11sub29subsub6	Central nervous system	137.84	176.48	47.9	132.8	172.08	41.0	194.96	199.28	54.3	3941	617	0
2436	clade11sub23	Central nervous system	139.2	173.84	44.4	135.2	164.0	37.7	186.08	177.36	52.0	3765	610	0
2438	clade11sub15subsub4	Central nervous system	140.48	177.2	44.0	136.96	171.44	41.40000000000001	191.44	183.84	53.0	3415	608	0
2439	clade11sub8subsub1-4	Motile cilia	139.28	183.6	43.4	133.2	158.56	19.3	147.76	190.48	69.4	1471	561	0
2440	clade9sub13	Developing neurons	141.2	168.96	46.3	137.44	166.64	43.7	179.44	186.16	51.5	3926	612	0
2443	clade11sub23	Central nervous system	143.76	172.88	46.5	140.72	166.96	37.0	176.32	189.44	52.8	3927	603	0
2445	clade11sub23	Motile cilia	147.68	167.92	46.1	144.48	164.4	34.9	202.96	186.8	62.6	3928	606	0
2522	clade11sub8subsub0	Central nervous system	168.4	196.24	45.5	165.68	182.88	43.0	171.52	201.04	55.2	3618	40	0
2524	clade11sub8subsub0	Central nervous system	171.44	194.0	46.1	166.72	176.8	41.7	174.48	198.08	55.0	3619	54	0
2525	clade11sub8subsub0	Central nervous system	172.08	190.8	44.8	166.08	182.64	41.40000000000001	176.08	194.16	52.3	3437	483	0
2527	clade11sub8subsub0	Central nervous system	172.72	188.24	46.9	167.68	182.24	44.40000000000001	175.6	191.6	51.0	3959	493	0
2528	clade11sub8subsub0	Developing neurons	175.84	200.32	45.1	161.76	178.96	43.3	178.24	203.92	50.4	3813	501	0
2529	clade11sub8subsub1-4	Central nervous system	176.24	187.76	44.7	167.84	184.08	41.1	179.28	190.24	54.1	3594	495	0
2530	clade11sub8subsub0	Central nervous system	175.92	194.72	45.9	166.56	183.44	43.40000000000001	179.12	197.76	52.9	3960	499	0
2592	clade11sub7subsub6	Central nervous system	180.72	211.76	46.6	177.44	145.2	36.3	201.04	215.2	51.4	3994	511	0
2611	clade4sub5	Motile cilia	159.68	123.52	50.2	157.20000000000005	120.64	36.1	168.0	137.12	52.3	4019	566	0
2628	clade10sub9	Motile cilia	137.92	145.12	50.0	132.56	138.56	40.6	140.32	161.52	108.1	3512	634	0
2632	clade10sub21	Motile cilia	152.24	128.24	50.8	145.04	118.64	41.2	167.52	132.4	105.7	4193	568	0
2633	clade10sub19	Motile cilia	154.24	126.32	48.8	145.76	119.68	40.4	169.76	130.72	96.5	4017	570	0
2645	clade11sub23	Central nervous system	176.4	132.8	47.8	174.56	130.56	45.90000000000001	196.16	168.48	54.3	4025	576	0
2646	clade11sub23	Motile cilia	178.48	137.76	48.4	175.36	135.6	38.2	191.92	169.44	53.9	3885	574	0
2648	clade9sub22	Central nervous system	177.92	128.72	50.6	175.6	124.88	38.3	197.36	189.6	63.5	4197	596	0
2649	clade11sub23	Motile cilia	179.2	136.48	50.9	176.48	133.2	34.1	193.2	174.72	53.9	4216	582	0
2650	clade11sub23	Central nervous system	178.72	142.24	51.3	176.56	138.0	41.9	191.84	165.92	54.1	4396	584	0
2651	clade11sub23	Central nervous system	178.8	144.88	47.7	176.72	141.36	33.9	198.24	179.92	52.7	3700	586	0
2652	clade11sub23	Central nervous system	183.12	142.24	49.7	180.32	139.12	46.90000000000001	211.2	168.16	57.4	4043	580	0
2692	clade10sub13	Motile cilia	130.8	160.16	46.9	127.04	153.68	37.4	138.08	164.0	111.7	3372	639	0
2693	clade4sub3	Motile cilia	132.0	155.36	48.3	128.96	152.16	35.5	150.32	158.56	50.5	4065	638	0
2694	clade4sub5	zero	132.88	155.6	51.0	130.32	151.76	35.9	144.24	159.20000000000005	52.8	4244	637	0
2695	clade10sub9	Motile cilia	133.84	147.6	48.0	127.92	138.8	41.0	148.88	181.04	60.8	3877	636	0
2703	nocladesub20	Epidermis	152.0	157.84	48.5	149.36	155.6	32.5	175.44	178.0	53.4	3907	525	0
2710	clade11sub23	Central nervous system	181.6	147.2	51.0	160.4	144.24	41.5	191.04	182.72	54.1	4411	594	0
2712	clade11sub8subsub0	Central nervous system	198.88	150.4	48.7	192.8	145.28	45.5	202.08	153.68	53.2	3898	451	0
2713	clade11sub8subsub0	Central nervous system	204.48	152.72	48.1	198.64	148.32	45.90000000000001	209.28	156.0	55.9	4059	431	0
2714	clade11sub8subsub0	Central nervous system	206.8	150.08	48.1	191.04	148.0	45.1	212.24	154.0	56.2	3899	12	0
2716	clade11sub8subsub0	Developing neurons	212.16	153.84	49.3	197.44	147.68	47.90000000000001	216.0	156.96	53.7	4238	435	0
2717	clade11sub8subsub0	Developing neurons	210.4	146.8	48.5	191.28	143.68	47.8	215.12	153.52	57.1	4237	10	0
2720	clade11sub8subsub0	Developing neurons	213.2	149.28	51.3	197.04	147.04	48.40000000000001	216.24	151.6	54.5	4239	449	0
2726	clade11sub8subsub0	Central nervous system	220.16	146.96	47.1	195.68	144.96	45.3	223.44	149.68	52.3	4061	461	0
2747	clade10sub14	Motile cilia	134.64	181.92	48.7	131.52	172.16	44.9	202.72	199.6	75.5	4104	615	0
2748	clade11sub6subsub7	Developing neurons	135.44	177.44	50.1	132.56	168.32	47.7	169.52	191.68	59.8	4277	614	0
2754	clade11sub23	Midgut	144.88	168.72	48.4	141.44	161.04	35.6	199.2	189.84	59.9	4085	604	0
2755	clade11sub29subsub6	Cardiovascular system	146.08	173.84	48.9	142.4	161.44	37.7	191.84	184.0	51.7	4086	613	0
2763	clade2sub2	Glia	157.84	180.48	51.8	140.88	158.56	14.8	186.16	185.2	54.0	1901	562	0
2811	clade11sub8subsub0	Central nervous system	151.76	197.6	53.3	146.88	192.64	49.5	170.88	202.64	53.7	4482	8	0
2825	clade11sub8subsub0	Developing neurons	172.16	198.48	48.0	164.32	186.0	45.4	175.12	202.4	51.9	4304	505	0
2829	clade11sub8subsub0	Central nervous system	173.28	201.36	51.8	170.64	178.32	46.1	185.28	205.2	59.0	4490	523	0
2830	clade11sub8subsub0	Central nervous system	177.28	202.8	48.3	158.8	167.84	45.8	181.28	206.24	57.3	4136	507	0
2831	clade11sub9subsub4	Central nervous system	177.12	199.84	52.4	174.24	182.72	48.1	191.44	203.6	55.8	4492	513	0
2832	clade11sub8subsub0	Central nervous system	176.64	205.76	51.5	170.96	180.56	48.7	178.72	209.12	56.9	4491	509	0
2836	clade11sub9subsub3	Developing neurons	180.4	197.2	51.3	172.72	186.48	48.7	183.36	200.24	54.2	4493	503	0
2913	clade11sub8subsub0	Central nervous system	199.04	121.68	53.1	179.28	117.2	21.0	203.04	129.28	56.0	2987	535	0
2922	clade11sub8subsub0	Central nervous system	217.2	123.36	56.2	204.24	117.6	51.6	222.0	158.0	58.2	4683	547	0
3075	clade11sub13subsub4	Central nervous system	147.84	199.44	54.7	143.76	182.16	44.4	168.72	203.92	57.5	4965	90	0
3080	clade11sub8subsub0	Central nervous system	156.24	201.76	56.8	153.92000000000004	184.24	48.4	191.2	205.6	58.2	4967	94	0
3087	clade11sub11subsub2-3	Central nervous system	175.52	201.2	54.2	171.44	124.56	35.5	199.84	204.72	57.40000000000001	4806	515	0
3113	clade11sub52	Anterior nervous system	225.76	197.36	54.6	204.32	184.56	50.1	228.96	199.92	67.1	4497	559	0
3127	clade11sub7subsub7	Central nervous system	179.76	217.92	54.3	176.96	175.68	34.2	196.88	221.04	62.7	4670	633	0
3129	clade11sub7subsub7	Central nervous system	182.32	215.68	56.1	177.44	183.28	46.4	199.12	219.6	59.5	4985	628	0
3154	clade5sub16	zero	149.52	122.16	61.7	147.04	117.68	56.1	167.6	127.84	109.3	5449	545	0
3155	clade6sub15	Epidermis	150.96	119.6	59.8	148.32	117.04	56.9	167.84	128.32	94.8	5219	541	0
3157	clade1sub12	zero	154.16	120.56	60.0	149.68	115.44	56.2	167.28	128.0	110.5	5220	539	0
3180	clade11sub7subsub6	Central nervous system	215.28	124.32	58.2	203.52	118.0	52.1	221.28	162.8	60.8	4853	549	0
3220	clade11sub7subsub6	Developing neurons	223.36	139.12	57.8	201.36	124.88	54.0	232.32	162.24	59.5	5039	253	0
3221	clade11sub7subsub6	Central nervous system	223.04	132.64	56.5	194.0	129.84	39.2	225.04	178.24	60.8	5040	255	0
3222	clade11sub7subsub6	Developing neurons	225.44	136.16	59.8	198.72	133.2	53.5	228.96	176.08	68.4	5279	251	0
3223	nocladesub19	Developing neurons	225.68	128.8	59.6	197.36	126.32	39.5	228.8	178.88	62.40000000000001	5254	248	0
3224	clade11sub7subsub7	Central nervous system	225.28	145.44	59.4	195.6	143.04	52.3	241.84	183.6	65.1	5506	236	0
3225	clade9sub16	Developing neurons	227.44	132.64	57.6	209.84	130.08	55.2	230.4	157.28	59.7	5041	244	0
3226	clade11sub48	Anterior nervous system	227.04	141.36	61.0	200.16	138.4	53.6	241.36	198.16	69.6	5077	249	0
3227	clade9sub16	Developing neurons	229.52	135.68	57.8	209.28	132.8	54.9	232.88	148.48	60.7	5078	246	0
3233	clade11sub48	Central nervous system	233.84	139.36	61.2	197.92	137.6	52.6	240.32	187.84	66.2	5507	232	0
3259	clade5sub7	Cardiovascular system	181.84	150.08	61.3	171.04	147.04	58.1	184.72	154.64	63.5	5300	698	0
3286	clade11sub21	Central nervous system	124.64	166.32	61.7	121.84	163.84	58.7	130.08	169.52	65.8	5558	648	0
3287	clade11sub6subsub8	Central nervous system	127.12	171.52	60.3	124.0	157.68	57.3	135.44	174.8	75.4	5343	647	0
3288	clade11sub6subsub8	Central nervous system	130.96	174.56	60.2	128.56	171.6	52.9	144.32	180.16	63.0	5345	645	0
3291	clade9sub12	Motile cilia	133.36	178.08	59.4	130.24	155.84	33.0	154.32	181.2	61.8	5366	646	0
3365	clade11sub7subsub7	Central nervous system	178.48	207.52	61.2	175.76	180.24	52.6	199.2	210.96	63.7	5629	618	0
3395	clade11sub25subsub5	Developing neurons	149.76	213.76	58.0	146.8	164.0	53.4	216.0	221.76	76.4	5414	551	0
3401	clade11sub7subsub6	Central nervous system	155.92	211.44	60.2	152.88	166.96	43.2	211.36	223.2	61.5	5416	228	0
3405	clade11sub7subsub6	Central nervous system	161.76	208.0	61.6	158.16	195.28	53.1	169.84	225.12	65.9	5862	226	0
3409	clade11sub48	Central nervous system	164.08	216.16	63.6	161.68	176.08	51.5	206.8	225.68	65.8	5662	213	0
3410	clade11sub48	Anterior nervous system	167.44	215.12	60.0	164.64	181.44	47.4	212.08	218.08	62.3	5435	211	0
3411	clade11sub48	Anterior nervous system	165.12	211.12	61.4	163.2	183.68	50.6	216.64	218.08	68.1	5188	218	0
3414	clade11sub8subsub1-4	Central nervous system	170.24	217.84	58.1	167.92000000000004	183.44	51.3	191.84	220.88	60.5	5191	225	0
3416	clade11sub7subsub7	Central nervous system	171.36	213.12	60.3	166.72	195.68	50.1	173.6	218.96	61.6	5421	223	0
3418	clade11sub8subsub1-4	Central nervous system	173.68	210.56	61.6	171.44	184.08	49.2	190.56	213.84	64.7	5864	619	0
3419	clade11sub7subsub7	Central nervous system	174.4	216.32	56.3	154.8	187.6	53.5	179.52	221.04	61.5	5194	631	0
3421	clade11sub45subsub0	Central nervous system	175.84	216.0	60.1	172.72	174.72	39.7	189.28	219.2	63.2	5422	629	0
3423	nocladesub3	Heme/chitin	176.48	220.48	60.3	174.16	210.16	59.1	182.32	226.0	65.0	5664	630	0
3424	clade11sub7subsub7	Central nervous system	178.24	218.4	57.0	171.76	180.56	50.4	195.28	221.6	63.4	5195	632	0
3435	clade11sub15subsub4	Central nervous system	198.56	209.2	61.5	190.96	180.8	58.7	200.8	212.96	71.7	5651	141	0
3436	clade11sub32subsub1	Developing neurons	201.92	212.56	60.5	186.8	192.48	56.7	204.4	215.6	64.6	5426	139	0
3444	clade4sub3	zero	151.44	117.76	66.0	147.92000000000004	115.28	42.2	197.76	171.52	70.60000000000002	5467	543	0
3491	clade3.2sub17	Heme/chitin	177.92	140.72	63.2	165.36	138.72	57.1	180.24	145.84	65.9	5947	699	0
3520	clade11sub48	Central nervous system	223.92	145.04	63.9	208.08	142.96	54.7	226.64	156.08	66.4	5530	238	0
3522	clade11sub48	Anterior nervous system	226.56	140.8	63.0	194.08	137.6	41.4	228.88	177.36	67.60000000000001	5737	257	0
3524	clade11sub48	Central nervous system	230.8	144.64	64.5	200.32	142.4	53.2	233.6	174.64	67.0	5759	240	0
3525	clade11sub8subsub0	Central nervous system	232.24	137.2	65.5	200.8	134.48	52.9	239.52	179.36	68.7	6224	230	0
3526	clade11sub48	Anterior nervous system	234.96	140.8	64.6	209.76	138.72	54.9	238.24	175.84	67.8	6225	88	0
3529	clade11sub6subsub8	Central nervous system	123.36	164.96	65.3	100.32	101.84	56.1	146.08	180.8	229.6	6017	649	0
3540	clade1sub19	Heme/chitin	183.2	146.24	63.2	170.0	144.24	54.7	185.6	154.0	64.4	5752	697	0
3545	clade5sub16	zero	188.8	147.52	66.3	170.88	144.72	54.6	190.96	153.36	68.2	5980	693	0
3587	clade10sub3subsub5-9	Central nervous system	124.64	176.24	64.8	121.04	141.44	56.6	139.12	188.4	124.9	5807	650	0
3611	clade11sub8subsub0	Central nervous system	150.16	186.56	67.0	101.76	183.68	63.5	154.0	238.4	74.3	6331	678	0
3633	clade7sub10	Cardiovascular system	184.48	183.92	66.0	176.64	177.2	50.8	188.8	188.56	68.0	6079	113	0
3677	clade3.1sub48	Somatic musculature	153.28	190.4	67.2	133.36	185.36	62.6	156.08	223.28	71.5	6067	72	0
3692	clade11sub8subsub8	Central nervous system	169.6	205.84	65.4	149.76	171.12	47.4	193.68	208.24	68.5	5853	626	0
3699	clade11sub17subsub6	Motile cilia	179.52	190.08	66.3	177.28	186.88	55.7	195.04	195.28	70.0	6339	117	0
3701	clade11sub4subsub6	Developing neurons	181.84	193.12	65.3	178.64	186.88	55.5	191.36	196.0	69.4	6603	119	0
3703	clade9sub11	Motile cilia	182.96	187.6	66.7	175.36	164.16	56.2	197.2	189.76	70.3	6340	115	0
3719	clade11sub30	Anterior nervous system	215.36	202.96	68.9	195.6	183.28	46.8	225.92	206.24	71.8	5858	381	0
3721	clade11sub56	Anterior nervous system	219.36	195.52	65.5	190.32	184.0	54.6	228.48	202.4	73.2	6101	555	0
3727	clade11sub45subsub1	Anterior nervous system	223.92	194.4	66.1	197.92	182.16	63.6	227.04	197.92	73.9	6342	557	0
3746	clade11sub48	Developing neurons	166.0	220.24	64.6	163.92000000000004	194.0	52.1	198.08	223.52	66.60000000000001	6117	62	0
3748	clade11sub48	Central nervous system	168.56	210.08	64.3	166.08	177.28	40.7	198.0	212.4	68.0	5647	222	0
3749	clade11sub48	Anterior nervous system	169.6	216.8	62.1	166.88	183.68	52.0	198.16	224.4	67.4	5876	61	0
3750	clade11sub48	Central nervous system	170.16	213.92	65.2	164.4	184.08	49.4	208.08	225.36	68.8	6120	216	0
3751	clade11sub8subsub0	Developing neurons	169.6	218.96	66.5	167.52	189.52	48.9	189.36	223.92	68.2	6392	63	0
3752	clade11sub8subsub8	Central nervous system	172.32	209.84	65.8	169.76	168.16	39.4	203.52	212.56	67.60000000000001	5865	620	0
3753	clade11sub48	Developing neurons	172.88	216.64	62.6	169.52	185.68	50.8	194.0	221.2	65.5	5877	215	0
3754	clade11sub7subsub6	Central nervous system	173.6	204.56	67.7	171.36	175.44	34.4	191.2	208.08	70.5	5628	624	0
3771	clade11sub15subsub4	Central nervous system	201.6	212.24	62.8	185.76	191.28	60.8	205.04	215.28	66.4	5870	137	0
3806	nocladesub19	Central nervous system	197.68	121.52	72.2	188.96	105.04	67.8	220.08	123.84	77.3	6934	67	0
3808	clade10sub3subsub5-9	Motile cilia	200.16	117.84	70.1	192.16	104.64	67.60000000000001	219.28	120.4	76.0	6932	55	0
3844	clade10sub24	Motile cilia	178.96	138.16	69.9	169.76	134.64	61.2	182.08	149.2	76.9	6980	702	0
3845	clade10sub14	Motile cilia	181.36	141.04	69.5	164.96	129.84	57.7	185.52	149.36	82.3	6465	701	0
3846	nocladesub35	Macrophage	182.32	136.64	68.7	166.0	129.2	56.9	185.6	150.88	73.2	6466	700	0
3848	clade10sub24	Motile cilia	181.6	145.52	68.0	169.28	142.96	64.5	189.44	156.8	74.0	6500	711	0
3851	clade13sub9	Gland cells	186.96	143.52	67.7	169.76	141.44	64.3	189.84	151.2	72.7	6467	707	0
3852	clade3.2sub16	Somatic musculature	185.84	138.64	72.7	167.12	135.84	58.5	188.96	147.52	74.5	6215	709	0
3855	clade3.1sub11	Somatic musculature	190.32	140.64	69.2	172.08	138.16	59.7	192.16	149.84	72.60000000000002	6217	706	0
3888	clade11sub8subsub0	Central nervous system	226.24	144.0	67.2	199.28	138.96	52.1	240.24	195.68	69.9	6255	242	0
3890	clade11sub8subsub0	Central nervous system	232.32	138.32	69.2	199.52	136.08	53.5	239.68	181.28	71.3	6479	57	0
3891	clade11sub48	Developing neurons	230.64	140.96	72.8	207.76	139.04	55.1	233.44	157.36	74.10000000000002	6478	86	0
3892	clade11sub48	Central nervous system	234.56	141.92	68.5	206.96	139.12	54.3	238.08	160.96	71.4	6737	59	0
3918	clade10sub24	Motile cilia	185.92	148.64	68.7	164.08	131.44	55.7	192.96	166.48	79.2	5751	692	0
3920	zero	zero	187.68	151.28	68.0	172.72	145.12	58.4	190.0	153.44	70.3	6248	695	0
3922	clade1sub12	Midgut	190.0	147.12	70.6	172.48	140.4	58.2	192.64	152.88	71.8	5953	694	0
3923	clade5sub16	Gland cells	191.68	152.24	69.2	171.36	148.88	54.3	194.4	155.6	70.5	5754	696	0
3933	clade11sub1subsub10	Developing neurons	206.32	162.24	69.0	190.08	159.12	57.1	210.16	178.72	71.8	6782	135	0
3944	clade11sub8subsub0	Central nervous system	220.72	164.64	68.6	209.04	160.16	56.8	224.88	179.76	69.7	6533	3	0
3945	clade11sub7subsub6	Central nervous system	222.8	162.56	71.8	200.88	153.44	57.6	227.76	172.48	74.9	6284	293	0
3948	nocladesub7	Adult eye	226.8	161.04	68.9	186.48	158.8	52.2	230.32	194.24	74.3	6535	311	0
3950	clade11sub4subsub7	Developing neurons	229.04	164.4	69.8	201.76	160.72	55.9	232.4	197.92	73.9	7033	317	0
3956	nocladesub3	Adult eye	236.56	162.48	71.7	191.6	159.68	43.3	240.88	193.12	73.5	7265	309	0
4004	clade3.2sub17	Stem cells	186.72	186.32	68.3	184.08	173.36	42.4	195.76	191.92	71.7	6815	47	0
4013	clade11sub15subsub4	Central nervous system	213.12	179.44	71.0	209.68	177.12	68.6	215.36	182.72	75.4	7299	109	0
4023	clade11sub15subsub4	Central nervous system	224.88	166.56	69.1	203.6	164.24	63.4	229.36	175.76	69.5	6568	21	0
4024	clade11sub15subsub4	Central nervous system	224.88	169.52	69.3	182.32	144.96	39.1	229.36	184.96	72.5	7059	82	0
4025	clade11sub15subsub4	Developing neurons	228.08	172.64	67.5	203.2	140.8	57.9	231.36	180.64	72.2	6307	84	0
4029	clade11sub8subsub1-4	Central nervous system	229.04	168.4	70.8	186.0	164.24	64.4	232.64	190.48	73.4	7288	315	0
4030	clade11sub15subsub4	Central nervous system	228.24	171.28	72.1	200.8	151.52	60.9	232.8	174.16	74.2	7289	313	0
4032	clade13sub7	Developing neurons	234.16	168.96	71.6	195.52	166.0	65.3	237.52	183.28	72.8	7290	319	0
4035	clade11sub27subsub7	Anterior nervous system	233.2	180.32	74.4	210.64	170.32	62.0	238.72	182.4	76.9	7514	725	0
4057	clade10sub9	Motile cilia	150.96	192.0	69.9	118.32	185.44	63.5	152.96	230.72	73.6	6620	677	0
4059	clade9sub16	Motile cilia	153.44	188.56	69.2	144.56	185.12	67.10000000000001	156.72	191.36	72.0	6826	69	0
4061	clade9sub11	Motile cilia	155.04	194.64	72.7	133.92	184.08	67.4	157.12	222.96	74.7	7308	676	0
4072	clade11sub7subsub6	Central nervous system	171.36	207.52	69.3	168.96	158.64	32.5	188.8	210.88	71.7	6844	625	0
4078	clade11sub9subsub3	Central nervous system	178.72	202.72	71.4	174.16	196.24	56.2	181.68	207.84	74.2	6878	623	0
4085	clade11sub22subsub7	Motile cilia	189.28	188.08	70.5	184.48	175.28	42.9	194.96	191.76	74.4	7077	13	0
4097	clade11sub30	Anterior nervous system	218.24	197.44	67.6	192.96	173.76	41.2	221.76	200.48	72.3	6859	385	0
4125	clade9sub16	Central nervous system	163.6	218.56	66.4	161.52	190.16	51.9	181.68	224.96	70.7	6642	220	0
4127	clade11sub48	Developing neurons	167.28	219.12	69.0	165.12	190.64	51.6	193.52	223.44	70.7	6118	65	0
4130	clade11sub48	Developing neurons	169.52	219.2	71.8	167.2	191.44	53.1	179.84	222.8	75.2	6654	209	0
4131	clade11sub48	Developing neurons	171.52	216.88	67.3	167.52	164.8	31.5	188.24	219.52	70.2	6875	621	0
4132	clade11sub7subsub6	Developing neurons	171.12	213.6	69.3	148.24	171.2	40.1	194.0	216.88	72.8	6374	622	0
4204	clade3.1sub34	Heme/chitin	180.32	134.24	72.9	169.44	131.76	68.4	182.96	147.52	78.3	6977	703	0
4205	clade3.1sub11	Somatic musculature	181.2	130.8	75.7	167.6	128.0	62.5	183.84	142.16	79.2	6978	704	0
4206	clade3.1sub44	Somatic musculature	183.44	136.88	74.8	165.36	133.76	57.2	186.0	145.36	76.5	6951	710	0
4258	nocladesub9	Cardiovascular system	144.88	163.44	76.2	142.08	144.96	60.4	154.88	166.64	79.7	7875	531	0
4263	clade10sub10	Gland cells	148.96	162.88	76.7	143.12	153.92	61.7	156.0	165.52	80.0	7239	529	0
4309	clade11sub8subsub0	Developing neurons	218.64	158.96	74.5	195.92	156.8	52.3	222.16	196.64	75.60000000000002	7260	305	0
4315	nocladesub7	Adult eye	226.0	154.48	74.2	204.72	152.24	54.6	228.88	194.64	78.4	7261	291	0
4317	nocladesub7	Adult eye	226.16	158.08	71.4	202.24	155.52	54.2	229.92	197.52	76.0	6785	289	0
4318	nocladesub7	Adult eye	231.92	161.84	73.2	204.72	159.04	54.5	235.68	195.04	75.60000000000002	7263	295	0
4380	clade11sub7subsub1-4	Central nervous system	230.8	174.88	74.5	197.92	171.36	58.3	235.36	196.4	77.3	7513	726	0
4396	clade10sub3subsub5-9	Motile cilia	149.28	197.92	76.2	125.68	185.52	70.4	152.16	226.08	78.5	7330	532	0
4399	clade10sub3subsub5-9	Motile cilia	151.92	199.28	75.1	125.52	159.12	68.8	154.56	224.72	85.2	7735	674	0
4400	clade10sub9	Motile cilia	152.0	193.44	74.7	132.8	182.16	67.4	153.92000000000004	223.52	76.60000000000002	7317	675	0
4402	clade3.1sub11	Somatic musculature	155.44	190.8	75.4	131.04	177.84	66.4	157.68	218.16	77.4	7719	672	0
4403	clade3.1sub46	Somatic musculature	155.28	195.04	76.8	128.8	168.08	65.7	157.76	223.12	78.30000000000003	7538	673	0
4432	clade11sub22subsub4	Central nervous system	193.28	201.6	76.5	189.44	177.76	68.9	200.88	222.4	77.5	7955	125	0
4433	clade11sub7subsub7	Central nervous system	196.08	207.28	76.0	189.12	184.32	61.1	200.08	219.2	77.2	7746	127	0
4546	clade3.1sub14	Somatic musculature	177.6	130.16	80.0	164.96	127.2	60.4	180.08	141.52	82.0	7402	705	0
4644	clade11sub7subsub6	Adult eye	227.76	150.16	78.4	204.4	147.44	54.1	230.96	196.16	82.0	7870	297	0
4646	nocladesub7	Adult eye	230.32	155.04	80.8	205.12	150.4	54.9	233.6	192.72	84.5	8067	299	0
4647	nocladesub7	Adult eye	231.04	158.48	78.7	221.44	150.08	68.2	235.6	164.32	84.6	7481	301	0
4648	clade11sub3subsub7	Anterior nervous system	233.2	163.36	78.5	220.32	158.56	69.2	236.16	166.16	82.5	8089	307	0
4703	clade11sub58	Anterior nervous system	220.56	175.2	81.0	201.6	171.92000000000004	63.7	238.0	191.68	82.60000000000002	8086	154	0
4704	clade9sub17	Anterior nervous system	222.88	172.8	80.3	201.76	168.0	64.8	238.48	179.04	82.7	8280	133	0
4706	clade11sub18subsub2	Central nervous system	222.8	185.92	80.0	199.52	169.12	65.7	237.44	191.6	83.7	8119	727	0
4778	nocladesub19	Central nervous system	219.28	188.16	79.8	191.76	177.84	58.3	231.12	199.12	82.0	8312	730	0
4784	nocladesub19	Anterior nervous system	228.32	188.24	79.2	194.56	172.4	62.8	231.68	190.88	82.7	8318	729	0
5001	clade11sub58	Anterior nervous system	221.84	178.48	83.2	198.08	171.12	63.6	237.76	194.48	85.30000000000003	8660	152	0
5048	clade11sub3subsub7	Anterior nervous system	203.28	200.56	84.1	191.12	179.2	60.7	215.52	218.72	85.2	8699	149	0
5049	clade11sub58	Anterior nervous system	203.2	205.36	84.6	190.96	182.4	63.3	211.36	218.72	86.2	8504	148	0
5054	clade11sub3subsub7	Anterior nervous system	206.16	204.16	85.7	190.96	191.84	73.0	208.96	218.8	88.60000000000002	8883	151	0
5060	clade11sub4subsub6	Central nervous system	211.68	191.2	83.0	184.56	177.68	66.3	214.88	199.92	84.4	8314	680	0
5066	clade10sub21	Motile cilia	216.8	194.32	84.9	209.2	191.68	79.3	225.68	198.8	87.4	8509	682	0
5067	clade10sub9	Motile cilia	217.2	197.2	82.7	205.04	179.44	71.4	224.72	200.16	84.60000000000002	8682	681	0
5068	nocladesub19	Developing neurons	217.92	191.92	81.9	186.0	121.84	56.1	228.32	200.64	84.60000000000002	8115	679	0
5069	clade10sub9	Motile cilia	219.12	197.68	85.4	208.88	190.8	79.6	226.24	200.56	87.10000000000002	8710	683	0
5071	nocladesub19	Motile cilia	223.2	195.6	83.6	219.68	193.36	80.0	226.24	198.16	87.30000000000003	8683	684	0
5225	clade11sub30	Developing neurons	224.88	164.88	91.7	203.92	162.08	71.6	238.8	172.56	93.0	9370	157	0
5279	clade11sub58	Anterior nervous system	227.44	171.6	91.6	207.28	160.64	71.8	235.92	174.48	94.1	9012	158	0
5320	clade10sub21	Central nervous system	210.72	195.28	88.6	163.44	189.28	55.5	225.52	202.48	91.0	9049	688	0
5321	clade9sub16	Developing neurons	212.24	189.2	89.3	186.88	180.96	69.4	227.68	201.68	92.0	9231	687	0
5325	clade10sub21	Motile cilia	216.48	191.6	89.6	184.48	119.28	55.5	226.56	200.4	91.8	8684	686	0
5326	clade10sub9	Motile cilia	221.68	191.52	87.4	181.2	164.56	57.5	228.56	199.04	89.60000000000002	8871	685	0
5564	clade11sub17subsub6	Central nervous system	205.28	195.84	94.1	202.88	190.88	82.9	209.68	200.16	96.6	9244	690	0
5565	clade10sub3subsub5-9	Developing neurons	208.88	194.0	94.5	204.16	186.56	88.2	212.72	199.44	96.9	9803	689	0
5567	clade11sub17subsub6	Central nervous system	212.4	187.2	94.0	200.24	168.56	59.7	214.72	190.32	95.7	9415	691	0
6078	clade11sub20subsub0-1-2-4-6	Central nervous system	132.08	124.16	143.6	128.72	109.44	105.8	140.56	125.12	143.8	11589	0	117
6720	clade11sub23	Stem cells	195.84	167.2	119.6	190.96	159.12	103.3	208.16	186.48	124.2	12125	732	0
6768	clade11sub23	Developing neurons	184.0	178.0	119.5	178.0	174.32	102.9	194.48	191.6	126.7	12795	733	0
6821	clade11sub11subsub1	Central nervous system	133.28	125.76	141.0	116.4	85.36	120.7	142.16	130.96	154.2	13515	0	132
6912	clade11sub6subsub8	Central nervous system	135.44	126.72	133.3	122.72	112.08	116.0	150.88	170.16	137.0	14010	0	1
7041	clade11sub11subsub0-4	Central nervous system	132.72	124.64	141.2	131.28	97.04	128.3	153.76	126.64	143.4	14732	0	131
7053	clade11sub11subsub1	Central nervous system	135.36	126.24	135.9	115.84	117.2	125.5	137.44	133.2	136.5	14351	0	152
7068	clade11sub17subsub6	Central nervous system	133.12	125.44	142.9	123.2	105.6	126.3	139.36	135.44	148.1	14337	0	110
7106	clade11sub20subsub0-1-2-4-6	Central nervous system	135.04	127.36	133.5	115.52	96.16	112.8	149.44	141.52	135.9	14752	0	144
7110	clade11sub42	Central nervous system	134.96	126.96	133.6	120.08	80.88	126.0	144.8	148.32	151.8	14197	0	145
7111	clade11sub11subsub2-3	zero	134.48	124.16	142.6	126.24	87.92	129.0	155.04	137.76	153.2	5021	0	106
7142	clade11sub6subsub8	Central nervous system	132.4	123.92	144.0	122.64	119.52	126.5	137.28	160.32	146.3	14209	0	100
7242	clade11sub11subsub0-4	Central nervous system	133.6	124.48	142.8	99.92	93.12	134.0	142.8	138.24	154.6	15317	0	103
7245	clade11sub11subsub0-4	Central nervous system	133.28	125.36	141.8	132.88	98.16	130.70000000000002	148.56	126.8	142.2	14943	0	107
7256	clade11sub11subsub1	Central nervous system	134.4	125.52	140.9	113.04	114.8	131.8	134.48	130.72	143.3	15161	0	134
7261	clade11sub11subsub1	Central nervous system	135.04	127.44	134.4	121.92	104.88	132.3	139.04	129.2	139.0	15325	0	149
7272	clade11sub20subsub0-1-2-4-6	Central nervous system	135.36	126.16	137.2	130.88	115.52	130.3	141.68	132.24	138.7	14970	0	158
7276	clade11sub11subsub0-4	Central nervous system	132.48	125.2	143.5	131.92	101.28	134.5	145.68	126.88	145.2	15331	0	114
7278	clade11sub22subsub4	Central nervous system	131.68	123.12	146.0	100.16	102.4	130.5	147.76	136.32	156.3	14738	0	124
7282	clade11sub22subsub4	Central nervous system	134.72	127.12	134.5	98.32	103.52	133.20000000000002	155.28	138.72	155.3	15150	0	150
7284	clade11sub11subsub0-4	Central nervous system	134.96	127.04	134.0	126.16	106.96	128.1	153.84	136.48	138.9	15167	0	146
7295	clade11sub27subsub8	Central nervous system	135.04	126.24	136.0	108.72	115.84	132.6	139.28	142.16	148.8	15183	0	155
7299	clade11sub11subsub2-3	Central nervous system	132.96	125.28	142.3	112.96	103.92	130.6	141.84	142.96	154.5	14996	0	105
7306			132.64	125.12	143.2	125.84	103.52	130.0	142.4	142.24	151.3	0	0	113
7313	clade3.1sub23	Somatic musculature	135.28	126.72	135.8	112.96	96.8	125.7	147.92	169.12	193.7	14998	0	25
7380	clade11sub20subsub0-1-2-4-6	Central nervous system	129.2	121.44	148.9	89.92	93.6	137.8	135.92	154.32	162.9	15929	0	14
7381	clade11sub20subsub3	Central nervous system	129.28	119.92	150.2	123.52	99.2	137.9	131.28	123.76	152.9	15742	0	20
7392	clade11sub11subsub1	Central nervous system	129.04	122.0	148.7	110.96	96.96	139.6	143.20000000000005	137.2	157.5	15934	0	21
7404	clade9sub4	Gland cells	135.36	124.88	139.0	134.32	81.92	133.8	161.52	128.24	141.8	15709	0	161
7408	clade11sub42	Stem cells	135.6	126.32	135.2	126.08	98.64	131.2	166.0	139.52	156.1	15321	0	151
7420	clade11sub8subsub1-4	Central nervous system	134.56	125.44	141.2	107.6	112.0	138.1	139.04	130.56	145.9	15517	0	164
7421	clade11sub8subsub1-4	Central nervous system	124.56	117.6	154.9	107.28	71.28	136.1	214.16	126.56	180.7	15538	0	76
7424	clade11sub8subsub1-4	Central nervous system	129.12	122.32	148.8	113.2	79.36	135.70000000000002	149.04	128.24	152.9	15520	0	9
7426	clade11sub11subsub1	Central nervous system	128.88	120.72	149.8	115.92	104.64	75.0	139.52	158.16	156.2	15521	0	18
7427	clade11sub11subsub1	Central nervous system	129.12	122.4	148.2	116.0	71.44	136.0	158.88	130.24	168.0	15539	0	11
7430	clade11sub11subsub1	Central nervous system	128.8	121.68	148.5	119.44	104.32	135.5	140.24	134.56	158.6	15162	0	22
7431	clade11sub11subsub1	Central nervous system	133.12	124.88	142.4	119.2	88.56	138.2	144.32	133.68	153.0	16256	0	104
7436	clade11sub11subsub1	Central nervous system	122.4	115.76	157.8	102.32	106.24	139.6	130.4	128.16	179.8	16258	0	35
7437	clade11sub11subsub1	Central nervous system	129.28	121.76	149.4	115.12	110.16	138.0	136.64	128.16	214.3	15965	0	6
7439	clade11sub11subsub1	Central nervous system	122.72	116.16	159.1	104.48	105.36	139.6	137.12	126.24	213.4	16241	0	34
7443	clade11sub6subsub7	Central nervous system	129.04	121.6	148.3	90.56	99.84	81.2	148.96	158.32	164.2	15950	0	12
7446	clade11sub11subsub0-4	Central nervous system	135.2	127.44	134.6	132.64	106.32	130.3	153.84	130.16	144.1	15952	0	148
7447	clade11sub11subsub0-4	Central nervous system	132.32	124.8	143.3	126.88	111.76	137.6	157.12	128.96	146.2	15750	0	112
7448	clade11sub11subsub0-4	Central nervous system	135.04	127.52	134.2	129.76	107.6	134.0	157.04	131.92	142.0	15527	0	147
7450	clade11sub17subsub6	Central nervous system	133.12	125.44	141.5	131.52	104.88	133.2	159.36	126.4	144.8	15971	0	165
7452	clade3.1sub7-16	Somatic musculature	135.28	126.64	136.0	125.76	104.96	132.1	172.96	140.72	143.5	15334	0	154
7462	clade11sub11subsub1	Central nervous system	128.48	122.0	148.7	107.04	110.0	136.3	140.24	140.88	153.1	15768	0	16
7464	clade11sub11subsub0-4	Central nervous system	132.4	125.44	143.4	109.6	88.88	137.5	140.32	136.56	154.3	15769	0	115
7502	clade11sub11subsub0-4	Central nervous system	135.36	126.88	136.0	120.56	125.68	134.5	136.48	150.32	143.1	15581	0	153
7590	clade11sub20subsub0-1-2-4-6	Central nervous system	121.28	113.6	167.1	119.92	97.2	142.70000000000005	135.36	114.32	168.6	16473	0	68
7595	clade11sub11subsub0-4	Central nervous system	125.68	118.16	152.3	115.44	90.16	95.9	136.56	156.88	220.3	16223	0	80
7606	clade11sub17subsub6	Central nervous system	129.92	122.48	147.4	124.4	92.8	111.2	146.8	150.32	150.70000000000005	17157	0	2
7650	clade11sub11subsub1	Central nervous system	127.76	119.68	151.9	114.48	115.28	88.5	158.0	126.8	156.8	15962	0	83
7651	clade11sub20subsub3	Central nervous system	131.76	121.76	146.0	116.32	107.52	132.4	133.36	137.12	152.8	16841	0	123
7652	clade11sub11subsub1	Central nervous system	125.52	117.84	152.3	106.0	101.76	97.5	164.24	131.04	204.6	17152	0	81
7657	clade11sub11subsub1	Central nervous system	128.72	122.0	148.7	121.2	101.12	110.9	155.76	127.76	151.3	16843	0	3
7665	clade11sub11subsub0-4	Central nervous system	132.16	122.88	145.6	130.08	105.04	140.9	157.36	129.36	149.3	16827	0	120
7667	clade11sub11subsub0-4	Central nervous system	132.4	127.52	140.6	127.76	108.0	140.1	158.8	133.28	146.8	16513	0	140
7682	clade11sub11subsub0-4	Central nervous system	122.96	116.72	158.2	100.56	104.96	142.8	139.76	136.0	162.2	16871	0	33
7684	clade11sub11subsub2-3	Central nervous system	131.52	125.12	142.3	102.32	109.92	107.5	150.96	139.28	152.0	16558	0	130
7696	clade11sub20subsub3	Central nervous system	135.52	126.64	136.2	113.76	118.56	136.1	141.92	143.68	156.3	16255	0	157
7698	clade11sub22subsub4	Central nervous system	139.44	93.84	151.0	119.76	79.6	136.1	215.28	146.88	163.3	16298	0	43
7700	clade5sub7	Cardiovascular system	135.44	126.16	136.9	124.4	112.16	135.4	146.72	144.16	145.9	16563	0	159
7701	clade1sub3	Midgut	131.92	122.72	145.5	124.96	122.48	142.0	134.56	145.04	149.1	16880	0	121
7703	clade3.2sub13	Cardiovascular system	132.08	122.48	144.8	124.72	114.24	133.5	158.8	150.48	146.4	16010	0	118
7734	clade11sub17subsub6	Motile cilia	135.52	126.72	136.4	114.8	107.04	135.1	146.8	154.16	148.9	16902	0	156
7741	clade11sub22subsub4	Motile cilia	133.6	126.4	141.0	122.32	119.84	141.0	140.24	148.8	150.4	16882	0	133
7858	clade11sub11subsub0-4	Central nervous system	125.04	116.48	154.6	123.92	90.56	146.4	137.68	125.6	159.6	17515	0	88
7860	clade11sub17subsub6	Central nervous system	131.76	124.56	142.2	117.92	88.88	137.7	147.04	133.92	152.4	16791	0	129
7898	clade11sub20subsub3	Central nervous system	123.6	116.56	154.4	102.88	110.0	105.0	160.48	123.36	158.8	17164	0	77
7901	clade10sub11	Central nervous system	123.36	114.48	160.4	108.4	73.28	146.8	150.16	128.8	160.6	17556	0	93
7910	clade11sub20subsub3	Central nervous system	124.32	116.56	156.1	114.0	108.24	146.9	130.72	123.12	197.6	17570	0	30
7912	clade11sub20subsub0-1-2-4-6	Central nervous system	122.88	115.12	157.4	117.92	103.12	101.7	154.8	126.32	158.2	17915	0	36
7914	clade11sub20subsub3	Central nervous system	124.08	116.96	155.2	111.36	105.84	145.0	134.96	132.0	171.9	16842	0	41
7915	clade11sub11subsub1	Central nervous system	125.2	115.2	156.6	121.36	108.96	146.4	129.68	118.56	157.1	17573	0	91
7916	clade11sub20subsub3	Central nervous system	122.24	115.12	160.8	85.76	102.96	111.1	142.48	132.64	192.5	17538	0	70
7917	clade9sub8	Developing neurons	124.16	117.6	154.1	123.44	111.36	78.8	146.96	154.4	155.4	17928	0	45
7921	clade11sub22subsub4	Central nervous system	130.24	122.24	146.8	129.84	108.96	143.9	154.16	127.44	152.1	17930	0	96
7922	clade11sub22subsub4	Central nervous system	129.92	122.08	146.8	127.6	106.88	146.2	155.20000000000005	131.36	153.20000000000005	18340	0	97
7957	clade11sub22subsub4	Central nervous system	130.64	122.16	147.4	120.72	114.64	141.4	144.08	143.6	151.5	17237	0	94
7959	clade11sub22subsub5	Cardiovascular system	130.32	122.4	147.0	121.68	118.0	145.4	137.92	141.52	151.20000000000005	17239	0	99
8009	nocladesub22	Midgut	132.56	123.68	144.0	123.76	113.84	125.5	162.8	157.20000000000005	151.6	17656	0	101
8137	clade11sub34	Central nervous system	120.48	112.48	166.1	110.32	85.52	150.5	129.84	121.84	218.2	18287	0	67
8141	clade11sub11subsub1	Central nervous system	125.12	117.04	156.6	122.64	89.84	152.3	132.24	120.32	159.8	19038	0	75
8158	clade11sub17subsub6	Central nervous system	132.32	124.0	142.1	123.28	93.52	137.2	155.76	130.64	157.8	18316	0	128
8160	clade11sub17subsub6	Central nervous system	125.76	118.64	152.4	125.28	97.76	99.3	157.76	137.36	157.0	19071	0	79
8187	clade11sub21	Central nervous system	120.64	113.12	166.8	100.8	99.68	153.20000000000005	129.52	128.4	172.5	19083	0	26
8194	clade11sub8subsub1-4	Central nervous system	125.04	117.12	156.2	106.08	101.2	149.5	137.44	124.8	162.4	18725	0	90
8202	clade11sub20subsub0-1-2-4-6	Central nervous system	128.88	120.56	149.5	116.96	70.64	140.6	187.36	125.68	176.4	19086	0	19
8295	clade11sub11subsub2-3	Central nervous system	129.68	122.96	146.6	112.88	115.36	83.1	158.48	152.48	156.0	18787	0	24
8423	clade11sub11subsub2-3	Central nervous system	122.64	116.08	158.8	119.68	94.56	108.6	134.4	151.04	163.5	19681	0	73
8431	clade11sub11subsub0-4	Central nervous system	120.8	111.52	169.2	113.04	85.68	87.6	145.12	154.16	170.0	19360	0	53
8433	clade11sub11subsub2-3	Central nervous system	124.08	117.6	155.7	115.84	95.76	150.9	142.64	137.12	163.9	19989	0	74
8434	clade11sub11subsub0-4	Central nervous system	131.28	125.2	143.0	128.32	88.08	140.7	145.28	127.04	163.5	19957	0	141
8435	clade11sub11subsub2-3	Central nervous system	125.44	116.4	155.1	120.24	90.96	129.7	146.08	135.6	161.0	19375	0	85
8440	clade11sub17subsub6	Central nervous system	124.32	117.2	155.1	120.16	89.12	150.1	150.0	126.56	163.8	19671	0	40
8443	clade11sub17subsub6	Central nervous system	128.16	121.52	147.8	116.72	86.4	146.7	154.24	129.84	163.70000000000005	19686	0	23
8486	clade11sub18subsub6	Motile cilia	122.0	116.24	159.7	117.6	105.12	155.2	154.64	132.72	161.10000000000005	19704	0	71
8509	clade11sub11subsub0-4	Central nervous system	121.68	113.36	167.5	105.28	76.72	159.10000000000005	134.8	142.24	175.6	20058	0	61
8553	clade11sub4subsub9	Central nervous system	126.32	118.8	152.5	103.52	118.72	132.9	133.04	163.20000000000005	160.5	19493	0	78
8559	clade9sub11	Developing neurons	132.24	123.6	143.9	113.28	115.76	122.2	140.08	162.32	165.70000000000005	19183	0	102
8639	clade11sub11subsub2-3	Central nervous system	123.92	116.8	155.2	106.88	94.4	105.0	149.12	123.28	168.70000000000005	21066	0	44
8649	clade11sub17subsub6	Central nervous system	119.52	111.76	169.3	89.84	94.64	104.8	135.92000000000002	157.84	170.4	20241	0	49
8660	clade11sub11subsub0-4	Central nervous system	120.48	111.36	166.4	115.76	87.12	164.0	151.36	112.88	207.4	21073	0	4
8661	clade11sub17subsub6	Central nervous system	123.6	116.32	158.0	118.96	88.8	157.3	150.4	123.84	167.1	20526	0	39
8663	clade11sub17subsub6	Central nervous system	122.8	114.32	161.1	118.08	93.2	108.0	152.72	152.56	166.9	20527	0	69
8696	clade11sub11subsub1	Central nervous system	123.36	116.08	157.8	111.2	103.76	145.7	137.52	122.88	168.0	20541	0	38
8719	clade11sub11subsub2-3	Central nervous system	122.32	111.28	166.8	103.92	106.56	149.3	137.2	149.92000000000004	167.9	21129	0	58
8725	clade11sub6subsub10	Central nervous system	124.72	116.08	154.8	108.88	114.64	145.1	135.68	142.56	169.0	21117	0	89
8729	clade11sub4subsub6	Central nervous system	122.08	115.6	159.7	115.2	107.76	145.1	145.04	150.32	166.3	20610	0	72
8830	clade11sub11subsub0-4	Central nervous system	121.28	113.12	167.6	112.32	89.84	160.0	131.84	128.64	173.60000000000005	21718	0	27
8832	clade10sub9	Motile cilia	119.84	112.48	169.5	113.44	88.72	56.4	142.56	176.72	171.3	21050	0	47
8838	clade11sub17subsub6	Central nervous system	120.32	112.0	168.9	113.2	85.60000000000002	153.4	151.44	130.16	171.3	21303	0	51
8839	zero	zero	121.12	112.0	168.8	109.92	93.84	112.3	150.96	143.84	173.9	21734	0	62
8841	clade3.1sub6	Somatic musculature	120.8	111.76	169.8	120.8	84.0	166.2	166.64	111.84	175.6	20772	0	167
8842	clade11sub6subsub10	Enteric nervous system	121.28	112.0	169.3	107.36	95.52	148.1	173.36	133.76	204.4	21084	0	55
8856	clade11sub11subsub0-4	Central nervous system	121.12	110.56	168.7	99.36	75.6	149.6	150.0	121.52	173.2	21322	0	57
8979	clade3.1sub50	Somatic musculature	118.4	113.68	166.7	113.92	82.16	104.5	136.96	151.76	182.5	16213	0	65
8999	clade11sub11subsub0-4	Central nervous system	121.36	110.56	168.4	93.44	94.8	165.8	126.96	125.92	195.3	22141	0	63
9000	clade11sub8subsub1-4	Central nervous system	119.6	112.48	169.2	95.28	102.88	165.9	132.32	122.0	178.60000000000005	21537	0	52
9006	clade11sub11subsub1	Central nervous system	121.84	111.6	168.9	100.56	95.92	99.7	164.32	127.36	179.60000000000005	22338	0	56
9010	clade13sub12	Macrophage	121.12	111.52	168.5	104.64	101.2	105.7	160.4	125.36	178.0	21950	0	64
9035	clade1sub12	Gland cells	120.48	111.84	168.7	107.44	99.2	168.1	204.24	146.88	209.2	19781	0	54
9264	clade11sub11subsub1	Central nervous system	120.88	111.44	169.7	100.4	102.48	109.6	154.96	125.04	189.7	23368	0	46
10174	clade11sub9subsub3	Central nervous system	103.44	86.4	221.2	98.24	79.12	199.3	120.0	103.76	224.7	26011	735	0
10340	clade11sub8subsub0	Central nervous system	101.2	92.56	222.4	92.8	85.6	209.6	115.6	108.24	224.1	26818	736	0
