label_id	ganglion_id	merged_bilateral_ganglion_id
3	9.0	5.0
4	9.0	5.0
6	19.0	
8	19.0	
9	9.0	5.0
11	9.0	5.0
14	9.0	5.0
15	9.0	5.0
16	9.0	5.0
19	9.0	5.0
35	19.0	
24	19.0	
31	14.0	7.0
36	19.0	
37	14.0	7.0
39	19.0	
40	9.0	5.0
41	9.0	5.0
42	19.0	
43	19.0	
44	19.0	
45	19.0	
46	14.0	7.0
47	19.0	
48	19.0	
50	19.0	
51	19.0	
53	10.0	5.0
54	19.0	
55	19.0	
56	10.0	5.0
57	10.0	5.0
58	10.0	5.0
59	10.0	5.0
60	19.0	
61	19.0	
63	10.0	5.0
64	19.0	
65	10.0	5.0
68	10.0	5.0
69	10.0	5.0
70	19.0	
77	19.0	
78	19.0	
80	19.0	
81	19.0	
82	19.0	
83	9.0	5.0
84	9.0	5.0
85	9.0	5.0
87	19.0	
88	19.0	
89	19.0	
90	19.0	
91	19.0	
76	19.0	
95	19.0	
101	14.0	7.0
106	19.0	
118	19.0	
121	19.0	
127	19.0	
128	19.0	
129	19.0	
131	19.0	
132	19.0	
133	19.0	
134	19.0	
135	19.0	
136	19.0	
137	19.0	
138	19.0	
139	19.0	
140	19.0	
141	19.0	
142	19.0	
143	19.0	
144	9.0	5.0
145	9.0	5.0
146	19.0	
148	19.0	
149	9.0	5.0
150	19.0	
151	19.0	
152	19.0	
153	14.0	7.0
154	14.0	7.0
155	19.0	
156	19.0	
157	9.0	5.0
158	19.0	
160	19.0	
163	19.0	
164	19.0	
165	19.0	
166	10.0	5.0
167	19.0	
168	10.0	5.0
169	19.0	
171	10.0	5.0
173	10.0	5.0
174	10.0	5.0
175	19.0	
177	1.0	1.0
178	19.0	
179	19.0	
180	19.0	
181	19.0	
182	9.0	5.0
183	9.0	5.0
184	19.0	
185	19.0	
186	9.0	5.0
187	9.0	5.0
189	2.0	1.0
190	2.0	1.0
193	19.0	
194	2.0	1.0
196	14.0	7.0
197	19.0	
198	19.0	
199	19.0	
200	19.0	
201	19.0	
202	9.0	5.0
203	19.0	
204	19.0	
205	19.0	
207	2.0	1.0
208	2.0	1.0
210	19.0	
211	19.0	
212	19.0	
213	19.0	
214	14.0	7.0
215	19.0	
216	19.0	
218	19.0	
219	19.0	
220	19.0	
221	19.0	
222	14.0	7.0
223	19.0	
224	19.0	
225	10.0	5.0
226	10.0	5.0
227	10.0	5.0
229	10.0	5.0
230	10.0	5.0
231	10.0	5.0
232	10.0	5.0
233	19.0	
234	19.0	
235	1.0	1.0
237	1.0	1.0
238	1.0	1.0
239	19.0	
240	1.0	1.0
241	19.0	
242	1.0	1.0
243	1.0	1.0
244	19.0	
245	19.0	
246	19.0	
247	19.0	
248	19.0	
249	19.0	
251	19.0	
253	14.0	7.0
254	19.0	
255	9.0	5.0
256	9.0	5.0
257	2.0	1.0
258	2.0	1.0
259	19.0	
261	14.0	7.0
262	19.0	
263	19.0	
264	19.0	
265	19.0	
266	9.0	5.0
267	9.0	5.0
268	9.0	5.0
269	9.0	5.0
270	9.0	5.0
271	9.0	5.0
272	9.0	5.0
273	19.0	
275	19.0	
276	2.0	1.0
277	2.0	1.0
278	2.0	1.0
279	2.0	1.0
280	2.0	1.0
281	19.0	
283	2.0	1.0
286	19.0	
287	19.0	
288	19.0	
289	19.0	
290	14.0	7.0
291	14.0	7.0
292	19.0	
293	14.0	7.0
294	14.0	7.0
295	9.0	5.0
296	14.0	7.0
297	19.0	
298	19.0	
299	19.0	
300	2.0	1.0
301	19.0	
302	19.0	
303	19.0	
304	19.0	
305	19.0	
306	19.0	
307	19.0	
308	19.0	
309	19.0	
310	14.0	7.0
311	14.0	7.0
312	19.0	
313	19.0	
314	17.0	9.0
315	19.0	
316	19.0	
317	19.0	
318	10.0	5.0
319	19.0	
320	19.0	
321	10.0	5.0
322	10.0	5.0
323	19.0	
324	19.0	
325	19.0	
326	1.0	1.0
327	19.0	
328	1.0	1.0
329	19.0	
330	19.0	
331	19.0	
332	19.0	
333	19.0	
335	19.0	
336	19.0	
337	1.0	1.0
338	1.0	1.0
339	19.0	
343	1.0	1.0
344	19.0	
345	1.0	1.0
346	1.0	1.0
347	1.0	1.0
348	1.0	1.0
349	1.0	1.0
350	19.0	
351	1.0	1.0
352	19.0	
353	19.0	
354	12.0	6.0
355	14.0	7.0
356	14.0	7.0
357	19.0	
358	14.0	7.0
359	14.0	7.0
360	1.0	1.0
361	9.0	5.0
362	9.0	5.0
363	19.0	
364	9.0	5.0
365	9.0	5.0
366	19.0	
367	19.0	
368	19.0	
369	19.0	
370	19.0	
371	19.0	
372	2.0	1.0
373	19.0	
374	2.0	1.0
375	2.0	1.0
376	19.0	
377	2.0	1.0
378	14.0	7.0
381	14.0	7.0
382	19.0	
383	19.0	
384	19.0	
385	19.0	
386	19.0	
387	19.0	
388	19.0	
389	9.0	5.0
390	9.0	5.0
391	9.0	5.0
392	9.0	5.0
393	19.0	
396	2.0	1.0
397	19.0	
398	2.0	1.0
399	2.0	1.0
400	2.0	1.0
401	2.0	1.0
403	14.0	7.0
404	2.0	1.0
405	14.0	7.0
406	19.0	
407	19.0	
408	19.0	
409	19.0	
410	14.0	7.0
411	19.0	
412	19.0	
413	19.0	
414	19.0	
415	19.0	
416	19.0	
417	9.0	5.0
418	19.0	
419	19.0	
420	2.0	1.0
421	11.0	6.0
422	19.0	
423	11.0	6.0
424	2.0	1.0
425	19.0	
426	19.0	
427	19.0	
428	10.0	5.0
429	19.0	
430	19.0	
431	19.0	
433	19.0	
434	11.0	6.0
435	19.0	
436	11.0	6.0
437	19.0	
438	19.0	
439	19.0	
440	19.0	
441	10.0	5.0
442	19.0	
443	19.0	
444	19.0	
445	19.0	
446	10.0	5.0
447	10.0	5.0
448	19.0	
449	1.0	1.0
450	19.0	
451	19.0	
453	19.0	
454	19.0	
455	19.0	
456	19.0	
457	19.0	
458	19.0	
459	1.0	1.0
460	19.0	
461	19.0	
462	1.0	1.0
463	19.0	
464	19.0	
465	1.0	1.0
466	19.0	
467	19.0	
468	1.0	1.0
472	1.0	1.0
474	19.0	
475	1.0	1.0
476	19.0	
477	19.0	
478	19.0	
479	19.0	
480	1.0	1.0
481	19.0	
482	1.0	1.0
483	19.0	
484	19.0	
485	19.0	
486	19.0	
487	19.0	
488	19.0	
489	18.0	9.0
490	19.0	
491	14.0	7.0
492	14.0	7.0
494	19.0	
495	1.0	1.0
496	19.0	
497	9.0	5.0
498	19.0	
499	19.0	
500	19.0	
501	19.0	
502	2.0	1.0
503	19.0	
504	19.0	
505	19.0	
506	19.0	
507	2.0	1.0
510	14.0	7.0
511	19.0	
512	19.0	
513	9.0	5.0
514	9.0	5.0
515	9.0	5.0
516	19.0	
517	9.0	5.0
518	9.0	5.0
519	19.0	
520	19.0	
521	19.0	
522	19.0	
523	19.0	
525	19.0	
526	2.0	1.0
527	2.0	1.0
528	19.0	
529	19.0	
530	14.0	7.0
531	14.0	7.0
532	14.0	7.0
533	19.0	
534	19.0	
535	7.0	4.0
536	9.0	5.0
537	9.0	5.0
538	9.0	5.0
539	9.0	5.0
540	19.0	
541	19.0	
543	19.0	
544	19.0	
545	19.0	
546	10.0	5.0
547	10.0	5.0
548	19.0	
549	14.0	7.0
550	8.0	4.0
551	19.0	
552	19.0	
553	19.0	
554	10.0	5.0
555	10.0	5.0
556	10.0	5.0
557	19.0	
558	19.0	
559	8.0	4.0
560	19.0	
561	19.0	
562	19.0	
563	19.0	
564	10.0	5.0
565	19.0	
566	19.0	
569	19.0	
570	19.0	
571	19.0	
572	1.0	1.0
573	19.0	
574	19.0	
577	1.0	1.0
578	19.0	
579	19.0	
580	19.0	
581	1.0	1.0
582	19.0	
583	19.0	
584	1.0	1.0
585	19.0	
586	1.0	1.0
587	19.0	
588	1.0	1.0
589	1.0	1.0
590	19.0	
591	19.0	
592	19.0	
594	19.0	
595	14.0	7.0
596	9.0	5.0
597	19.0	
598	19.0	
601	2.0	1.0
602	19.0	
603	19.0	
604	2.0	1.0
605	19.0	
606	2.0	1.0
607	2.0	1.0
608	19.0	
610	2.0	1.0
612	19.0	
613	14.0	7.0
614	7.0	4.0
615	7.0	4.0
616	7.0	4.0
617	9.0	5.0
618	9.0	5.0
619	19.0	
620	9.0	5.0
621	9.0	5.0
622	9.0	5.0
623	19.0	
624	19.0	
625	19.0	
626	19.0	
627	19.0	
628	9.0	5.0
629	19.0	
630	19.0	
631	19.0	
632	19.0	
633	19.0	
634	19.0	
635	19.0	
636	19.0	
637	19.0	
638	19.0	
639	7.0	4.0
640	19.0	
641	19.0	
642	19.0	
643	19.0	
644	2.0	1.0
645	19.0	
646	19.0	
647	2.0	1.0
648	19.0	
649	2.0	1.0
650	10.0	5.0
651	8.0	4.0
652	19.0	
653	8.0	4.0
654	8.0	4.0
655	19.0	
656	19.0	
657	19.0	
658	11.0	6.0
659	11.0	6.0
660	19.0	
661	19.0	
662	19.0	
663	19.0	
664	19.0	
665	10.0	5.0
666	10.0	5.0
667	19.0	
668	8.0	4.0
669	19.0	
670	19.0	
671	17.0	9.0
672	17.0	9.0
673	19.0	
674	19.0	
676	10.0	5.0
677	10.0	5.0
678	19.0	
679	19.0	
680	19.0	
681	19.0	
682	19.0	
683	19.0	
684	19.0	
688	12.0	6.0
689	19.0	
690	19.0	
691	19.0	
692	1.0	1.0
693	19.0	
694	19.0	
695	19.0	
696	19.0	
697	1.0	1.0
698	19.0	
699	19.0	
700	19.0	
701	1.0	1.0
702	19.0	
703	19.0	
704	19.0	
705	19.0	
706	1.0	1.0
707	19.0	
708	1.0	1.0
709	19.0	
711	19.0	
712	1.0	1.0
713	1.0	1.0
714	19.0	
715	9.0	5.0
716	19.0	
719	19.0	
720	2.0	1.0
721	19.0	
722	14.0	7.0
723	19.0	
724	19.0	
725	7.0	4.0
726	7.0	4.0
727	9.0	5.0
728	9.0	5.0
729	9.0	5.0
730	9.0	5.0
731	19.0	
732	19.0	
733	9.0	5.0
734	9.0	5.0
735	19.0	
736	19.0	
737	2.0	1.0
738	19.0	
739	19.0	
740	19.0	
741	2.0	1.0
742	19.0	
743	2.0	1.0
744	19.0	
745	2.0	1.0
746	14.0	7.0
747	19.0	
748	14.0	7.0
749	14.0	7.0
750	14.0	7.0
751	19.0	
752	19.0	
753	9.0	5.0
754	19.0	
755	19.0	
756	11.0	6.0
757	2.0	1.0
758	19.0	
759	2.0	1.0
760	19.0	
761	8.0	4.0
762	19.0	
763	19.0	
764	19.0	
765	19.0	
766	19.0	
767	7.0	4.0
768	19.0	
769	19.0	
770	19.0	
771	19.0	
772	2.0	1.0
773	10.0	5.0
774	10.0	5.0
775	19.0	
776	10.0	5.0
777	10.0	5.0
778	10.0	5.0
779	10.0	5.0
780	19.0	
781	10.0	5.0
782	19.0	
783	8.0	4.0
784	19.0	
785	8.0	4.0
786	8.0	4.0
787	8.0	4.0
788	19.0	
789	19.0	
790	19.0	
792	11.0	6.0
793	19.0	
794	19.0	
795	19.0	
796	10.0	5.0
797	19.0	
798	10.0	5.0
799	19.0	
800	19.0	
801	19.0	
802	19.0	
803	19.0	
804	12.0	6.0
805	19.0	
806	12.0	6.0
807	19.0	
809	19.0	
810	19.0	
811	1.0	1.0
812	12.0	6.0
813	19.0	
814	19.0	
815	19.0	
817	19.0	
818	12.0	6.0
819	19.0	
821	19.0	
822	19.0	
823	19.0	
824	1.0	1.0
825	1.0	1.0
826	1.0	1.0
827	19.0	
828	19.0	
830	14.0	7.0
831	14.0	7.0
832	1.0	1.0
833	19.0	
834	9.0	5.0
835	9.0	5.0
836	19.0	
837	19.0	
838	19.0	
842	19.0	
843	19.0	
844	19.0	
845	19.0	
846	2.0	1.0
847	14.0	7.0
848	14.0	7.0
849	14.0	7.0
850	19.0	
851	7.0	4.0
852	7.0	4.0
853	9.0	5.0
854	9.0	5.0
855	19.0	
856	9.0	5.0
857	9.0	5.0
858	19.0	
859	19.0	
860	9.0	5.0
861	9.0	5.0
863	2.0	1.0
864	19.0	
865	19.0	
866	19.0	
867	19.0	
868	19.0	
869	2.0	1.0
870	2.0	1.0
871	2.0	1.0
872	19.0	
873	19.0	
874	2.0	1.0
875	2.0	1.0
876	19.0	
877	19.0	
879	14.0	7.0
880	19.0	
881	2.0	1.0
882	8.0	4.0
883	19.0	
884	7.0	4.0
885	19.0	
886	7.0	4.0
887	7.0	4.0
888	19.0	
889	19.0	
890	19.0	
891	19.0	
892	2.0	1.0
893	19.0	
894	2.0	1.0
895	2.0	1.0
896	10.0	5.0
897	19.0	
898	19.0	
899	8.0	4.0
900	8.0	4.0
901	8.0	4.0
902	19.0	
903	19.0	
904	14.0	7.0
905	8.0	4.0
906	8.0	4.0
907	7.0	4.0
908	7.0	4.0
909	19.0	
910	7.0	4.0
911	7.0	4.0
912	19.0	
913	11.0	6.0
914	19.0	
915	19.0	
916	10.0	5.0
917	19.0	
918	8.0	4.0
919	8.0	4.0
920	8.0	4.0
921	17.0	9.0
922	19.0	
923	17.0	9.0
924	19.0	
925	19.0	
926	19.0	
927	10.0	5.0
928	10.0	5.0
929	10.0	5.0
930	19.0	
931	19.0	
932	8.0	4.0
933	19.0	
934	19.0	
935	19.0	
936	19.0	
937	19.0	
938	19.0	
939	1.0	1.0
940	19.0	
941	1.0	1.0
942	1.0	1.0
943	1.0	1.0
944	1.0	1.0
945	1.0	1.0
946	19.0	
947	12.0	6.0
948	19.0	
949	12.0	6.0
950	1.0	1.0
951	19.0	
952	1.0	1.0
953	1.0	1.0
954	19.0	
955	19.0	
956	1.0	1.0
957	1.0	1.0
958	19.0	
959	19.0	
960	19.0	
961	19.0	
962	14.0	7.0
963	1.0	1.0
964	1.0	1.0
965	1.0	1.0
966	19.0	
967	1.0	1.0
968	19.0	
969	9.0	5.0
970	18.0	9.0
971	19.0	
972	19.0	
973	19.0	
975	19.0	
976	2.0	1.0
977	14.0	7.0
978	19.0	
979	14.0	7.0
980	14.0	7.0
981	19.0	
982	19.0	
983	19.0	
984	5.0	3.0
985	7.0	4.0
986	19.0	
987	19.0	
988	7.0	4.0
989	19.0	
990	19.0	
991	19.0	
992	9.0	5.0
993	9.0	5.0
994	19.0	
995	9.0	5.0
996	9.0	5.0
997	9.0	5.0
998	19.0	
1000	19.0	
1002	19.0	
1003	19.0	
1004	19.0	
1005	2.0	1.0
1006	2.0	1.0
1007	19.0	
1008	2.0	1.0
1009	2.0	1.0
1010	14.0	7.0
1011	14.0	7.0
1012	14.0	7.0
1013	19.0	
1014	8.0	4.0
1015	19.0	
1016	19.0	
1017	8.0	4.0
1018	19.0	
1019	7.0	4.0
1020	19.0	
1021	7.0	4.0
1022	9.0	5.0
1023	9.0	5.0
1024	9.0	5.0
1025	9.0	5.0
1026	19.0	
1027	19.0	
1028	2.0	1.0
1029	19.0	
1030	19.0	
1031	2.0	1.0
1032	2.0	1.0
1033	2.0	1.0
1034	2.0	1.0
1035	2.0	1.0
1036	19.0	
1037	8.0	4.0
1038	19.0	
1039	19.0	
1040	8.0	4.0
1041	19.0	
1042	8.0	4.0
1043	8.0	4.0
1044	8.0	4.0
1045	8.0	4.0
1046	8.0	4.0
1047	19.0	
1048	19.0	
1049	14.0	7.0
1050	8.0	4.0
1051	19.0	
791	19.0	
1052	7.0	4.0
1053	19.0	
1054	2.0	1.0
1055	17.0	9.0
1056	10.0	5.0
1057	10.0	5.0
1058	10.0	5.0
1059	8.0	4.0
1060	8.0	4.0
1061	11.0	6.0
1062	17.0	9.0
1063	17.0	9.0
1064	19.0	
1065	19.0	
1066	17.0	9.0
1067	10.0	5.0
1068	19.0	
1069	19.0	
1070	19.0	
1071	19.0	
1072	19.0	
1073	19.0	
1075	19.0	
1078	1.0	1.0
1079	19.0	
1081	19.0	
1082	12.0	6.0
1083	19.0	
1084	19.0	
1085	19.0	
1086	1.0	1.0
1087	19.0	
1088	1.0	1.0
1089	1.0	1.0
1090	12.0	6.0
1091	19.0	
1092	12.0	6.0
1093	19.0	
1094	1.0	1.0
1095	1.0	1.0
1096	19.0	
1097	1.0	1.0
1098	1.0	1.0
1099	1.0	1.0
1100	1.0	1.0
1101	19.0	
1102	1.0	1.0
1103	1.0	1.0
1104	1.0	1.0
1105	1.0	1.0
1106	1.0	1.0
1107	19.0	
1108	1.0	1.0
1109	18.0	9.0
1110	18.0	9.0
1111	18.0	9.0
1112	18.0	9.0
1113	18.0	9.0
1114	18.0	9.0
1116	19.0	
1117	1.0	1.0
1118	1.0	1.0
1119	1.0	1.0
1120	1.0	1.0
1121	9.0	5.0
1122	9.0	5.0
1123	9.0	5.0
1124	9.0	5.0
1125	9.0	5.0
1126	19.0	
1127	2.0	1.0
1128	19.0	
1129	11.0	6.0
1130	19.0	
1131	14.0	7.0
1132	14.0	7.0
1133	14.0	7.0
1134	19.0	
1135	19.0	
1136	19.0	
1137	19.0	
1138	7.0	4.0
1139	9.0	5.0
1140	19.0	
1141	19.0	
1143	2.0	1.0
1144	19.0	
1145	19.0	
1146	2.0	1.0
1147	19.0	
1148	2.0	1.0
1149	19.0	
1150	2.0	1.0
1151	19.0	
1152	19.0	
1153	8.0	4.0
1154	7.0	4.0
1155	19.0	
1156	7.0	4.0
1157	7.0	4.0
1158	7.0	4.0
1159	9.0	5.0
1160	9.0	5.0
1161	19.0	
1162	11.0	6.0
1163	19.0	
1164	19.0	
1165	2.0	1.0
1166	19.0	
1167	19.0	
1168	2.0	1.0
1169	2.0	1.0
1170	2.0	1.0
1171	2.0	1.0
1172	2.0	1.0
1173	8.0	4.0
1174	19.0	
1175	19.0	
1176	8.0	4.0
1177	8.0	4.0
1178	19.0	
1179	7.0	4.0
1180	7.0	4.0
1181	7.0	4.0
1182	19.0	
1183	19.0	
1184	7.0	4.0
1185	19.0	
1186	7.0	4.0
1187	19.0	
1188	19.0	
1189	2.0	1.0
1190	17.0	9.0
1191	17.0	9.0
1192	19.0	
1193	19.0	
1194	10.0	5.0
1195	19.0	
1196	8.0	4.0
1197	8.0	4.0
1198	8.0	4.0
1199	8.0	4.0
1200	8.0	4.0
1201	8.0	4.0
1202	8.0	4.0
1203	19.0	
1204	19.0	
1205	19.0	
1206	8.0	4.0
1207	11.0	6.0
1208	19.0	
1209	17.0	9.0
1210	19.0	
1211	10.0	5.0
1212	10.0	5.0
1213	19.0	
1214	19.0	
1215	10.0	5.0
1216	19.0	
1217	19.0	
1218	8.0	4.0
1219	8.0	4.0
1220	8.0	4.0
1221	17.0	9.0
1222	19.0	
1223	19.0	
1224	19.0	
1225	17.0	9.0
1226	19.0	
1227	19.0	
1228	12.0	6.0
1229	12.0	6.0
1230	12.0	6.0
1231	19.0	
1232	19.0	
1233	19.0	
1234	19.0	
1235	1.0	1.0
1236	19.0	
1237	1.0	1.0
1238	19.0	
1239	1.0	1.0
1240	1.0	1.0
1241	1.0	1.0
1242	1.0	1.0
1243	19.0	
1244	1.0	1.0
1245	19.0	
1246	1.0	1.0
1247	19.0	
1248	19.0	
1249	19.0	
1250	19.0	
1251	19.0	
1252	19.0	
1253	1.0	1.0
1254	19.0	
1255	1.0	1.0
1256	19.0	
1257	1.0	1.0
1258	1.0	1.0
1259	1.0	1.0
1260	18.0	9.0
1263	19.0	
1267	14.0	7.0
1268	19.0	
1269	19.0	
1270	1.0	1.0
1271	1.0	1.0
1272	1.0	1.0
1273	1.0	1.0
1274	19.0	
1275	18.0	9.0
1276	18.0	9.0
1277	9.0	5.0
1278	19.0	
1279	2.0	1.0
1280	19.0	
1281	2.0	1.0
1282	19.0	
1284	19.0	
1285	19.0	
1286	19.0	
1287	7.0	4.0
1288	7.0	4.0
1289	7.0	4.0
1290	9.0	5.0
1291	9.0	5.0
1292	9.0	5.0
1293	9.0	5.0
1294	9.0	5.0
1295	19.0	
1296	9.0	5.0
1297	18.0	9.0
1298	19.0	
1299	2.0	1.0
1300	19.0	
1301	19.0	
1302	2.0	1.0
1303	19.0	
1304	2.0	1.0
1305	19.0	
1306	19.0	
1307	14.0	7.0
1308	8.0	4.0
1309	19.0	
1310	8.0	4.0
1311	7.0	4.0
1312	8.0	4.0
1313	8.0	4.0
1314	19.0	
1315	7.0	4.0
1316	9.0	5.0
1317	19.0	
1318	9.0	5.0
1319	9.0	5.0
1320	9.0	5.0
1321	9.0	5.0
1322	19.0	
1323	19.0	
1324	19.0	
1325	2.0	1.0
1326	2.0	1.0
1327	2.0	1.0
1328	2.0	1.0
1329	2.0	1.0
1330	2.0	1.0
1331	2.0	1.0
1332	2.0	1.0
1333	19.0	
1334	2.0	1.0
1335	19.0	
1336	8.0	4.0
1337	19.0	
1338	19.0	
1339	8.0	4.0
1340	8.0	4.0
1341	7.0	4.0
1342	7.0	4.0
1343	19.0	
1344	19.0	
1345	7.0	4.0
1346	19.0	
1347	11.0	6.0
1348	19.0	
1349	2.0	1.0
1350	19.0	
1351	2.0	1.0
1352	17.0	9.0
1353	10.0	5.0
1354	8.0	4.0
1355	8.0	4.0
1356	8.0	4.0
1357	8.0	4.0
1358	19.0	
1359	19.0	
1360	19.0	
1361	19.0	
1362	10.0	5.0
1363	10.0	5.0
1364	10.0	5.0
1365	10.0	5.0
1366	19.0	
1367	19.0	
1368	19.0	
1369	19.0	
1371	19.0	
1372	17.0	9.0
1373	19.0	
1374	19.0	
1375	19.0	
1376	12.0	6.0
1377	19.0	
1378	1.0	1.0
1379	19.0	
1380	19.0	
1381	1.0	1.0
1382	1.0	1.0
1383	1.0	1.0
1384	19.0	
1385	1.0	1.0
1386	1.0	1.0
1387	1.0	1.0
1388	1.0	1.0
1389	12.0	6.0
1390	1.0	1.0
1393	19.0	
1394	19.0	
1395	19.0	
1396	1.0	1.0
1397	1.0	1.0
1398	19.0	
1399	1.0	1.0
1400	19.0	
1401	18.0	9.0
1402	19.0	
1403	19.0	
1404	18.0	9.0
1405	19.0	
1406	18.0	9.0
1407	19.0	
1408	19.0	
1410	19.0	
1411	1.0	1.0
1412	19.0	
1413	1.0	1.0
1414	19.0	
1415	9.0	5.0
1416	6.0	3.0
1417	19.0	
1419	19.0	
1420	19.0	
1421	7.0	4.0
1422	7.0	4.0
1423	7.0	4.0
1424	9.0	5.0
1425	9.0	5.0
1426	9.0	5.0
1427	9.0	5.0
1428	9.0	5.0
1429	19.0	
1430	9.0	5.0
1431	19.0	
1432	19.0	
1433	19.0	
1434	19.0	
1435	2.0	1.0
1436	2.0	1.0
1437	19.0	
1438	2.0	1.0
1439	17.0	9.0
1440	2.0	1.0
1441	19.0	
1442	7.0	4.0
1443	7.0	4.0
1444	7.0	4.0
1445	9.0	5.0
1446	19.0	
1447	19.0	
1448	9.0	5.0
1449	19.0	
1450	19.0	
1451	19.0	
1452	19.0	
1453	2.0	1.0
1454	2.0	1.0
1455	2.0	1.0
1456	2.0	1.0
1457	2.0	1.0
1458	2.0	1.0
1459	2.0	1.0
1460	8.0	4.0
1461	8.0	4.0
1462	8.0	4.0
1463	19.0	
1464	7.0	4.0
1465	7.0	4.0
1466	7.0	4.0
1467	19.0	
1468	11.0	6.0
1469	19.0	
1470	19.0	
1471	11.0	6.0
1472	11.0	6.0
1473	19.0	
1474	2.0	1.0
1475	2.0	1.0
1476	17.0	9.0
1477	19.0	
1478	19.0	
1479	17.0	9.0
1480	10.0	5.0
1481	10.0	5.0
1482	19.0	
1483	8.0	4.0
1484	8.0	4.0
1485	8.0	4.0
1486	8.0	4.0
1487	19.0	
1488	19.0	
1489	11.0	6.0
1490	19.0	
1491	11.0	6.0
1492	11.0	6.0
1493	17.0	9.0
1494	17.0	9.0
1495	17.0	9.0
1496	17.0	9.0
1497	19.0	
1498	10.0	5.0
1499	10.0	5.0
1500	10.0	5.0
1501	10.0	5.0
1502	10.0	5.0
1503	10.0	5.0
1504	10.0	5.0
1505	10.0	5.0
1506	8.0	4.0
1507	8.0	4.0
1508	19.0	
1509	8.0	4.0
1510	17.0	9.0
1511	19.0	
1512	19.0	
1513	1.0	1.0
1514	12.0	6.0
1515	12.0	6.0
1516	19.0	
1518	19.0	
1519	1.0	1.0
1520	19.0	
1521	19.0	
1522	19.0	
1523	1.0	1.0
1524	19.0	
1525	1.0	1.0
1526	1.0	1.0
1527	1.0	1.0
1528	1.0	1.0
1529	19.0	
1530	12.0	6.0
1531	19.0	
1532	19.0	
1533	19.0	
1534	1.0	1.0
1535	19.0	
1536	1.0	1.0
1537	1.0	1.0
1538	1.0	1.0
1539	19.0	
1540	1.0	1.0
1541	1.0	1.0
1542	19.0	
1543	18.0	9.0
1544	18.0	9.0
1546	19.0	
1547	1.0	1.0
1548	1.0	1.0
1549	1.0	1.0
1550	18.0	9.0
1551	18.0	9.0
1552	18.0	9.0
1553	19.0	
1554	19.0	
1555	11.0	6.0
1556	19.0	
1557	19.0	
1558	11.0	6.0
1559	19.0	
1560	19.0	
1561	19.0	
1562	19.0	
1563	19.0	
1564	9.0	5.0
1565	9.0	5.0
1566	19.0	
1567	19.0	
1568	11.0	6.0
1569	11.0	6.0
1570	19.0	
1571	19.0	
1572	19.0	
1573	2.0	1.0
1574	2.0	1.0
1575	2.0	1.0
1576	2.0	1.0
1577	2.0	1.0
1578	2.0	1.0
1579	2.0	1.0
1580	2.0	1.0
1581	2.0	1.0
1582	8.0	4.0
1583	8.0	4.0
1584	19.0	
1585	19.0	
1586	19.0	
1587	19.0	
1588	19.0	
1589	19.0	
1590	7.0	4.0
1591	7.0	4.0
1592	19.0	
1593	8.0	4.0
1594	7.0	4.0
1595	7.0	4.0
1596	7.0	4.0
1597	7.0	4.0
1598	7.0	4.0
1599	19.0	
1600	9.0	5.0
1601	9.0	5.0
1602	19.0	
1603	19.0	
1604	19.0	
1605	2.0	1.0
1606	19.0	
1607	19.0	
1608	19.0	
1609	19.0	
1610	2.0	1.0
1611	2.0	1.0
1612	2.0	1.0
1613	8.0	4.0
1614	7.0	4.0
1615	7.0	4.0
1616	7.0	4.0
1617	7.0	4.0
1618	11.0	6.0
1619	19.0	
1620	11.0	6.0
1621	19.0	
1622	11.0	6.0
1623	2.0	1.0
1624	2.0	1.0
1625	19.0	
1626	17.0	9.0
1627	19.0	
1628	17.0	9.0
1629	8.0	4.0
1630	8.0	4.0
1631	8.0	4.0
1632	8.0	4.0
1633	8.0	4.0
1634	8.0	4.0
1635	19.0	
1636	11.0	6.0
1637	11.0	6.0
1638	19.0	
1639	19.0	
1640	17.0	9.0
1641	17.0	9.0
1642	19.0	
1643	17.0	9.0
1644	10.0	5.0
1645	10.0	5.0
1646	10.0	5.0
1647	19.0	
1648	10.0	5.0
1649	8.0	4.0
1650	8.0	4.0
1651	8.0	4.0
1652	8.0	4.0
1653	19.0	
1654	19.0	
1655	19.0	
1656	19.0	
1657	19.0	
1658	19.0	
1659	19.0	
1660	19.0	
1661	19.0	
1662	8.0	4.0
1663	8.0	4.0
1664	12.0	6.0
1665	19.0	
1666	19.0	
1667	19.0	
1668	12.0	6.0
1669	19.0	
1670	19.0	
1672	19.0	
1673	19.0	
1674	19.0	
1675	1.0	1.0
1676	19.0	
1677	19.0	
1678	19.0	
1679	19.0	
1680	19.0	
1681	19.0	
1682	19.0	
1683	19.0	
1684	1.0	1.0
1685	1.0	1.0
1686	18.0	9.0
1688	1.0	1.0
1689	12.0	6.0
1690	1.0	1.0
1691	1.0	1.0
1692	1.0	1.0
1693	1.0	1.0
1694	1.0	1.0
1695	19.0	
1696	18.0	9.0
1697	18.0	9.0
1698	18.0	9.0
1699	19.0	
1702	1.0	1.0
1703	1.0	1.0
1704	18.0	9.0
1705	18.0	9.0
1706	19.0	
1707	19.0	
1708	19.0	
1709	11.0	6.0
1710	6.0	3.0
1713	14.0	7.0
1714	19.0	
1715	5.0	3.0
1716	19.0	
1717	7.0	4.0
1718	9.0	5.0
1719	9.0	5.0
1720	9.0	5.0
1721	19.0	
1723	19.0	
1724	19.0	
1725	19.0	
1726	2.0	1.0
1727	2.0	1.0
1728	2.0	1.0
1729	19.0	
1730	2.0	1.0
1731	2.0	1.0
1732	2.0	1.0
1733	19.0	
1734	19.0	
1735	2.0	1.0
1737	8.0	4.0
1738	7.0	4.0
1739	7.0	4.0
1740	8.0	4.0
1741	19.0	
1742	7.0	4.0
1743	9.0	5.0
1744	19.0	
1745	19.0	
1746	19.0	
1747	11.0	6.0
1748	19.0	
1749	19.0	
1750	2.0	1.0
1751	19.0	
1752	8.0	4.0
1753	8.0	4.0
1754	8.0	4.0
1755	8.0	4.0
1756	8.0	4.0
1757	8.0	4.0
1758	7.0	4.0
1759	19.0	
1760	19.0	
1761	7.0	4.0
1762	8.0	4.0
1763	7.0	4.0
1764	7.0	4.0
1765	7.0	4.0
1766	7.0	4.0
1767	19.0	
1768	7.0	4.0
1769	19.0	
1770	19.0	
1771	19.0	
1772	2.0	1.0
1773	2.0	1.0
1774	19.0	
1775	19.0	
1776	2.0	1.0
1777	2.0	1.0
1778	17.0	9.0
1779	10.0	5.0
1780	19.0	
1781	10.0	5.0
1782	19.0	
1783	8.0	4.0
1784	7.0	4.0
1785	19.0	
1786	19.0	
1787	11.0	6.0
1788	19.0	
1789	19.0	
1790	17.0	9.0
1791	17.0	9.0
1792	17.0	9.0
1793	17.0	9.0
1794	19.0	
1795	10.0	5.0
1796	10.0	5.0
1797	10.0	5.0
1798	19.0	
1799	10.0	5.0
1800	10.0	5.0
1801	10.0	5.0
1802	8.0	4.0
1803	8.0	4.0
1804	8.0	4.0
1805	19.0	
1806	17.0	9.0
1807	19.0	
1808	17.0	9.0
1809	19.0	
1810	19.0	
1811	19.0	
1812	19.0	
1813	19.0	
1814	19.0	
1815	1.0	1.0
1816	12.0	6.0
1817	12.0	6.0
1818	12.0	6.0
1820	19.0	
1821	19.0	
1822	19.0	
1823	19.0	
1824	19.0	
1825	1.0	1.0
1826	19.0	
1827	19.0	
1828	1.0	1.0
1829	19.0	
1830	19.0	
1831	1.0	1.0
1832	1.0	1.0
1833	19.0	
1834	1.0	1.0
1835	19.0	
1836	12.0	6.0
1837	1.0	1.0
1838	19.0	
1839	19.0	
1840	19.0	
1841	19.0	
1842	19.0	
1843	1.0	1.0
1844	1.0	1.0
1845	1.0	1.0
1846	1.0	1.0
1847	1.0	1.0
1848	1.0	1.0
1849	1.0	1.0
1850	1.0	1.0
1851	19.0	
1852	1.0	1.0
1853	19.0	
1854	18.0	9.0
1855	18.0	9.0
1856	18.0	9.0
1857	19.0	
1858	19.0	
1859	19.0	
1860	19.0	
1861	19.0	
1862	1.0	1.0
1863	1.0	1.0
1864	1.0	1.0
1865	18.0	9.0
1866	1.0	1.0
1867	19.0	
1868	9.0	5.0
1869	18.0	9.0
1870	18.0	9.0
1871	18.0	9.0
1872	19.0	
1873	11.0	6.0
1874	11.0	6.0
1876	19.0	
1877	19.0	
1878	19.0	
1881	19.0	
1883	14.0	7.0
1884	19.0	
1885	7.0	4.0
1886	7.0	4.0
1887	7.0	4.0
1888	7.0	4.0
1889	7.0	4.0
1890	9.0	5.0
1891	19.0	
1892	19.0	
1893	9.0	5.0
1894	9.0	5.0
1895	9.0	5.0
1896	9.0	5.0
1897	9.0	5.0
1898	19.0	
1899	11.0	6.0
1900	2.0	1.0
1901	2.0	1.0
1902	2.0	1.0
1903	19.0	
1904	2.0	1.0
1905	2.0	1.0
1906	19.0	
1907	2.0	1.0
1908	2.0	1.0
1909	2.0	1.0
1910	19.0	
1912	8.0	4.0
1913	8.0	4.0
1914	19.0	
1915	19.0	
1916	19.0	
1917	9.0	5.0
1918	9.0	5.0
1919	11.0	6.0
1920	2.0	1.0
1921	2.0	1.0
1922	2.0	1.0
1923	2.0	1.0
1924	2.0	1.0
1925	2.0	1.0
1926	19.0	
1927	2.0	1.0
1928	2.0	1.0
1929	2.0	1.0
1930	2.0	1.0
1931	2.0	1.0
1932	17.0	9.0
1933	8.0	4.0
1934	19.0	
1935	7.0	4.0
1936	7.0	4.0
1937	19.0	
1938	11.0	6.0
1939	2.0	1.0
1940	19.0	
1941	2.0	1.0
1942	2.0	1.0
1943	19.0	
1944	19.0	
1945	8.0	4.0
1946	19.0	
1947	19.0	
1948	8.0	4.0
1949	8.0	4.0
1950	8.0	4.0
1951	19.0	
1952	8.0	4.0
1953	19.0	
1954	8.0	4.0
1955	19.0	
1956	19.0	
1957	19.0	
1958	11.0	6.0
1959	2.0	1.0
1960	17.0	9.0
1961	17.0	9.0
1962	17.0	9.0
1963	19.0	
1964	19.0	
1965	19.0	
1966	19.0	
1967	8.0	4.0
1968	19.0	
1969	8.0	4.0
1970	8.0	4.0
1971	19.0	
1972	19.0	
1973	17.0	9.0
1974	19.0	
1975	19.0	
1976	19.0	
1977	19.0	
1978	19.0	
1979	19.0	
1980	12.0	6.0
1981	12.0	6.0
1982	19.0	
1983	12.0	6.0
1984	1.0	1.0
1985	12.0	6.0
1986	19.0	
1987	19.0	
1988	1.0	1.0
1989	1.0	1.0
1990	1.0	1.0
1991	1.0	1.0
1992	1.0	1.0
1993	19.0	
1994	1.0	1.0
1995	1.0	1.0
1996	1.0	1.0
1997	19.0	
1998	1.0	1.0
1999	1.0	1.0
2000	12.0	6.0
2001	1.0	1.0
2002	5.0	3.0
2003	1.0	1.0
2004	1.0	1.0
2005	1.0	1.0
2006	1.0	1.0
2007	1.0	1.0
2008	1.0	1.0
2009	1.0	1.0
2010	1.0	1.0
2011	19.0	
2012	18.0	9.0
2013	19.0	
2014	19.0	
2018	13.0	
2019	14.0	7.0
2020	19.0	
2021	18.0	9.0
2022	18.0	9.0
2023	18.0	9.0
2024	18.0	9.0
2025	18.0	9.0
2026	18.0	9.0
2027	18.0	9.0
2029	11.0	6.0
2030	19.0	
2031	6.0	3.0
2032	19.0	
2034	19.0	
2035	7.0	4.0
2036	7.0	4.0
2037	18.0	9.0
2038	7.0	4.0
2039	18.0	9.0
2040	19.0	
2041	19.0	
2042	19.0	
2043	19.0	
2044	19.0	
2045	2.0	1.0
2046	19.0	
2047	2.0	1.0
2048	2.0	1.0
2049	2.0	1.0
2050	2.0	1.0
2051	19.0	
2052	2.0	1.0
2053	2.0	1.0
2054	19.0	
2055	2.0	1.0
2056	2.0	1.0
2057	2.0	1.0
2059	8.0	4.0
2060	14.0	7.0
2061	19.0	
2062	7.0	4.0
2063	19.0	
2064	7.0	4.0
2065	7.0	4.0
2066	7.0	4.0
2067	7.0	4.0
2068	7.0	4.0
2069	9.0	5.0
2070	9.0	5.0
2071	9.0	5.0
2072	9.0	5.0
2073	19.0	
2074	19.0	
2075	11.0	6.0
2076	2.0	1.0
2077	2.0	1.0
2078	19.0	
2079	2.0	1.0
2080	2.0	1.0
2081	2.0	1.0
2082	2.0	1.0
2083	17.0	9.0
2084	8.0	4.0
2085	8.0	4.0
2086	8.0	4.0
2087	19.0	
2088	8.0	4.0
2089	8.0	4.0
2090	7.0	4.0
2091	7.0	4.0
2092	19.0	
2093	19.0	
2094	7.0	4.0
2095	7.0	4.0
2096	7.0	4.0
2097	7.0	4.0
2098	7.0	4.0
2099	19.0	
2101	11.0	6.0
2102	19.0	
2103	19.0	
2104	19.0	
2105	2.0	1.0
2106	19.0	
2107	19.0	
2108	19.0	
2109	17.0	9.0
2110	17.0	9.0
2111	8.0	4.0
2112	8.0	4.0
2113	8.0	4.0
2114	8.0	4.0
2115	8.0	4.0
2116	8.0	4.0
2117	11.0	6.0
2118	19.0	
2119	19.0	
2120	17.0	9.0
2121	17.0	9.0
2122	17.0	9.0
2123	17.0	9.0
2124	19.0	
2125	19.0	
2126	8.0	4.0
2127	19.0	
2128	19.0	
2129	17.0	9.0
2130	19.0	
2131	17.0	9.0
2132	17.0	9.0
2133	17.0	9.0
2134	17.0	9.0
2135	17.0	9.0
2136	10.0	5.0
2137	10.0	5.0
2138	10.0	5.0
2139	10.0	5.0
2140	10.0	5.0
2141	19.0	
2142	19.0	
2143	8.0	4.0
2144	19.0	
2145	19.0	
2146	12.0	6.0
2147	12.0	6.0
2148	12.0	6.0
2149	12.0	6.0
2150	19.0	
2151	1.0	1.0
2152	19.0	
2153	19.0	
2154	1.0	1.0
2155	1.0	1.0
2156	1.0	1.0
2157	1.0	1.0
2158	19.0	
2159	1.0	1.0
2160	19.0	
2161	18.0	9.0
2162	19.0	
2164	5.0	3.0
2166	19.0	
2167	1.0	1.0
2168	1.0	1.0
2169	1.0	1.0
2170	1.0	1.0
2171	19.0	
2172	19.0	
2173	1.0	1.0
2174	1.0	1.0
2175	18.0	9.0
2176	18.0	9.0
2179	19.0	
2180	19.0	
2181	1.0	1.0
2182	19.0	
2183	18.0	9.0
2184	19.0	
2185	19.0	
2186	18.0	9.0
2188	19.0	
2189	19.0	
2190	6.0	3.0
2192	5.0	3.0
2194	7.0	4.0
2195	7.0	4.0
2196	9.0	5.0
2197	9.0	5.0
2198	19.0	
2199	9.0	5.0
2200	18.0	9.0
2201	19.0	
2202	19.0	
2203	19.0	
2207	2.0	1.0
2208	19.0	
2209	2.0	1.0
2210	2.0	1.0
2211	19.0	
2212	19.0	
2213	19.0	
2214	19.0	
2215	2.0	1.0
2217	19.0	
2218	19.0	
2219	7.0	4.0
2220	7.0	4.0
2221	9.0	5.0
2222	19.0	
2223	19.0	
2224	19.0	
2225	19.0	
2226	19.0	
2227	19.0	
2228	2.0	1.0
2229	2.0	1.0
2230	2.0	1.0
2231	19.0	
2232	19.0	
2233	19.0	
2234	2.0	1.0
2235	2.0	1.0
2236	6.0	3.0
2237	8.0	4.0
2238	8.0	4.0
2239	8.0	4.0
2240	7.0	4.0
2241	7.0	4.0
2242	7.0	4.0
2244	19.0	
2245	19.0	
2246	2.0	1.0
2247	19.0	
2248	17.0	9.0
2249	17.0	9.0
2250	17.0	9.0
2251	8.0	4.0
2252	8.0	4.0
2253	8.0	4.0
2254	19.0	
2255	8.0	4.0
2256	8.0	4.0
2257	8.0	4.0
2258	19.0	
2259	8.0	4.0
2260	19.0	
2261	8.0	4.0
2262	7.0	4.0
2263	7.0	4.0
2264	19.0	
2265	7.0	4.0
2266	19.0	
2267	19.0	
2268	17.0	9.0
2269	17.0	9.0
2270	17.0	9.0
2271	19.0	
2272	17.0	9.0
2273	19.0	
2274	17.0	9.0
2275	19.0	
2276	19.0	
2277	19.0	
2278	10.0	5.0
2279	10.0	5.0
2280	19.0	
2281	8.0	4.0
2282	19.0	
2283	19.0	
2284	17.0	9.0
2285	17.0	9.0
2286	17.0	9.0
2287	17.0	9.0
2288	17.0	9.0
2289	17.0	9.0
2290	19.0	
2291	19.0	
2292	19.0	
2293	10.0	5.0
2294	10.0	5.0
2295	10.0	5.0
2296	10.0	5.0
2297	10.0	5.0
2298	10.0	5.0
2299	10.0	5.0
2300	19.0	
2301	19.0	
2303	19.0	
2304	19.0	
2305	19.0	
2306	19.0	
2307	19.0	
2308	19.0	
2309	19.0	
2310	19.0	
2311	1.0	1.0
2312	1.0	1.0
2313	12.0	6.0
2314	19.0	
2315	19.0	
2316	19.0	
2317	1.0	1.0
2318	1.0	1.0
2319	1.0	1.0
2320	5.0	3.0
2321	5.0	3.0
2322	1.0	1.0
2323	1.0	1.0
2324	19.0	
2325	18.0	9.0
2326	1.0	1.0
2327	1.0	1.0
2328	1.0	1.0
2329	1.0	1.0
2330	1.0	1.0
2331	18.0	9.0
2332	18.0	9.0
2336	19.0	
2337	1.0	1.0
2338	19.0	
2339	1.0	1.0
2340	18.0	9.0
2341	18.0	9.0
2345	13.0	
2347	19.0	
2348	5.0	3.0
2349	5.0	3.0
2350	7.0	4.0
2351	7.0	4.0
2352	7.0	4.0
2353	19.0	
2354	19.0	
2355	19.0	
2356	9.0	5.0
2357	9.0	5.0
2358	19.0	
2359	18.0	9.0
2364	11.0	6.0
2367	19.0	
2368	2.0	1.0
2369	2.0	1.0
2370	19.0	
2371	2.0	1.0
2372	2.0	1.0
2373	6.0	3.0
2374	19.0	
2375	19.0	
2376	6.0	3.0
2377	6.0	3.0
2378	19.0	
2379	8.0	4.0
2380	19.0	
2381	19.0	
2382	19.0	
2383	7.0	4.0
2384	19.0	
2385	7.0	4.0
2386	7.0	4.0
2387	7.0	4.0
2388	9.0	5.0
2389	9.0	5.0
2390	19.0	
2391	19.0	
2392	11.0	6.0
2393	19.0	
2394	2.0	1.0
2395	2.0	1.0
2396	17.0	9.0
2397	2.0	1.0
2398	19.0	
2399	8.0	4.0
2400	8.0	4.0
2401	8.0	4.0
2402	7.0	4.0
2403	7.0	4.0
2404	19.0	
2405	7.0	4.0
2406	7.0	4.0
2407	7.0	4.0
2408	19.0	
2409	11.0	6.0
2410	19.0	
2411	11.0	6.0
2412	2.0	1.0
2413	19.0	
2414	2.0	1.0
2415	17.0	9.0
2416	8.0	4.0
2417	19.0	
2418	8.0	4.0
2419	8.0	4.0
2420	8.0	4.0
2421	8.0	4.0
2422	8.0	4.0
2423	17.0	9.0
2424	17.0	9.0
2425	17.0	9.0
2426	17.0	9.0
2427	17.0	9.0
2428	17.0	9.0
2429	17.0	9.0
2430	10.0	5.0
2431	19.0	
2432	8.0	4.0
2433	8.0	4.0
2434	19.0	
2435	19.0	
2436	8.0	4.0
2437	17.0	9.0
2438	19.0	
2439	19.0	
2440	17.0	9.0
2441	17.0	9.0
2442	17.0	9.0
2443	17.0	9.0
2444	10.0	5.0
2445	10.0	5.0
2446	10.0	5.0
2447	10.0	5.0
2448	19.0	
2449	19.0	
2450	19.0	
2451	17.0	9.0
2452	17.0	9.0
2453	17.0	9.0
2454	19.0	
2455	19.0	
2456	19.0	
2459	19.0	
2462	12.0	6.0
2463	19.0	
2465	1.0	1.0
2466	1.0	1.0
2467	19.0	
2468	12.0	6.0
2471	19.0	
2472	19.0	
2473	1.0	1.0
2474	1.0	1.0
2475	1.0	1.0
2476	19.0	
2477	1.0	1.0
2478	1.0	1.0
2479	1.0	1.0
2480	1.0	1.0
2481	19.0	
2482	1.0	1.0
2483	18.0	9.0
2484	19.0	
2485	19.0	
2486	19.0	
2489	19.0	
2490	1.0	1.0
2491	1.0	1.0
2492	1.0	1.0
2493	1.0	1.0
2494	1.0	1.0
2495	1.0	1.0
2496	1.0	1.0
2497	19.0	
2498	19.0	
2500	5.0	3.0
2501	19.0	
2502	1.0	1.0
2503	1.0	1.0
2504	18.0	9.0
2505	18.0	9.0
2506	18.0	9.0
2507	18.0	9.0
2510	19.0	
2512	19.0	
2514	19.0	
2515	19.0	
2519	19.0	
2521	19.0	
2523	19.0	
2525	7.0	4.0
2526	7.0	4.0
2527	7.0	4.0
2528	7.0	4.0
2529	18.0	9.0
2530	18.0	9.0
2531	7.0	4.0
2532	18.0	9.0
2533	18.0	9.0
2534	18.0	9.0
2535	19.0	
2536	19.0	
2537	19.0	
2539	19.0	
2540	2.0	1.0
2541	2.0	1.0
2542	2.0	1.0
2543	2.0	1.0
2544	2.0	1.0
2545	6.0	3.0
2546	2.0	1.0
2547	6.0	3.0
2548	19.0	
2549	19.0	
2550	8.0	4.0
2551	7.0	4.0
2552	7.0	4.0
2553	7.0	4.0
2554	19.0	
2555	9.0	5.0
2556	7.0	4.0
2557	7.0	4.0
2558	9.0	5.0
2559	19.0	
2560	19.0	
2561	2.0	1.0
2562	2.0	1.0
2563	19.0	
2564	2.0	1.0
2565	19.0	
2566	6.0	3.0
2567	8.0	4.0
2568	8.0	4.0
2569	8.0	4.0
2570	8.0	4.0
2571	8.0	4.0
2572	7.0	4.0
2573	19.0	
2574	8.0	4.0
2575	7.0	4.0
2576	19.0	
2577	7.0	4.0
2578	7.0	4.0
2579	7.0	4.0
2580	7.0	4.0
2581	7.0	4.0
2582	7.0	4.0
2583	7.0	4.0
2584	19.0	
2585	19.0	
2586	19.0	
2587	7.0	4.0
2588	17.0	9.0
2589	2.0	1.0
2590	2.0	1.0
2591	17.0	9.0
2592	17.0	9.0
2593	17.0	9.0
2594	17.0	9.0
2595	8.0	4.0
2596	8.0	4.0
2597	8.0	4.0
2598	8.0	4.0
2599	8.0	4.0
2600	8.0	4.0
2601	8.0	4.0
2602	7.0	4.0
2603	19.0	
2604	19.0	
2605	19.0	
2606	19.0	
2607	19.0	
2608	19.0	
2609	17.0	9.0
2610	17.0	9.0
2611	19.0	
2612	8.0	4.0
2613	8.0	4.0
2614	8.0	4.0
2615	8.0	4.0
2616	8.0	4.0
2617	19.0	
2618	19.0	
2619	19.0	
2620	17.0	9.0
2621	19.0	
2622	19.0	
2623	17.0	9.0
2624	17.0	9.0
2625	17.0	9.0
2626	17.0	9.0
2627	17.0	9.0
2628	19.0	
2629	19.0	
2630	10.0	5.0
2631	10.0	5.0
2632	19.0	
2633	17.0	9.0
2634	19.0	
2635	19.0	
2636	17.0	9.0
2638	17.0	9.0
2639	19.0	
2640	19.0	
2641	19.0	
2643	19.0	
2646	19.0	
2648	19.0	
2649	12.0	6.0
2650	19.0	
2651	19.0	
2652	19.0	
2653	12.0	6.0
2654	12.0	6.0
2655	19.0	
2657	12.0	6.0
2658	12.0	6.0
2659	1.0	1.0
2660	19.0	
2661	1.0	1.0
2662	1.0	1.0
2663	1.0	1.0
2664	1.0	1.0
2665	18.0	9.0
2666	18.0	9.0
2667	18.0	9.0
2668	18.0	9.0
2670	1.0	1.0
2671	1.0	1.0
2672	1.0	1.0
2673	1.0	1.0
2674	19.0	
2675	18.0	9.0
2676	19.0	
2677	19.0	
2682	5.0	3.0
2683	1.0	1.0
2684	5.0	3.0
2685	1.0	1.0
2686	19.0	
2687	19.0	
2688	18.0	9.0
2689	18.0	9.0
2690	18.0	9.0
2691	18.0	9.0
2692	18.0	9.0
2693	18.0	9.0
2694	18.0	9.0
2695	18.0	9.0
2696	19.0	
2697	19.0	
2698	18.0	9.0
2702	19.0	
2703	19.0	
2704	6.0	3.0
2705	19.0	
2706	14.0	7.0
2707	5.0	3.0
2708	7.0	4.0
2709	5.0	3.0
2710	7.0	4.0
2711	19.0	
2712	7.0	4.0
2713	19.0	
2714	18.0	9.0
2715	19.0	
2716	18.0	9.0
2717	18.0	9.0
2718	19.0	
2719	18.0	9.0
2720	19.0	
2722	2.0	1.0
2723	2.0	1.0
2724	6.0	3.0
2725	6.0	3.0
2726	7.0	4.0
2727	7.0	4.0
2728	19.0	
2729	9.0	5.0
2730	19.0	
2731	19.0	
2732	19.0	
2733	11.0	6.0
2734	2.0	1.0
2735	2.0	1.0
2736	19.0	
2737	19.0	
2738	2.0	1.0
2739	2.0	1.0
2740	19.0	
2741	2.0	1.0
2742	17.0	9.0
2743	17.0	9.0
2744	19.0	
2745	8.0	4.0
2746	8.0	4.0
2747	8.0	4.0
2748	7.0	4.0
2749	19.0	
2750	19.0	
2751	19.0	
2752	19.0	
2753	2.0	1.0
2754	2.0	1.0
2755	19.0	
2756	17.0	9.0
2757	19.0	
2758	8.0	4.0
2759	8.0	4.0
2760	19.0	
2761	8.0	4.0
2762	19.0	
2763	8.0	4.0
2764	7.0	4.0
2765	8.0	4.0
2766	7.0	4.0
2767	19.0	
2768	7.0	4.0
2769	19.0	
2770	19.0	
2771	17.0	9.0
2772	19.0	
2773	19.0	
2774	17.0	9.0
2775	19.0	
2776	17.0	9.0
2777	17.0	9.0
2778	17.0	9.0
2779	17.0	9.0
2780	17.0	9.0
2781	17.0	9.0
2782	17.0	9.0
2783	17.0	9.0
2784	19.0	
2785	8.0	4.0
2786	10.0	5.0
2787	19.0	
2788	10.0	5.0
2789	8.0	4.0
2790	8.0	4.0
2791	8.0	4.0
2792	19.0	
2793	19.0	
2794	17.0	9.0
2795	17.0	9.0
2796	10.0	5.0
2797	10.0	5.0
2798	8.0	4.0
2799	19.0	
2800	19.0	
2801	19.0	
2802	17.0	9.0
2803	19.0	
2804	19.0	
2805	17.0	9.0
2806	19.0	
2807	17.0	9.0
2808	17.0	9.0
2809	19.0	
2810	17.0	9.0
2811	19.0	
2813	19.0	
2818	19.0	
2819	19.0	
2820	12.0	6.0
2821	12.0	6.0
2826	19.0	
2827	19.0	
2828	1.0	1.0
2829	1.0	1.0
2830	19.0	
2831	1.0	1.0
2832	1.0	1.0
2833	1.0	1.0
2834	1.0	1.0
2835	19.0	
2836	18.0	9.0
2837	19.0	
2839	19.0	
2840	1.0	1.0
2841	1.0	1.0
2842	18.0	9.0
2843	1.0	1.0
2844	18.0	9.0
2845	18.0	9.0
2846	18.0	9.0
2847	18.0	9.0
2848	18.0	9.0
2849	18.0	9.0
2850	19.0	
2851	18.0	9.0
2852	18.0	9.0
2853	19.0	
2854	19.0	
2855	19.0	
2859	5.0	3.0
2860	5.0	3.0
2861	18.0	9.0
2862	18.0	9.0
2863	19.0	
2864	18.0	9.0
2865	18.0	9.0
2866	19.0	
2867	18.0	9.0
2868	18.0	9.0
2869	19.0	
2870	19.0	
2871	19.0	
2872	19.0	
2873	19.0	
2875	19.0	
2876	19.0	
2877	7.0	4.0
2878	18.0	9.0
2879	7.0	4.0
2880	7.0	4.0
2881	18.0	9.0
2882	19.0	
2883	19.0	
2884	19.0	
2885	19.0	
2888	2.0	1.0
2889	2.0	1.0
2890	2.0	1.0
2891	19.0	
2892	19.0	
2893	19.0	
2894	19.0	
2895	7.0	4.0
2896	7.0	4.0
2897	7.0	4.0
2898	19.0	
2899	7.0	4.0
2900	7.0	4.0
2901	7.0	4.0
2902	19.0	
2903	9.0	5.0
2904	9.0	5.0
2905	7.0	4.0
2907	19.0	
2908	2.0	1.0
2909	2.0	1.0
2910	19.0	
2911	2.0	1.0
2912	17.0	9.0
2913	8.0	4.0
2914	19.0	
2915	8.0	4.0
2916	7.0	4.0
2917	7.0	4.0
2918	7.0	4.0
2919	7.0	4.0
2920	7.0	4.0
2921	7.0	4.0
2922	7.0	4.0
2923	7.0	4.0
2924	7.0	4.0
2925	19.0	
2926	17.0	9.0
2927	8.0	4.0
2928	8.0	4.0
2929	19.0	
2930	8.0	4.0
2931	19.0	
2932	19.0	
2933	7.0	4.0
2934	7.0	4.0
2935	7.0	4.0
2936	19.0	
2938	17.0	9.0
2939	17.0	9.0
2940	17.0	9.0
2941	17.0	9.0
2942	8.0	4.0
2943	8.0	4.0
2944	19.0	
2945	8.0	4.0
2946	19.0	
2947	8.0	4.0
2948	8.0	4.0
2949	8.0	4.0
2950	8.0	4.0
2951	19.0	
2952	19.0	
2953	17.0	9.0
2954	17.0	9.0
2955	17.0	9.0
2956	19.0	
2957	10.0	5.0
2958	10.0	5.0
2959	19.0	
2960	19.0	
2961	19.0	
2962	19.0	
2963	17.0	9.0
2964	17.0	9.0
2965	19.0	
2966	17.0	9.0
2967	19.0	
2968	19.0	
2969	8.0	4.0
2970	19.0	
2971	19.0	
2972	19.0	
2973	19.0	
2974	19.0	
2975	19.0	
2982	19.0	
2983	19.0	
2984	12.0	6.0
2985	19.0	
2986	19.0	
2987	12.0	6.0
2988	12.0	6.0
2990	18.0	9.0
2991	19.0	
2993	19.0	
2994	19.0	
2995	19.0	
2996	1.0	1.0
2997	19.0	
2998	1.0	1.0
2999	1.0	1.0
3000	19.0	
3001	19.0	
3002	19.0	
3003	19.0	
3004	19.0	
3005	19.0	
3006	19.0	
3009	19.0	
3010	1.0	1.0
3011	19.0	
3012	1.0	1.0
3013	19.0	
3014	19.0	
3015	1.0	1.0
3016	19.0	
3017	18.0	9.0
3018	18.0	9.0
3019	18.0	9.0
3020	19.0	
3021	19.0	
3028	5.0	3.0
3029	19.0	
3030	19.0	
3031	18.0	9.0
3032	18.0	9.0
3033	18.0	9.0
3034	18.0	9.0
3035	18.0	9.0
3036	18.0	9.0
3037	18.0	9.0
3038	18.0	9.0
3039	19.0	
3040	19.0	
3041	19.0	
3043	11.0	6.0
3044	19.0	
3046	5.0	3.0
3047	7.0	4.0
3048	18.0	9.0
3049	18.0	9.0
3050	19.0	
3051	11.0	6.0
3052	19.0	
3053	19.0	
3054	2.0	1.0
3055	19.0	
3056	2.0	1.0
3057	2.0	1.0
3058	19.0	
3059	6.0	3.0
3060	6.0	3.0
3061	6.0	3.0
3062	7.0	4.0
3063	7.0	4.0
3064	7.0	4.0
3065	19.0	
3066	19.0	
3067	19.0	
3068	11.0	6.0
3069	2.0	1.0
3070	2.0	1.0
3071	2.0	1.0
3072	19.0	
3073	17.0	9.0
3074	6.0	3.0
3075	8.0	4.0
3076	19.0	
3077	7.0	4.0
3078	7.0	4.0
3079	7.0	4.0
3080	7.0	4.0
3081	7.0	4.0
3082	7.0	4.0
3083	19.0	
3084	11.0	6.0
3085	2.0	1.0
3086	19.0	
3087	17.0	9.0
3088	17.0	9.0
3089	8.0	4.0
3090	8.0	4.0
3091	8.0	4.0
3092	8.0	4.0
3093	8.0	4.0
3094	7.0	4.0
3095	8.0	4.0
3096	19.0	
3097	8.0	4.0
3098	7.0	4.0
3099	7.0	4.0
3100	19.0	
3101	17.0	9.0
3102	17.0	9.0
3103	17.0	9.0
3104	19.0	
3105	17.0	9.0
3106	17.0	9.0
3107	17.0	9.0
3108	17.0	9.0
3109	17.0	9.0
3110	8.0	4.0
3111	8.0	4.0
3112	8.0	4.0
3113	8.0	4.0
3114	19.0	
3115	19.0	
3116	8.0	4.0
3117	8.0	4.0
3118	17.0	9.0
3119	17.0	9.0
3120	17.0	9.0
3121	17.0	9.0
3122	17.0	9.0
3123	17.0	9.0
3124	19.0	
3125	17.0	9.0
3126	10.0	5.0
3127	8.0	4.0
3128	8.0	4.0
3129	8.0	4.0
3130	19.0	
3131	19.0	
3132	19.0	
3133	17.0	9.0
3134	17.0	9.0
3135	17.0	9.0
3136	17.0	9.0
3137	17.0	9.0
3138	17.0	9.0
3139	19.0	
3140	19.0	
3142	19.0	
3144	19.0	
3146	12.0	6.0
3149	19.0	
3152	12.0	6.0
3153	1.0	1.0
3154	19.0	
3155	12.0	6.0
3156	19.0	
3160	19.0	
3161	19.0	
3162	19.0	
3163	12.0	6.0
3164	1.0	1.0
3165	1.0	1.0
3166	1.0	1.0
3167	19.0	
3168	18.0	9.0
3169	18.0	9.0
3170	18.0	9.0
3171	18.0	9.0
3172	19.0	
3180	19.0	
3181	19.0	
3182	1.0	1.0
3183	19.0	
3184	1.0	1.0
3185	19.0	
3186	18.0	9.0
3187	19.0	
3188	18.0	9.0
3189	18.0	9.0
3190	18.0	9.0
3191	18.0	9.0
3192	19.0	
3193	19.0	
3194	19.0	
3202	13.0	
3203	19.0	
3204	5.0	3.0
3205	5.0	3.0
3206	18.0	9.0
3207	19.0	
3208	18.0	9.0
3209	18.0	9.0
3210	19.0	
3211	19.0	
3212	18.0	9.0
3213	19.0	
3214	18.0	9.0
3215	18.0	9.0
3218	19.0	
3222	13.0	
3223	6.0	3.0
3226	19.0	
3227	5.0	3.0
3228	7.0	4.0
3229	18.0	9.0
3230	7.0	4.0
3231	19.0	
3232	18.0	9.0
3233	18.0	9.0
3234	18.0	9.0
3235	18.0	9.0
3236	18.0	9.0
3237	19.0	
3238	19.0	
3240	11.0	6.0
3241	11.0	6.0
3242	2.0	1.0
3243	2.0	1.0
3244	6.0	3.0
3245	19.0	
3246	6.0	3.0
3247	19.0	
3248	7.0	4.0
3249	7.0	4.0
3250	7.0	4.0
3251	19.0	
3252	7.0	4.0
3253	19.0	
3254	2.0	1.0
3255	2.0	1.0
3256	2.0	1.0
3257	2.0	1.0
3258	17.0	9.0
3259	19.0	
3260	8.0	4.0
3261	7.0	4.0
3262	7.0	4.0
3263	7.0	4.0
3264	19.0	
3265	17.0	9.0
3266	17.0	9.0
3267	19.0	
3268	17.0	9.0
3269	17.0	9.0
3270	19.0	
3271	19.0	
3272	19.0	
3273	19.0	
3274	8.0	4.0
3275	8.0	4.0
3276	7.0	4.0
3277	19.0	
3279	19.0	
3280	17.0	9.0
3281	17.0	9.0
3282	17.0	9.0
3283	8.0	4.0
3284	8.0	4.0
3285	8.0	4.0
3286	8.0	4.0
3287	8.0	4.0
3288	8.0	4.0
3289	19.0	
3290	19.0	
3291	19.0	
3292	17.0	9.0
3293	19.0	
3294	17.0	9.0
3295	17.0	9.0
3296	17.0	9.0
3297	19.0	
3298	10.0	5.0
3299	8.0	4.0
3300	8.0	4.0
3301	19.0	
3302	19.0	
3304	17.0	9.0
3305	19.0	
3306	17.0	9.0
3307	19.0	
3308	19.0	
3309	19.0	
3310	17.0	9.0
3319	12.0	6.0
3321	19.0	
3322	12.0	6.0
3323	18.0	9.0
3324	19.0	
3325	19.0	
3326	18.0	9.0
3327	19.0	
3331	12.0	6.0
3332	12.0	6.0
3333	12.0	6.0
3334	19.0	
3335	1.0	1.0
3336	18.0	9.0
3337	18.0	9.0
3338	18.0	9.0
3343	1.0	1.0
3344	1.0	1.0
3345	18.0	9.0
3346	18.0	9.0
3347	18.0	9.0
3348	18.0	9.0
3357	5.0	3.0
3358	18.0	9.0
3359	18.0	9.0
3360	19.0	
3361	18.0	9.0
3362	18.0	9.0
3363	18.0	9.0
3364	18.0	9.0
3365	18.0	9.0
3366	19.0	
3367	19.0	
3368	18.0	9.0
3369	18.0	9.0
3370	19.0	
3375	19.0	
3380	6.0	3.0
3387	18.0	9.0
3388	18.0	9.0
3389	7.0	4.0
3390	7.0	4.0
3391	18.0	9.0
3392	9.0	5.0
3393	7.0	4.0
3394	19.0	
3395	19.0	
3396	19.0	
3397	18.0	9.0
3398	19.0	
3399	19.0	
3400	19.0	
3401	19.0	
3402	11.0	6.0
3403	11.0	6.0
3404	11.0	6.0
3405	11.0	6.0
3406	11.0	6.0
3407	19.0	
3409	19.0	
3410	7.0	4.0
3411	19.0	
3412	19.0	
3413	19.0	
3414	19.0	
3415	11.0	6.0
3416	11.0	6.0
3417	2.0	1.0
3418	2.0	1.0
3419	19.0	
3420	19.0	
3421	17.0	9.0
3422	19.0	
3423	6.0	3.0
3424	17.0	9.0
3425	19.0	
3426	7.0	4.0
3427	7.0	4.0
3428	7.0	4.0
3429	7.0	4.0
3430	7.0	4.0
3431	19.0	
3433	11.0	6.0
3434	19.0	
3435	17.0	9.0
3436	19.0	
3437	17.0	9.0
3438	17.0	9.0
3439	19.0	
3440	8.0	4.0
3441	19.0	
3442	8.0	4.0
3443	19.0	
3444	8.0	4.0
3445	8.0	4.0
3446	19.0	
3447	7.0	4.0
3449	11.0	6.0
3450	19.0	
3451	19.0	
3452	17.0	9.0
3453	17.0	9.0
3454	17.0	9.0
3455	19.0	
3456	17.0	9.0
3457	19.0	
3458	17.0	9.0
3459	8.0	4.0
3460	19.0	
3461	19.0	
3462	8.0	4.0
3463	19.0	
3464	8.0	4.0
3465	8.0	4.0
3466	19.0	
3467	8.0	4.0
3468	8.0	4.0
3470	17.0	9.0
3471	17.0	9.0
3472	17.0	9.0
3473	19.0	
3474	19.0	
3475	8.0	4.0
3476	19.0	
3477	19.0	
3478	17.0	9.0
3479	17.0	9.0
3480	19.0	
3481	17.0	9.0
3482	19.0	
3483	19.0	
3484	19.0	
3486	19.0	
3487	12.0	6.0
3491	12.0	6.0
3492	19.0	
3493	12.0	6.0
3494	12.0	6.0
3495	18.0	9.0
3496	18.0	9.0
3504	12.0	6.0
3505	19.0	
3506	1.0	1.0
3507	1.0	1.0
3508	1.0	1.0
3509	19.0	
3510	18.0	9.0
3511	18.0	9.0
3519	19.0	
3520	5.0	3.0
3521	19.0	
3522	5.0	3.0
3523	1.0	1.0
3524	19.0	
3525	18.0	9.0
3526	18.0	9.0
3527	18.0	9.0
3528	19.0	
3529	18.0	9.0
3534	5.0	3.0
3535	5.0	3.0
3536	18.0	9.0
3537	18.0	9.0
3538	18.0	9.0
3539	18.0	9.0
3540	18.0	9.0
3541	18.0	9.0
3542	18.0	9.0
3543	19.0	
3544	19.0	
3546	19.0	
3547	6.0	3.0
3553	19.0	
3554	7.0	4.0
3555	18.0	9.0
3556	18.0	9.0
3557	18.0	9.0
3558	18.0	9.0
3559	18.0	9.0
3560	18.0	9.0
3564	19.0	
3565	2.0	1.0
3566	19.0	
3567	19.0	
3568	7.0	4.0
3569	7.0	4.0
3570	19.0	
3571	7.0	4.0
3572	19.0	
3573	19.0	
3574	2.0	1.0
3575	2.0	1.0
3576	17.0	9.0
3577	19.0	
3578	7.0	4.0
3579	7.0	4.0
3580	7.0	4.0
3581	7.0	4.0
3582	7.0	4.0
3583	7.0	4.0
3584	7.0	4.0
3585	19.0	
3587	19.0	
3588	11.0	6.0
3589	19.0	
3590	2.0	1.0
3591	17.0	9.0
3592	19.0	
3593	17.0	9.0
3594	17.0	9.0
3595	8.0	4.0
3596	8.0	4.0
3597	8.0	4.0
3598	8.0	4.0
3599	8.0	4.0
3601	8.0	4.0
3602	8.0	4.0
3603	8.0	4.0
3604	7.0	4.0
3605	8.0	4.0
3606	19.0	
3607	7.0	4.0
3608	19.0	
3609	19.0	
3610	17.0	9.0
3611	17.0	9.0
3612	17.0	9.0
3613	17.0	9.0
3614	17.0	9.0
3615	17.0	9.0
3616	17.0	9.0
3617	17.0	9.0
3618	17.0	9.0
3619	17.0	9.0
3620	17.0	9.0
3621	8.0	4.0
3622	8.0	4.0
3623	19.0	
3624	8.0	4.0
3625	8.0	4.0
3626	8.0	4.0
3627	19.0	
3628	19.0	
3629	19.0	
3630	19.0	
3632	19.0	
3633	17.0	9.0
3634	19.0	
3635	17.0	9.0
3636	17.0	9.0
3637	19.0	
3638	19.0	
3639	8.0	4.0
3640	19.0	
3641	19.0	
3642	19.0	
3643	19.0	
3644	17.0	9.0
3645	17.0	9.0
3646	17.0	9.0
3647	17.0	9.0
3648	19.0	
3649	19.0	
3651	19.0	
3652	17.0	9.0
3658	19.0	
3660	12.0	6.0
3661	19.0	
3662	19.0	
3663	19.0	
3664	19.0	
3665	18.0	9.0
3666	18.0	9.0
3667	19.0	
3677	19.0	
3678	12.0	6.0
3679	1.0	1.0
3680	19.0	
3681	1.0	1.0
3682	1.0	1.0
3683	19.0	
3684	18.0	9.0
3685	18.0	9.0
3686	18.0	9.0
3687	18.0	9.0
3688	18.0	9.0
3689	18.0	9.0
3690	19.0	
3700	5.0	3.0
3701	5.0	3.0
3702	19.0	
3703	1.0	1.0
3704	19.0	
3705	1.0	1.0
3706	19.0	
3707	19.0	
3708	18.0	9.0
3709	18.0	9.0
3710	18.0	9.0
3711	18.0	9.0
3712	18.0	9.0
3713	18.0	9.0
3714	19.0	
3715	19.0	
3728	5.0	3.0
3729	5.0	3.0
3730	18.0	9.0
3731	18.0	9.0
3732	18.0	9.0
3733	19.0	
3734	18.0	9.0
3735	18.0	9.0
3736	18.0	9.0
3737	19.0	
3738	18.0	9.0
3739	18.0	9.0
3740	18.0	9.0
3741	19.0	
3746	19.0	
3748	19.0	
3749	6.0	3.0
3751	13.0	
3756	18.0	9.0
3757	7.0	4.0
3758	19.0	
3759	19.0	
3760	18.0	9.0
3761	18.0	9.0
3762	19.0	
3763	19.0	
3764	19.0	
3765	11.0	6.0
3766	19.0	
3767	19.0	
3768	2.0	1.0
3769	6.0	3.0
3770	19.0	
3771	7.0	4.0
3772	7.0	4.0
3773	7.0	4.0
3774	7.0	4.0
3775	19.0	
3776	7.0	4.0
3777	19.0	
3779	19.0	
3780	2.0	1.0
3781	19.0	
3782	17.0	9.0
3783	7.0	4.0
3784	7.0	4.0
3785	7.0	4.0
3786	7.0	4.0
3787	7.0	4.0
3788	7.0	4.0
3789	7.0	4.0
3790	19.0	
3791	19.0	
3792	19.0	
3793	19.0	
3794	17.0	9.0
3795	19.0	
3796	17.0	9.0
3797	8.0	4.0
3798	19.0	
3799	19.0	
3800	7.0	4.0
3801	19.0	
3805	17.0	9.0
3806	19.0	
3807	19.0	
3808	17.0	9.0
3809	17.0	9.0
3810	19.0	
3811	17.0	9.0
3812	17.0	9.0
3813	17.0	9.0
3814	17.0	9.0
3815	8.0	4.0
3816	8.0	4.0
3817	8.0	4.0
3818	19.0	
3819	8.0	4.0
3820	19.0	
3821	19.0	
3822	19.0	
3823	19.0	
3825	19.0	
3826	19.0	
3827	17.0	9.0
3828	17.0	9.0
3829	17.0	9.0
3830	19.0	
3831	17.0	9.0
3832	17.0	9.0
3833	19.0	
3834	19.0	
3835	19.0	
3836	10.0	5.0
3837	10.0	5.0
3838	8.0	4.0
3839	8.0	4.0
3840	8.0	4.0
3841	19.0	
3842	19.0	
3843	19.0	
3844	19.0	
3845	19.0	
3846	19.0	
3847	17.0	9.0
3848	17.0	9.0
3849	17.0	9.0
3850	17.0	9.0
3851	17.0	9.0
3852	17.0	9.0
3853	19.0	
3854	19.0	
3855	19.0	
3857	19.0	
3858	19.0	
3859	12.0	6.0
3864	19.0	
3865	19.0	
3866	12.0	6.0
3867	19.0	
3868	12.0	6.0
3869	1.0	1.0
3870	1.0	1.0
3871	18.0	9.0
3872	18.0	9.0
3873	19.0	
3874	19.0	
3875	18.0	9.0
3876	19.0	
3885	5.0	3.0
3886	1.0	1.0
3887	18.0	9.0
3888	18.0	9.0
3889	18.0	9.0
3890	18.0	9.0
3891	18.0	9.0
3892	19.0	
3895	13.0	
3897	5.0	3.0
3898	18.0	9.0
3899	18.0	9.0
3900	18.0	9.0
3901	18.0	9.0
3902	18.0	9.0
3909	6.0	3.0
3912	13.0	
3913	13.0	
3916	7.0	4.0
3917	18.0	9.0
3918	18.0	9.0
3919	18.0	9.0
3920	19.0	
3921	19.0	
3922	19.0	
3923	19.0	
3926	11.0	6.0
3927	11.0	6.0
3928	11.0	6.0
3929	19.0	
3930	6.0	3.0
3931	6.0	3.0
3932	6.0	3.0
3933	19.0	
3934	19.0	
3935	7.0	4.0
3936	19.0	
3937	18.0	9.0
3940	11.0	6.0
3941	11.0	6.0
3942	11.0	6.0
3943	19.0	
3944	2.0	1.0
3945	19.0	
3946	19.0	
3947	19.0	
3948	7.0	4.0
3949	7.0	4.0
3950	19.0	
3951	7.0	4.0
3952	7.0	4.0
3953	7.0	4.0
3954	19.0	
3955	19.0	
3956	19.0	
3957	19.0	
3958	19.0	
3959	17.0	9.0
3960	17.0	9.0
3961	19.0	
3962	8.0	4.0
3963	19.0	
3964	8.0	4.0
3965	19.0	
3966	19.0	
3967	8.0	4.0
3968	8.0	4.0
3969	8.0	4.0
3970	7.0	4.0
3971	7.0	4.0
3972	7.0	4.0
3973	19.0	
3974	7.0	4.0
3975	19.0	
3978	19.0	
3979	17.0	9.0
3980	19.0	
3981	19.0	
3982	17.0	9.0
3983	8.0	4.0
3984	8.0	4.0
3985	8.0	4.0
3986	19.0	
3987	8.0	4.0
3988	8.0	4.0
3989	8.0	4.0
3991	19.0	
3992	17.0	9.0
3993	19.0	
3994	17.0	9.0
3995	19.0	
3996	17.0	9.0
3997	8.0	4.0
3998	8.0	4.0
3999	8.0	4.0
4000	8.0	4.0
4001	19.0	
4002	17.0	9.0
4003	19.0	
4004	19.0	
4005	17.0	9.0
4006	17.0	9.0
4007	19.0	
4008	19.0	
4012	12.0	6.0
4013	12.0	6.0
4014	18.0	9.0
4015	18.0	9.0
4023	19.0	
4024	19.0	
4025	12.0	6.0
4026	19.0	
4027	1.0	1.0
4028	19.0	
4029	18.0	9.0
4030	18.0	9.0
4031	18.0	9.0
4032	18.0	9.0
4033	19.0	
4034	18.0	9.0
4035	19.0	
4041	19.0	
4042	19.0	
4043	5.0	3.0
4044	19.0	
4045	18.0	9.0
4046	18.0	9.0
4047	18.0	9.0
4057	5.0	3.0
4058	19.0	
4059	18.0	9.0
4060	18.0	9.0
4061	18.0	9.0
4062	18.0	9.0
4063	18.0	9.0
4064	19.0	
4071	19.0	
4078	7.0	4.0
4079	18.0	9.0
4080	19.0	
4081	19.0	
4082	18.0	9.0
4083	19.0	
4085	11.0	6.0
4086	11.0	6.0
4087	19.0	
4088	6.0	3.0
4089	19.0	
4090	19.0	
4094	7.0	4.0
4095	7.0	4.0
4096	19.0	
4097	19.0	
4098	7.0	4.0
4099	19.0	
4100	19.0	
4101	18.0	9.0
4102	19.0	
4103	19.0	
4104	11.0	6.0
4105	19.0	
4106	2.0	1.0
4107	2.0	1.0
4108	8.0	4.0
4109	19.0	
4110	7.0	4.0
4111	7.0	4.0
4112	7.0	4.0
4113	7.0	4.0
4114	19.0	
4116	19.0	
4117	17.0	9.0
4118	19.0	
4119	19.0	
4120	19.0	
4121	19.0	
4122	8.0	4.0
4123	8.0	4.0
4124	19.0	
4125	19.0	
4128	19.0	
4129	19.0	
4130	17.0	9.0
4131	17.0	9.0
4132	17.0	9.0
4133	17.0	9.0
4134	17.0	9.0
4135	17.0	9.0
4136	17.0	9.0
4137	17.0	9.0
4138	8.0	4.0
4139	8.0	4.0
4140	8.0	4.0
4141	19.0	
4142	19.0	
4143	8.0	4.0
4144	8.0	4.0
4145	8.0	4.0
4146	19.0	
4147	8.0	4.0
4148	8.0	4.0
4149	8.0	4.0
4150	8.0	4.0
4151	19.0	
4152	19.0	
4154	17.0	9.0
4155	19.0	
4156	17.0	9.0
4157	17.0	9.0
4158	19.0	
4159	19.0	
4160	17.0	9.0
4161	17.0	9.0
4162	17.0	9.0
4163	17.0	9.0
4164	17.0	9.0
4165	19.0	
4166	19.0	
4167	10.0	5.0
4168	8.0	4.0
4169	8.0	4.0
4170	8.0	4.0
4171	8.0	4.0
4172	8.0	4.0
4173	8.0	4.0
4174	19.0	
4175	19.0	
4176	19.0	
4177	19.0	
4178	19.0	
4179	19.0	
4180	19.0	
4181	19.0	
4182	12.0	6.0
4186	12.0	6.0
4188	12.0	6.0
4189	12.0	6.0
4190	19.0	
4191	19.0	
4196	19.0	
4197	12.0	6.0
4198	12.0	6.0
4199	1.0	1.0
4200	18.0	9.0
4201	18.0	9.0
4202	18.0	9.0
4216	5.0	3.0
4217	19.0	
4218	19.0	
4219	18.0	9.0
4220	18.0	9.0
4221	18.0	9.0
4222	18.0	9.0
4223	18.0	9.0
4224	19.0	
4225	18.0	9.0
4226	18.0	9.0
4227	18.0	9.0
4228	18.0	9.0
4229	18.0	9.0
4230	19.0	
4231	18.0	9.0
4237	18.0	9.0
4238	18.0	9.0
4239	18.0	9.0
4240	18.0	9.0
4241	18.0	9.0
4242	18.0	9.0
4252	18.0	9.0
4253	19.0	
4254	7.0	4.0
4255	18.0	9.0
4256	19.0	
4257	18.0	9.0
4258	18.0	9.0
4259	19.0	
4263	11.0	6.0
4265	11.0	6.0
4266	19.0	
4267	6.0	3.0
4270	7.0	4.0
4271	7.0	4.0
4272	7.0	4.0
4273	7.0	4.0
4274	19.0	
4275	19.0	
4276	19.0	
4277	11.0	6.0
4278	2.0	1.0
4281	7.0	4.0
4282	19.0	
4283	19.0	
4284	7.0	4.0
4285	7.0	4.0
4286	19.0	
4287	7.0	4.0
4288	7.0	4.0
4289	7.0	4.0
4290	7.0	4.0
4291	19.0	
4292	19.0	
4293	19.0	
4294	19.0	
4295	11.0	6.0
4296	19.0	
4297	19.0	
4298	11.0	6.0
4299	19.0	
4300	11.0	6.0
4301	17.0	9.0
4302	19.0	
4303	17.0	9.0
4304	17.0	9.0
4305	17.0	9.0
4306	19.0	
4307	19.0	
4308	19.0	
4309	7.0	4.0
4310	19.0	
4311	7.0	4.0
4312	19.0	
4313	7.0	4.0
4314	7.0	4.0
4316	17.0	9.0
4317	17.0	9.0
4318	17.0	9.0
4319	8.0	4.0
4320	8.0	4.0
4321	8.0	4.0
4322	8.0	4.0
4323	8.0	4.0
4324	8.0	4.0
4325	19.0	
4326	8.0	4.0
4327	7.0	4.0
4329	17.0	9.0
4330	17.0	9.0
4331	19.0	
4332	17.0	9.0
4333	17.0	9.0
4334	19.0	
4335	17.0	9.0
4336	17.0	9.0
4337	17.0	9.0
4338	8.0	4.0
4339	19.0	
4340	17.0	9.0
4341	17.0	9.0
4342	17.0	9.0
4343	19.0	
4344	19.0	
4345	19.0	
4346	19.0	
4347	8.0	4.0
4349	19.0	
4350	19.0	
4355	19.0	
4356	19.0	
4357	12.0	6.0
4358	19.0	
4360	19.0	
4361	18.0	9.0
4362	18.0	9.0
4363	19.0	
4368	19.0	
4369	19.0	
4370	19.0	
4371	19.0	
4372	19.0	
4373	19.0	
4374	18.0	9.0
4375	18.0	9.0
4376	18.0	9.0
4377	18.0	9.0
4378	18.0	9.0
4379	18.0	9.0
4380	19.0	
4381	18.0	9.0
4396	5.0	3.0
4397	18.0	9.0
4398	18.0	9.0
4399	19.0	
4400	19.0	
4411	5.0	3.0
4412	19.0	
4413	18.0	9.0
4414	18.0	9.0
4415	18.0	9.0
4416	18.0	9.0
4417	19.0	
4418	19.0	
4422	19.0	
4428	13.0	
4430	7.0	4.0
4431	7.0	4.0
4432	18.0	9.0
4433	18.0	9.0
4434	18.0	9.0
4435	18.0	9.0
4440	19.0	
4442	19.0	
4447	7.0	4.0
4448	7.0	4.0
4449	7.0	4.0
4450	7.0	4.0
4451	19.0	
4452	7.0	4.0
4453	19.0	
4454	19.0	
4455	19.0	
4457	11.0	6.0
4458	11.0	6.0
4459	19.0	
4460	19.0	
4461	19.0	
4462	19.0	
4465	7.0	4.0
4466	7.0	4.0
4467	7.0	4.0
4468	7.0	4.0
4469	7.0	4.0
4470	7.0	4.0
4471	19.0	
4472	19.0	
4473	11.0	6.0
4474	19.0	
4475	17.0	9.0
4476	17.0	9.0
4477	17.0	9.0
4478	7.0	4.0
4479	7.0	4.0
4480	19.0	
4481	17.0	9.0
4482	17.0	9.0
4483	17.0	9.0
4484	17.0	9.0
4485	17.0	9.0
4486	19.0	
4487	17.0	9.0
4488	17.0	9.0
4489	17.0	9.0
4490	17.0	9.0
4491	17.0	9.0
4492	17.0	9.0
4493	8.0	4.0
4494	8.0	4.0
4495	8.0	4.0
4496	8.0	4.0
4497	7.0	4.0
4499	19.0	
4500	19.0	
4501	17.0	9.0
4502	17.0	9.0
4503	19.0	
4504	8.0	4.0
4505	8.0	4.0
4506	8.0	4.0
4507	8.0	4.0
4508	8.0	4.0
4509	19.0	
4512	17.0	9.0
4513	19.0	
4514	19.0	
4515	19.0	
4518	19.0	
4519	19.0	
4520	19.0	
4524	12.0	6.0
4525	12.0	6.0
4538	18.0	9.0
4539	18.0	9.0
4540	18.0	9.0
4541	18.0	9.0
4542	19.0	
4543	19.0	
4544	19.0	
4554	19.0	
4555	18.0	9.0
4556	19.0	
4557	18.0	9.0
4558	19.0	
4559	19.0	
4560	18.0	9.0
4561	18.0	9.0
4562	18.0	9.0
4563	18.0	9.0
4564	18.0	9.0
4565	19.0	
4570	18.0	9.0
4571	18.0	9.0
4572	19.0	
4573	19.0	
4574	18.0	9.0
4575	18.0	9.0
4576	18.0	9.0
4577	18.0	9.0
4578	19.0	
4579	19.0	
4580	19.0	
4592	7.0	4.0
4593	19.0	
4594	18.0	9.0
4595	18.0	9.0
4596	18.0	9.0
4597	18.0	9.0
4600	19.0	
4601	19.0	
4603	19.0	
4611	13.0	
4617	7.0	4.0
4618	7.0	4.0
4619	7.0	4.0
4620	7.0	4.0
4621	19.0	
4622	19.0	
4626	7.0	4.0
4627	7.0	4.0
4628	7.0	4.0
4630	11.0	6.0
4631	11.0	6.0
4632	11.0	6.0
4633	17.0	9.0
4634	19.0	
4635	8.0	4.0
4636	8.0	4.0
4637	7.0	4.0
4638	19.0	
4639	7.0	4.0
4640	17.0	9.0
4641	19.0	
4642	17.0	9.0
4643	17.0	9.0
4644	19.0	
4645	19.0	
4646	17.0	9.0
4647	17.0	9.0
4648	8.0	4.0
4649	8.0	4.0
4650	8.0	4.0
4651	19.0	
4652	8.0	4.0
4653	19.0	
4654	8.0	4.0
4655	8.0	4.0
4656	8.0	4.0
4657	19.0	
4658	19.0	
4659	19.0	
4660	17.0	9.0
4662	19.0	
4663	17.0	9.0
4664	17.0	9.0
4665	17.0	9.0
4666	19.0	
4667	19.0	
4668	19.0	
4669	19.0	
4670	17.0	9.0
4676	19.0	
4677	12.0	6.0
4680	12.0	6.0
4681	18.0	9.0
4682	19.0	
4683	19.0	
4694	19.0	
4695	19.0	
4696	19.0	
4697	18.0	9.0
4698	18.0	9.0
4714	19.0	
4715	19.0	
4723	19.0	
4725	19.0	
4726	18.0	9.0
4727	18.0	9.0
4728	18.0	9.0
4729	18.0	9.0
4730	19.0	
4731	19.0	
4738	13.0	
4753	13.0	
4754	18.0	9.0
4755	7.0	4.0
4756	18.0	9.0
4757	18.0	9.0
4758	19.0	
4759	18.0	9.0
4760	18.0	9.0
4761	19.0	
4763	19.0	
4765	19.0	
4767	19.0	
4774	13.0	
4776	7.0	4.0
4777	7.0	4.0
4778	7.0	4.0
4779	7.0	4.0
4780	7.0	4.0
4781	19.0	
4785	7.0	4.0
4786	7.0	4.0
4787	7.0	4.0
4788	7.0	4.0
4789	19.0	
4790	19.0	
4791	11.0	6.0
4792	11.0	6.0
4793	11.0	6.0
4794	17.0	9.0
4795	19.0	
4796	7.0	4.0
4797	7.0	4.0
4798	19.0	
4799	19.0	
4800	19.0	
4801	19.0	
4802	17.0	9.0
4803	17.0	9.0
4804	19.0	
4805	17.0	9.0
4806	17.0	9.0
4807	8.0	4.0
4808	8.0	4.0
4809	19.0	
4810	8.0	4.0
4811	19.0	
4812	8.0	4.0
4813	19.0	
4814	19.0	
4815	7.0	4.0
4816	19.0	
4817	19.0	
4818	17.0	9.0
4819	8.0	4.0
4820	8.0	4.0
4821	8.0	4.0
4822	8.0	4.0
4823	19.0	
4824	19.0	
4825	19.0	
4826	17.0	9.0
4827	17.0	9.0
4828	8.0	4.0
4830	8.0	4.0
4831	19.0	
4835	19.0	
4837	19.0	
4838	12.0	6.0
4839	19.0	
4840	12.0	6.0
4841	12.0	6.0
4842	19.0	
4843	18.0	9.0
4850	19.0	
4851	18.0	9.0
4852	18.0	9.0
4853	19.0	
4854	18.0	9.0
4855	19.0	
4856	19.0	
4857	19.0	
4877	19.0	
4878	19.0	
4879	18.0	9.0
4880	18.0	9.0
4881	18.0	9.0
4882	18.0	9.0
4883	19.0	
4884	19.0	
4892	13.0	
4896	18.0	9.0
4897	18.0	9.0
4898	18.0	9.0
4909	13.0	
4915	13.0	
4919	19.0	
4920	19.0	
4924	19.0	
4927	13.0	
4929	13.0	
4930	19.0	
4933	13.0	
4935	13.0	
4936	19.0	
4937	19.0	
4938	7.0	4.0
4939	7.0	4.0
4940	19.0	
4941	19.0	
4942	19.0	
4944	7.0	4.0
4945	7.0	4.0
4946	7.0	4.0
4947	7.0	4.0
4948	7.0	4.0
4949	19.0	
4953	19.0	
4955	17.0	9.0
4956	19.0	
4957	7.0	4.0
4958	19.0	
4959	19.0	
4965	17.0	9.0
4966	17.0	9.0
4967	17.0	9.0
4968	17.0	9.0
4969	17.0	9.0
4970	19.0	
4971	19.0	
4972	17.0	9.0
4973	19.0	
4974	8.0	4.0
4975	8.0	4.0
4976	19.0	
4977	8.0	4.0
4978	8.0	4.0
4979	8.0	4.0
4981	19.0	
4982	19.0	
4983	19.0	
4984	19.0	
4985	17.0	9.0
4986	19.0	
4987	8.0	4.0
4988	8.0	4.0
4989	8.0	4.0
4990	8.0	4.0
4991	8.0	4.0
4992	8.0	4.0
4993	19.0	
4994	19.0	
4995	17.0	9.0
4996	19.0	
4997	15.0	8.0
4998	17.0	9.0
5004	19.0	
5005	19.0	
5006	19.0	
5016	12.0	6.0
5017	19.0	
5018	12.0	6.0
5032	19.0	
5033	12.0	6.0
5034	19.0	
5035	19.0	
5036	19.0	
5037	18.0	9.0
5038	18.0	9.0
5039	18.0	9.0
5040	18.0	9.0
5041	18.0	9.0
5042	18.0	9.0
5043	18.0	9.0
5066	19.0	
5067	19.0	
5069	18.0	9.0
5070	19.0	
5071	19.0	
5072	19.0	
5073	18.0	9.0
5074	18.0	9.0
5075	18.0	9.0
5076	19.0	
5077	18.0	9.0
5078	18.0	9.0
5079	18.0	9.0
5080	18.0	9.0
5081	19.0	
5088	13.0	
5094	13.0	
5095	19.0	
5097	19.0	
5099	18.0	9.0
5100	18.0	9.0
5101	18.0	9.0
5102	18.0	9.0
5103	19.0	
5108	19.0	
5123	7.0	4.0
5124	18.0	9.0
5125	7.0	4.0
5126	19.0	
5132	19.0	
5134	13.0	
5141	13.0	
5143	7.0	4.0
5144	7.0	4.0
5145	7.0	4.0
5146	19.0	
5147	19.0	
5149	19.0	
5150	19.0	
5151	19.0	
5152	19.0	
5153	7.0	4.0
5158	17.0	9.0
5159	19.0	
5160	19.0	
5161	7.0	4.0
5162	19.0	
5163	19.0	
5164	19.0	
5165	3.0	2.0
5166	19.0	
5167	19.0	
5168	19.0	
5169	19.0	
5170	19.0	
5171	19.0	
5172	17.0	9.0
5173	8.0	4.0
5174	19.0	
5175	8.0	4.0
5176	8.0	4.0
5177	19.0	
5178	19.0	
5179	7.0	4.0
5180	19.0	
5182	19.0	
5183	17.0	9.0
5184	19.0	
5185	19.0	
5186	17.0	9.0
5187	17.0	9.0
5188	17.0	9.0
5189	17.0	9.0
5190	19.0	
5191	19.0	
5192	19.0	
5193	17.0	9.0
5194	17.0	9.0
5195	17.0	9.0
5196	8.0	4.0
5197	19.0	
5198	8.0	4.0
5199	19.0	
5200	8.0	4.0
5202	8.0	4.0
5203	19.0	
5204	17.0	9.0
5205	17.0	9.0
5206	17.0	9.0
5207	15.0	8.0
5208	15.0	8.0
5209	19.0	
5210	19.0	
5211	19.0	
5212	19.0	
5216	19.0	
5217	19.0	
5232	19.0	
5233	19.0	
5234	4.0	2.0
5235	19.0	
5236	19.0	
5237	19.0	
5238	19.0	
5247	12.0	6.0
5248	12.0	6.0
5249	18.0	9.0
5250	18.0	9.0
5251	18.0	9.0
5252	19.0	
5253	18.0	9.0
5254	18.0	9.0
5270	19.0	
5271	19.0	
5272	18.0	9.0
5273	18.0	9.0
5274	18.0	9.0
5275	18.0	9.0
5276	18.0	9.0
5277	18.0	9.0
5278	18.0	9.0
5279	18.0	9.0
5280	18.0	9.0
5281	18.0	9.0
5282	19.0	
5283	18.0	9.0
5284	16.0	8.0
5298	19.0	
5300	13.0	
5303	19.0	
5304	18.0	9.0
5098	19.0	
5305	18.0	9.0
5306	19.0	
5316	13.0	
5325	13.0	
5330	13.0	
5331	13.0	
5332	13.0	
5335	18.0	9.0
5336	18.0	9.0
5337	18.0	9.0
5338	7.0	4.0
5339	18.0	9.0
5340	18.0	9.0
5341	7.0	4.0
5342	16.0	8.0
5348	19.0	
5350	13.0	
5356	13.0	
5358	13.0	
5361	7.0	4.0
5362	19.0	
5363	7.0	4.0
5367	19.0	
5368	13.0	
5370	7.0	4.0
5371	19.0	
5372	7.0	4.0
5373	7.0	4.0
5378	19.0	
5381	11.0	6.0
5382	11.0	6.0
5383	19.0	
5384	7.0	4.0
5385	7.0	4.0
5386	7.0	4.0
5389	3.0	2.0
5390	3.0	2.0
5391	17.0	9.0
5392	17.0	9.0
5393	17.0	9.0
5394	17.0	9.0
5395	19.0	
5396	19.0	
5397	17.0	9.0
5398	17.0	9.0
5399	19.0	
5400	19.0	
5401	17.0	9.0
5402	17.0	9.0
5403	17.0	9.0
5404	17.0	9.0
5405	8.0	4.0
5406	8.0	4.0
5407	8.0	4.0
5408	19.0	
5409	7.0	4.0
5410	19.0	
5411	19.0	
5412	19.0	
5414	19.0	
5415	19.0	
5416	17.0	9.0
5417	17.0	9.0
5418	17.0	9.0
5419	17.0	9.0
5420	19.0	
5421	17.0	9.0
5422	17.0	9.0
5423	19.0	
5424	19.0	
5425	19.0	
5426	8.0	4.0
5427	8.0	4.0
5428	8.0	4.0
5429	8.0	4.0
5430	19.0	
5431	19.0	
5432	19.0	
5435	17.0	9.0
5436	17.0	9.0
5437	15.0	8.0
5438	15.0	8.0
5439	19.0	
5447	19.0	
5448	19.0	
5453	19.0	
5454	19.0	
5455	4.0	2.0
5456	4.0	2.0
5457	19.0	
5459	19.0	
5460	19.0	
5471	19.0	
5472	12.0	6.0
5473	19.0	
5474	18.0	9.0
5475	18.0	9.0
5476	18.0	9.0
5496	13.0	
5499	19.0	
5500	18.0	9.0
5501	18.0	9.0
5502	18.0	9.0
5503	18.0	9.0
5504	18.0	9.0
5505	18.0	9.0
5506	18.0	9.0
5507	18.0	9.0
5508	19.0	
5509	19.0	
5514	13.0	
5522	13.0	
5528	19.0	
5529	18.0	9.0
5530	18.0	9.0
5531	18.0	9.0
5532	18.0	9.0
5533	16.0	8.0
5544	13.0	
5546	13.0	
5552	13.0	
5554	13.0	
5555	7.0	4.0
5556	18.0	9.0
5557	7.0	4.0
5564	13.0	
5565	13.0	
5567	13.0	
5568	13.0	
5569	13.0	
5574	13.0	
5576	13.0	
5579	13.0	
5580	19.0	
5581	7.0	4.0
5582	19.0	
5583	19.0	
5584	7.0	4.0
5585	7.0	4.0
5586	7.0	4.0
5593	19.0	
5594	8.0	4.0
5595	13.0	
5596	8.0	4.0
5597	19.0	
5598	7.0	4.0
5599	7.0	4.0
5604	3.0	2.0
5606	19.0	
5607	19.0	
5608	7.0	4.0
5609	19.0	
5610	19.0	
5611	7.0	4.0
5612	7.0	4.0
5613	19.0	
5614	19.0	
5615	19.0	
5616	19.0	
5617	17.0	9.0
5618	19.0	
5619	17.0	9.0
5620	17.0	9.0
5621	17.0	9.0
5622	17.0	9.0
5623	17.0	9.0
5624	17.0	9.0
5625	17.0	9.0
5626	17.0	9.0
5627	17.0	9.0
5628	17.0	9.0
5629	17.0	9.0
5630	8.0	4.0
5631	8.0	4.0
5632	8.0	4.0
5633	8.0	4.0
5634	8.0	4.0
5635	8.0	4.0
5636	8.0	4.0
5637	8.0	4.0
5638	19.0	
5639	8.0	4.0
5640	7.0	4.0
5641	19.0	
5642	19.0	
5645	17.0	9.0
5646	17.0	9.0
5647	17.0	9.0
5648	19.0	
5649	19.0	
5650	8.0	4.0
5651	8.0	4.0
5652	8.0	4.0
5653	8.0	4.0
5654	19.0	
5655	17.0	9.0
5656	19.0	
5657	19.0	
5658	19.0	
5659	17.0	9.0
5660	17.0	9.0
5661	19.0	
5662	17.0	9.0
5663	17.0	9.0
5664	17.0	9.0
5665	15.0	8.0
5666	15.0	8.0
5670	19.0	
5681	19.0	
5683	19.0	
5684	19.0	
5687	19.0	
5688	4.0	2.0
5689	4.0	2.0
5690	4.0	2.0
5703	4.0	2.0
5704	19.0	
5705	18.0	9.0
5706	19.0	
5707	19.0	
5708	18.0	9.0
5719	13.0	
5726	13.0	
5729	13.0	
5732	18.0	9.0
5733	18.0	9.0
5734	18.0	9.0
5735	18.0	9.0
5736	18.0	9.0
5737	18.0	9.0
5738	18.0	9.0
5750	13.0	
5751	13.0	
5754	13.0	
5755	13.0	
5756	19.0	
5757	18.0	9.0
5758	18.0	9.0
5759	18.0	9.0
5760	19.0	
5761	18.0	9.0
5762	16.0	8.0
5763	19.0	
5769	13.0	
5772	13.0	
5776	13.0	
5778	13.0	
5779	13.0	
5780	13.0	
5782	7.0	4.0
5783	16.0	8.0
5791	13.0	
5792	13.0	
5793	13.0	
5794	13.0	
5796	13.0	
5797	13.0	
5798	13.0	
5800	7.0	4.0
5801	7.0	4.0
5802	7.0	4.0
5803	7.0	4.0
5804	19.0	
5809	3.0	2.0
5810	3.0	2.0
5811	3.0	2.0
5812	3.0	2.0
5814	3.0	2.0
5816	19.0	
5819	19.0	
5822	13.0	
5823	13.0	
5824	19.0	
5825	7.0	4.0
5826	19.0	
5827	19.0	
5831	3.0	2.0
5832	3.0	2.0
5833	3.0	2.0
5834	3.0	2.0
5837	19.0	
5838	19.0	
5839	7.0	4.0
5840	7.0	4.0
5841	19.0	
5842	3.0	2.0
5844	3.0	2.0
5845	3.0	2.0
5846	19.0	
5848	19.0	
5849	19.0	
5850	19.0	
5851	17.0	9.0
5852	17.0	9.0
5853	17.0	9.0
5854	19.0	
5855	8.0	4.0
5856	8.0	4.0
5857	19.0	
5858	8.0	4.0
5859	7.0	4.0
5860	19.0	
5861	19.0	
5862	17.0	9.0
5863	17.0	9.0
5864	17.0	9.0
5865	17.0	9.0
5866	15.0	8.0
5867	19.0	
5868	8.0	4.0
5869	8.0	4.0
5870	8.0	4.0
5871	19.0	
5873	19.0	
5876	17.0	9.0
5877	17.0	9.0
5878	15.0	8.0
5879	15.0	8.0
5880	15.0	8.0
5887	8.0	4.0
5892	4.0	2.0
5894	4.0	2.0
5895	4.0	2.0
5896	4.0	2.0
5898	4.0	2.0
5899	4.0	2.0
5900	4.0	2.0
5901	4.0	2.0
5902	4.0	2.0
5903	4.0	2.0
5904	19.0	
5905	19.0	
5916	19.0	
5917	19.0	
5918	19.0	
5919	19.0	
5920	19.0	
5921	19.0	
5922	19.0	
5923	19.0	
5932	13.0	
5940	13.0	
5948	13.0	
5950	13.0	
5953	13.0	
5955	18.0	9.0
5956	19.0	
5957	18.0	9.0
5958	18.0	9.0
5959	18.0	9.0
5960	18.0	9.0
5961	19.0	
5962	19.0	
5963	19.0	
5973	13.0	
5974	13.0	
5979	13.0	
5980	13.0	
5983	19.0	
5984	7.0	4.0
5985	7.0	4.0
5986	18.0	9.0
5987	18.0	9.0
5988	18.0	9.0
5989	18.0	9.0
5990	18.0	9.0
5996	13.0	
5998	13.0	
5999	13.0	
6006	13.0	
6007	13.0	
6008	7.0	4.0
6009	19.0	
6010	7.0	4.0
6011	18.0	9.0
6012	7.0	4.0
6013	19.0	
6014	7.0	4.0
6015	19.0	
6016	16.0	8.0
6021	13.0	
6023	13.0	
6024	13.0	
6025	13.0	
6028	13.0	
6029	13.0	
6030	13.0	
6032	13.0	
6033	13.0	
6037	19.0	
6038	7.0	4.0
6039	7.0	4.0
6045	3.0	2.0
6047	13.0	
6049	13.0	
6050	7.0	4.0
6051	7.0	4.0
6052	7.0	4.0
6053	19.0	
6054	7.0	4.0
6055	7.0	4.0
6056	7.0	4.0
6063	3.0	2.0
6064	3.0	2.0
6065	3.0	2.0
6066	3.0	2.0
6067	3.0	2.0
6069	19.0	
6070	19.0	
6071	19.0	
6072	17.0	9.0
6073	17.0	9.0
6075	17.0	9.0
6077	8.0	4.0
6078	19.0	
6079	8.0	4.0
6080	7.0	4.0
6081	7.0	4.0
6084	3.0	2.0
6085	3.0	2.0
6086	3.0	2.0
6088	17.0	9.0
6089	8.0	4.0
6090	8.0	4.0
6091	8.0	4.0
6092	8.0	4.0
6093	8.0	4.0
6094	8.0	4.0
6095	19.0	
6096	8.0	4.0
6097	19.0	
6098	8.0	4.0
6099	8.0	4.0
6100	7.0	4.0
6101	19.0	
6102	19.0	
6106	3.0	2.0
6107	3.0	2.0
6111	19.0	
6112	19.0	
6113	17.0	9.0
6114	17.0	9.0
6115	17.0	9.0
6116	17.0	9.0
6117	17.0	9.0
6118	17.0	9.0
6119	19.0	
6120	17.0	9.0
6121	19.0	
6122	15.0	8.0
6123	19.0	
6124	19.0	
6125	19.0	
6126	8.0	4.0
6127	8.0	4.0
6128	8.0	4.0
6129	8.0	4.0
6130	19.0	
6133	19.0	
6137	19.0	
6138	19.0	
6147	4.0	2.0
6149	4.0	2.0
6150	4.0	2.0
6151	4.0	2.0
6156	4.0	2.0
6161	4.0	2.0
6162	4.0	2.0
6163	4.0	2.0
6164	4.0	2.0
6166	4.0	2.0
6168	4.0	2.0
6169	19.0	
6170	4.0	2.0
6172	4.0	2.0
6186	4.0	2.0
6187	18.0	9.0
6189	19.0	
6190	19.0	
6191	18.0	9.0
6192	18.0	9.0
6203	13.0	
6213	13.0	
6215	13.0	
6217	13.0	
6220	19.0	
6221	19.0	
6222	19.0	
6223	18.0	9.0
6224	18.0	9.0
6225	18.0	9.0
6226	19.0	
6234	13.0	
6246	13.0	
6247	13.0	
6249	19.0	
6250	18.0	9.0
6251	18.0	9.0
6252	18.0	9.0
6253	18.0	9.0
6254	18.0	9.0
6255	18.0	9.0
6256	16.0	8.0
6257	16.0	8.0
6258	16.0	8.0
6259	16.0	8.0
6260	16.0	8.0
6261	16.0	8.0
6265	13.0	
6266	13.0	
6275	13.0	
6276	13.0	
6278	13.0	
6279	19.0	
6280	7.0	4.0
6281	7.0	4.0
6282	7.0	4.0
6283	19.0	
6284	19.0	
6285	19.0	
6286	19.0	
6287	16.0	8.0
6288	16.0	8.0
6293	13.0	
6294	13.0	
6295	13.0	
6301	13.0	
6303	13.0	
6304	7.0	4.0
6305	7.0	4.0
6306	19.0	
6307	7.0	4.0
6308	19.0	
6309	19.0	
6310	3.0	2.0
6313	3.0	2.0
6317	13.0	
6321	7.0	4.0
6322	7.0	4.0
6323	19.0	
6326	3.0	2.0
6328	3.0	2.0
6329	3.0	2.0
6330	3.0	2.0
6331	3.0	2.0
6332	3.0	2.0
6333	3.0	2.0
6334	3.0	2.0
6338	17.0	9.0
6339	8.0	4.0
6340	8.0	4.0
6341	7.0	4.0
6342	7.0	4.0
6347	3.0	2.0
6348	3.0	2.0
6349	3.0	2.0
6351	19.0	
6352	17.0	9.0
6353	17.0	9.0
6354	19.0	
6355	19.0	
6356	19.0	
6357	19.0	
6358	8.0	4.0
6359	19.0	
6360	8.0	4.0
6361	19.0	
6366	3.0	2.0
6368	3.0	2.0
6371	19.0	
6372	19.0	
6373	17.0	9.0
6374	17.0	9.0
6375	15.0	8.0
6376	19.0	
6377	15.0	8.0
6378	15.0	8.0
6380	15.0	8.0
6381	15.0	8.0
6382	8.0	4.0
6383	19.0	
6384	8.0	4.0
6385	8.0	4.0
6386	8.0	4.0
6387	8.0	4.0
6388	3.0	2.0
6392	17.0	9.0
6393	15.0	8.0
6400	4.0	2.0
6403	4.0	2.0
6414	4.0	2.0
6415	4.0	2.0
6416	4.0	2.0
6418	19.0	
6424	19.0	
6434	4.0	2.0
6435	4.0	2.0
6436	4.0	2.0
6437	19.0	
6439	18.0	9.0
6460	13.0	
6463	13.0	
6464	13.0	
6465	13.0	
6466	13.0	
6467	13.0	
6470	19.0	
6472	18.0	9.0
6473	18.0	9.0
6474	18.0	9.0
6475	18.0	9.0
6476	18.0	9.0
6477	19.0	
6478	18.0	9.0
6479	18.0	9.0
6480	18.0	9.0
6485	13.0	
6500	13.0	
6502	19.0	
6503	19.0	
6504	19.0	
6505	19.0	
6506	19.0	
6507	19.0	
6508	19.0	
6509	18.0	9.0
6510	7.0	4.0
6511	18.0	9.0
6512	19.0	
6513	18.0	9.0
6517	13.0	
6518	13.0	
6523	13.0	
6529	7.0	4.0
6530	7.0	4.0
6531	7.0	4.0
6532	7.0	4.0
6533	7.0	4.0
6534	19.0	
6535	16.0	8.0
6536	16.0	8.0
6537	16.0	8.0
6538	16.0	8.0
6550	13.0	
6551	13.0	
6552	13.0	
6553	13.0	
6554	13.0	
6558	13.0	
6561	13.0	
6566	13.0	
6568	7.0	4.0
6569	16.0	8.0
6570	19.0	
6573	3.0	2.0
6575	3.0	2.0
6576	3.0	2.0
6577	3.0	2.0
6578	3.0	2.0
6579	3.0	2.0
6581	13.0	
6582	7.0	4.0
6583	7.0	4.0
6584	7.0	4.0
6585	7.0	4.0
6586	7.0	4.0
6587	7.0	4.0
6588	7.0	4.0
6589	19.0	
6590	19.0	
6594	3.0	2.0
6595	3.0	2.0
6597	3.0	2.0
6600	17.0	9.0
6601	19.0	
6602	19.0	
6603	8.0	4.0
6604	8.0	4.0
6605	8.0	4.0
6606	7.0	4.0
6607	7.0	4.0
6608	19.0	
6610	3.0	2.0
6612	3.0	2.0
6613	3.0	2.0
6614	3.0	2.0
6616	3.0	2.0
6617	3.0	2.0
6619	3.0	2.0
6620	3.0	2.0
6621	3.0	2.0
6624	17.0	9.0
6625	17.0	9.0
6626	17.0	9.0
6627	17.0	9.0
6628	17.0	9.0
6629	19.0	
6630	8.0	4.0
6631	19.0	
6632	19.0	
6633	8.0	4.0
6634	19.0	
6640	3.0	2.0
6641	17.0	9.0
6642	17.0	9.0
6643	19.0	
6644	15.0	8.0
6645	8.0	4.0
6646	8.0	4.0
6647	3.0	2.0
6648	3.0	2.0
6651	3.0	2.0
6653	19.0	
6654	17.0	9.0
6655	19.0	
6656	19.0	
6657	19.0	
6666	4.0	2.0
6667	4.0	2.0
6668	4.0	2.0
6669	4.0	2.0
6670	4.0	2.0
6672	4.0	2.0
6673	4.0	2.0
6674	4.0	2.0
6684	4.0	2.0
6685	4.0	2.0
6688	4.0	2.0
6690	4.0	2.0
6691	4.0	2.0
6692	4.0	2.0
6693	4.0	2.0
6694	19.0	
6695	19.0	
6701	13.0	
6703	13.0	
6706	4.0	2.0
6707	4.0	2.0
6709	4.0	2.0
6710	4.0	2.0
6711	4.0	2.0
6713	19.0	
6714	19.0	
6715	19.0	
6716	19.0	
6727	13.0	
6728	13.0	
6734	18.0	9.0
6735	18.0	9.0
6736	18.0	9.0
6737	18.0	9.0
6747	19.0	
6749	19.0	
6750	18.0	9.0
6751	18.0	9.0
6752	19.0	
6753	16.0	8.0
6754	16.0	8.0
6755	19.0	
6756	16.0	8.0
6757	19.0	
6758	16.0	8.0
6765	13.0	
6768	13.0	
6774	13.0	
6779	13.0	
6781	7.0	4.0
6782	7.0	4.0
6783	19.0	
6784	16.0	8.0
6785	16.0	8.0
6786	19.0	
6787	16.0	8.0
6788	16.0	8.0
6789	19.0	
6793	3.0	2.0
6796	13.0	
6800	13.0	
6808	7.0	4.0
6809	3.0	2.0
6810	3.0	2.0
6811	3.0	2.0
6815	8.0	4.0
6816	19.0	
6817	7.0	4.0
6818	7.0	4.0
6822	3.0	2.0
6823	3.0	2.0
6824	3.0	2.0
6825	3.0	2.0
6826	3.0	2.0
6827	7.0	4.0
6828	19.0	
6829	3.0	2.0
6830	3.0	2.0
6831	3.0	2.0
6834	19.0	
6837	17.0	9.0
6838	17.0	9.0
6839	17.0	9.0
6840	17.0	9.0
6841	17.0	9.0
6842	17.0	9.0
6843	17.0	9.0
6844	17.0	9.0
6849	19.0	
6850	19.0	
6851	8.0	4.0
6852	8.0	4.0
6853	19.0	
6854	8.0	4.0
6855	8.0	4.0
6856	8.0	4.0
6857	19.0	
6858	8.0	4.0
6859	8.0	4.0
6860	19.0	
6861	3.0	2.0
6867	3.0	2.0
6868	3.0	2.0
6870	3.0	2.0
6873	17.0	9.0
6874	17.0	9.0
6875	17.0	9.0
6876	15.0	8.0
6877	19.0	
6878	17.0	9.0
6879	15.0	8.0
6880	15.0	8.0
6881	8.0	4.0
6882	8.0	4.0
6883	8.0	4.0
6884	8.0	4.0
6885	8.0	4.0
6886	8.0	4.0
6887	8.0	4.0
6892	3.0	2.0
6898	3.0	2.0
6903	19.0	
6904	19.0	
6905	17.0	9.0
6906	15.0	8.0
6907	15.0	8.0
6908	8.0	4.0
6915	4.0	2.0
6916	4.0	2.0
6918	4.0	2.0
6920	4.0	2.0
6923	4.0	2.0
6924	4.0	2.0
6931	4.0	2.0
6932	4.0	2.0
6934	4.0	2.0
6936	4.0	2.0
6937	4.0	2.0
6938	4.0	2.0
6940	4.0	2.0
6943	19.0	
6951	13.0	
6954	4.0	2.0
6955	4.0	2.0
6956	4.0	2.0
6957	19.0	
6958	19.0	
6973	13.0	
6976	13.0	
6977	13.0	
6978	13.0	
6979	13.0	
6983	18.0	9.0
6984	18.0	9.0
6985	18.0	9.0
6986	18.0	9.0
6987	19.0	
6994	13.0	
6995	13.0	
6997	13.0	
7001	19.0	
7003	19.0	
7004	19.0	
7005	18.0	9.0
7017	13.0	
7021	13.0	
7023	13.0	
7025	13.0	
7029	7.0	4.0
7030	7.0	4.0
7031	7.0	4.0
7033	16.0	8.0
7034	19.0	
7037	13.0	
7041	13.0	
7045	13.0	
7048	13.0	
7056	19.0	
7057	7.0	4.0
7058	19.0	
7059	7.0	4.0
7060	7.0	4.0
7061	7.0	4.0
7062	19.0	
7064	3.0	2.0
7068	7.0	4.0
7069	19.0	
7070	7.0	4.0
7071	7.0	4.0
7072	3.0	2.0
7073	3.0	2.0
7074	3.0	2.0
7075	19.0	
7076	8.0	4.0
7077	8.0	4.0
7078	19.0	
7079	19.0	
7080	7.0	4.0
7081	7.0	4.0
7082	7.0	4.0
7083	19.0	
7084	3.0	2.0
7085	3.0	2.0
7087	17.0	9.0
7089	17.0	9.0
7090	17.0	9.0
7091	19.0	
7092	19.0	
7093	15.0	8.0
7094	8.0	4.0
7095	8.0	4.0
7096	8.0	4.0
7097	8.0	4.0
7098	19.0	
7099	8.0	4.0
7100	19.0	
7101	7.0	4.0
7102	19.0	
7103	3.0	2.0
7104	3.0	2.0
7105	3.0	2.0
7108	17.0	9.0
7109	15.0	8.0
7110	19.0	
7111	19.0	
7112	19.0	
7113	19.0	
7114	19.0	
7115	19.0	
7116	19.0	
7119	3.0	2.0
7121	3.0	2.0
7129	3.0	2.0
7130	3.0	2.0
7131	3.0	2.0
7138	15.0	8.0
7139	8.0	4.0
7143	3.0	2.0
7154	4.0	2.0
7155	4.0	2.0
7157	4.0	2.0
7158	4.0	2.0
7165	4.0	2.0
7166	4.0	2.0
7167	4.0	2.0
7179	4.0	2.0
7181	4.0	2.0
7182	4.0	2.0
7183	19.0	
7184	19.0	
7185	19.0	
7200	13.0	
7203	4.0	2.0
7205	4.0	2.0
7208	18.0	9.0
7209	18.0	9.0
7210	18.0	9.0
7224	13.0	
7230	19.0	
7231	18.0	9.0
7232	19.0	
7233	16.0	8.0
7249	13.0	
7251	13.0	
7252	13.0	
7253	13.0	
7254	13.0	
7257	7.0	4.0
7258	18.0	9.0
7259	19.0	
7260	18.0	9.0
7261	16.0	8.0
7262	19.0	
7263	16.0	8.0
7264	19.0	
7265	16.0	8.0
7269	13.0	
7273	13.0	
7274	13.0	
7276	13.0	
7278	13.0	
7280	13.0	
7283	19.0	
7284	7.0	4.0
7285	7.0	4.0
7286	19.0	
7287	19.0	
7288	19.0	
7289	7.0	4.0
7290	19.0	
7294	3.0	2.0
7299	7.0	4.0
7300	7.0	4.0
7301	19.0	
7302	7.0	4.0
7303	7.0	4.0
7306	3.0	2.0
7307	3.0	2.0
7308	3.0	2.0
7310	19.0	
7311	19.0	
7312	8.0	4.0
7313	8.0	4.0
7314	8.0	4.0
7315	8.0	4.0
7317	3.0	2.0
7320	17.0	9.0
7321	17.0	9.0
7322	17.0	9.0
7323	8.0	4.0
7324	8.0	4.0
7325	8.0	4.0
7326	8.0	4.0
7327	8.0	4.0
7328	8.0	4.0
7330	3.0	2.0
7333	17.0	9.0
7334	17.0	9.0
7335	19.0	
7336	19.0	
7337	19.0	
7338	15.0	8.0
7339	8.0	4.0
7340	19.0	
7341	19.0	
7342	19.0	
7343	3.0	2.0
7360	19.0	
7361	15.0	8.0
7362	8.0	4.0
7363	19.0	
7364	3.0	2.0
7376	4.0	2.0
7377	4.0	2.0
7378	4.0	2.0
7380	4.0	2.0
7383	4.0	2.0
7384	4.0	2.0
7389	4.0	2.0
7390	4.0	2.0
7392	4.0	2.0
7393	4.0	2.0
7394	4.0	2.0
7397	4.0	2.0
7404	4.0	2.0
7406	4.0	2.0
7407	4.0	2.0
7408	4.0	2.0
7409	4.0	2.0
7410	19.0	
7411	19.0	
7427	13.0	
7428	4.0	2.0
7430	4.0	2.0
7432	19.0	
7433	18.0	9.0
7444	13.0	
7445	13.0	
7446	13.0	
7447	13.0	
7449	13.0	
7453	19.0	
7455	18.0	9.0
7456	18.0	9.0
7457	18.0	9.0
7458	19.0	
7465	13.0	
7468	13.0	
7474	13.0	
7477	7.0	4.0
7478	18.0	9.0
7479	19.0	
7480	18.0	9.0
7481	16.0	8.0
7482	19.0	
7485	13.0	
7486	13.0	
7487	13.0	
7488	13.0	
7490	13.0	
7493	7.0	4.0
7494	7.0	4.0
7495	7.0	4.0
7496	7.0	4.0
7497	7.0	4.0
7498	19.0	
7499	19.0	
7506	19.0	
7507	7.0	4.0
7508	19.0	
7509	19.0	
7510	7.0	4.0
7511	7.0	4.0
7512	7.0	4.0
7513	7.0	4.0
7514	19.0	
7516	3.0	2.0
7517	3.0	2.0
7519	3.0	2.0
7521	17.0	9.0
7522	17.0	9.0
7523	19.0	
7524	17.0	9.0
7525	8.0	4.0
7526	19.0	
7527	8.0	4.0
7528	7.0	4.0
7529	7.0	4.0
7530	19.0	
7531	3.0	2.0
7532	3.0	2.0
7533	3.0	2.0
7534	3.0	2.0
7535	3.0	2.0
7537	3.0	2.0
7538	3.0	2.0
7540	17.0	9.0
7541	17.0	9.0
7542	8.0	4.0
7543	19.0	
7544	19.0	
7545	8.0	4.0
7546	19.0	
7547	19.0	
7548	8.0	4.0
7549	19.0	
7553	17.0	9.0
7554	19.0	
7555	19.0	
7556	17.0	9.0
7557	15.0	8.0
7558	19.0	
7559	19.0	
7560	8.0	4.0
7574	19.0	
7575	19.0	
7576	19.0	
7577	15.0	8.0
7578	15.0	8.0
7579	19.0	
7580	8.0	4.0
7581	19.0	
7582	19.0	
7583	19.0	
7596	4.0	2.0
7597	4.0	2.0
7598	4.0	2.0
7600	4.0	2.0
7608	4.0	2.0
7610	4.0	2.0
7614	4.0	2.0
7629	4.0	2.0
7630	4.0	2.0
7631	4.0	2.0
7641	19.0	
7642	18.0	9.0
7643	18.0	9.0
7644	19.0	
7650	13.0	
7654	18.0	9.0
7655	18.0	9.0
7656	19.0	
7657	19.0	
7658	16.0	8.0
7659	18.0	9.0
7668	13.0	
7669	13.0	
7670	13.0	
7671	13.0	
7673	13.0	
7674	13.0	
7675	13.0	
7677	19.0	
7678	18.0	9.0
7679	7.0	4.0
7680	16.0	8.0
7682	3.0	2.0
7685	13.0	
7689	13.0	
7691	7.0	4.0
7692	7.0	4.0
7693	7.0	4.0
7694	19.0	
7695	7.0	4.0
7696	7.0	4.0
7697	19.0	
7698	19.0	
7703	3.0	2.0
7704	3.0	2.0
7705	3.0	2.0
7709	7.0	4.0
7710	19.0	
7711	7.0	4.0
7712	19.0	
7713	19.0	
7715	3.0	2.0
7716	3.0	2.0
7717	3.0	2.0
7718	3.0	2.0
7719	3.0	2.0
7720	19.0	
7721	19.0	
7722	8.0	4.0
7723	19.0	
7724	8.0	4.0
7725	8.0	4.0
7726	19.0	
7727	8.0	4.0
7728	7.0	4.0
7730	3.0	2.0
7731	3.0	2.0
7733	3.0	2.0
7735	3.0	2.0
7738	17.0	9.0
7739	17.0	9.0
7740	17.0	9.0
7741	17.0	9.0
7742	17.0	9.0
7743	19.0	
7744	8.0	4.0
7745	8.0	4.0
7746	19.0	
7747	8.0	4.0
7748	8.0	4.0
7749	8.0	4.0
7750	8.0	4.0
7751	8.0	4.0
7752	7.0	4.0
7753	7.0	4.0
7754	19.0	
7759	19.0	
7760	19.0	
7761	19.0	
7762	19.0	
7763	19.0	
7764	17.0	9.0
7765	17.0	9.0
7766	17.0	9.0
7767	15.0	8.0
7768	8.0	4.0
7769	19.0	
7770	8.0	4.0
7771	19.0	
7772	8.0	4.0
7773	19.0	
7779	19.0	
7780	19.0	
7781	19.0	
7782	19.0	
7783	8.0	4.0
7784	19.0	
7785	19.0	
7786	19.0	
7796	4.0	2.0
7805	4.0	2.0
7806	4.0	2.0
7807	4.0	2.0
7808	4.0	2.0
7809	4.0	2.0
7810	4.0	2.0
7811	4.0	2.0
7812	4.0	2.0
7826	4.0	2.0
7827	4.0	2.0
7828	4.0	2.0
7829	4.0	2.0
7840	18.0	9.0
7841	19.0	
7842	18.0	9.0
7843	18.0	9.0
7862	19.0	
7864	19.0	
7865	18.0	9.0
7866	18.0	9.0
7867	18.0	9.0
7868	18.0	9.0
7869	18.0	9.0
7870	16.0	8.0
7871	19.0	
7872	19.0	
7888	18.0	9.0
7889	7.0	4.0
7890	7.0	4.0
7891	16.0	8.0
7892	19.0	
7897	13.0	
7900	13.0	
7902	13.0	
7904	7.0	4.0
7905	7.0	4.0
7906	7.0	4.0
7907	7.0	4.0
7908	7.0	4.0
7919	19.0	
7920	7.0	4.0
7921	7.0	4.0
7922	7.0	4.0
7923	7.0	4.0
7924	19.0	
7926	3.0	2.0
7927	3.0	2.0
7928	17.0	9.0
7929	17.0	9.0
7931	17.0	9.0
7932	8.0	4.0
7933	8.0	4.0
7934	8.0	4.0
7935	8.0	4.0
7936	19.0	
7937	19.0	
7938	7.0	4.0
7939	7.0	4.0
7940	7.0	4.0
7941	7.0	4.0
7942	7.0	4.0
7943	19.0	
7944	7.0	4.0
7948	3.0	2.0
7949	3.0	2.0
7950	17.0	9.0
7952	8.0	4.0
7953	8.0	4.0
7954	8.0	4.0
7955	8.0	4.0
7956	8.0	4.0
7957	8.0	4.0
7958	8.0	4.0
7959	19.0	
7960	17.0	9.0
7961	17.0	9.0
7962	19.0	
7963	17.0	9.0
7964	17.0	9.0
7965	19.0	
7966	19.0	
7967	15.0	8.0
7968	19.0	
7969	19.0	
7970	19.0	
7971	19.0	
7972	19.0	
7973	15.0	8.0
7974	19.0	
7975	19.0	
7976	8.0	4.0
7990	4.0	2.0
7992	4.0	2.0
8001	4.0	2.0
8003	4.0	2.0
8004	4.0	2.0
8014	13.0	
8021	4.0	2.0
8023	4.0	2.0
8025	19.0	
8027	18.0	9.0
8040	19.0	
8041	16.0	8.0
8042	16.0	8.0
8043	16.0	8.0
8050	13.0	
8053	13.0	
8054	13.0	
8056	13.0	
8060	7.0	4.0
8061	18.0	9.0
8062	7.0	4.0
8063	19.0	
8064	19.0	
8065	18.0	9.0
8066	18.0	9.0
8067	16.0	8.0
8078	13.0	
8079	13.0	
8082	13.0	
8083	13.0	
8084	19.0	
8085	7.0	4.0
8086	7.0	4.0
8087	7.0	4.0
8088	7.0	4.0
8089	19.0	
8091	3.0	2.0
8093	13.0	
8096	13.0	
8097	13.0	
8098	13.0	
8101	7.0	4.0
8102	19.0	
8103	7.0	4.0
8104	3.0	2.0
8105	8.0	4.0
8106	8.0	4.0
8107	19.0	
8108	8.0	4.0
8109	8.0	4.0
8111	8.0	4.0
8112	8.0	4.0
8113	19.0	
8114	7.0	4.0
8115	7.0	4.0
8116	19.0	
8117	19.0	
8118	7.0	4.0
8119	7.0	4.0
8120	17.0	9.0
8121	8.0	4.0
8122	8.0	4.0
8123	8.0	4.0
8124	8.0	4.0
8125	8.0	4.0
8126	19.0	
8127	8.0	4.0
8128	7.0	4.0
8129	19.0	
8130	17.0	9.0
8131	19.0	
8132	17.0	9.0
8133	19.0	
8134	17.0	9.0
8135	8.0	4.0
8136	19.0	
8137	8.0	4.0
8138	19.0	
8139	19.0	
8161	4.0	2.0
8162	4.0	2.0
8170	4.0	2.0
8171	4.0	2.0
8189	19.0	
8212	13.0	
8219	19.0	
8220	19.0	
8221	16.0	8.0
8241	13.0	
8243	13.0	
8248	7.0	4.0
8249	7.0	4.0
8250	7.0	4.0
8251	7.0	4.0
8252	19.0	
8253	19.0	
8254	7.0	4.0
8268	13.0	
8271	13.0	
8272	13.0	
8275	19.0	
8276	7.0	4.0
8277	7.0	4.0
8278	19.0	
8279	7.0	4.0
8280	7.0	4.0
8281	7.0	4.0
8288	13.0	
8290	7.0	4.0
8291	7.0	4.0
8292	7.0	4.0
8293	7.0	4.0
8294	19.0	
8295	19.0	
8296	7.0	4.0
8297	7.0	4.0
8298	7.0	4.0
8302	3.0	2.0
8303	3.0	2.0
8305	8.0	4.0
8306	8.0	4.0
8307	8.0	4.0
8308	8.0	4.0
8309	8.0	4.0
8310	8.0	4.0
8311	7.0	4.0
8312	7.0	4.0
8313	19.0	
8314	7.0	4.0
8315	8.0	4.0
8316	7.0	4.0
8317	7.0	4.0
8318	7.0	4.0
8322	19.0	
8323	8.0	4.0
8324	8.0	4.0
8325	19.0	
8326	8.0	4.0
8327	8.0	4.0
8328	8.0	4.0
8329	8.0	4.0
8330	19.0	
8331	19.0	
8333	19.0	
8334	19.0	
8335	8.0	4.0
8336	8.0	4.0
8337	8.0	4.0
8338	8.0	4.0
8339	8.0	4.0
8340	19.0	
8341	8.0	4.0
8394	4.0	2.0
8396	19.0	
8397	19.0	
8398	19.0	
8399	19.0	
8400	19.0	
8401	19.0	
8415	13.0	
8420	7.0	4.0
8430	13.0	
8433	7.0	4.0
8434	19.0	
8435	7.0	4.0
8436	19.0	
8437	7.0	4.0
8438	7.0	4.0
8439	7.0	4.0
8440	7.0	4.0
8441	7.0	4.0
8442	19.0	
8443	19.0	
8451	13.0	
8454	13.0	
8457	13.0	
8458	19.0	
8459	7.0	4.0
8460	19.0	
8461	7.0	4.0
8462	19.0	
8474	13.0	
8475	19.0	
8476	7.0	4.0
8477	7.0	4.0
8482	8.0	4.0
8483	8.0	4.0
8484	8.0	4.0
8485	8.0	4.0
8486	8.0	4.0
8487	19.0	
8488	19.0	
8489	8.0	4.0
8490	7.0	4.0
8491	19.0	
8492	19.0	
8498	19.0	
8499	19.0	
8500	8.0	4.0
8501	19.0	
8502	8.0	4.0
8503	8.0	4.0
8504	8.0	4.0
8505	8.0	4.0
8506	8.0	4.0
8507	8.0	4.0
8508	19.0	
8509	7.0	4.0
8510	8.0	4.0
8512	19.0	
8513	15.0	8.0
8514	19.0	
8515	19.0	
8516	19.0	
8517	8.0	4.0
8520	19.0	
8521	19.0	
8574	19.0	
8576	19.0	
8594	7.0	4.0
8595	19.0	
8596	7.0	4.0
8604	13.0	
8607	7.0	4.0
8608	7.0	4.0
8609	7.0	4.0
8610	7.0	4.0
8611	7.0	4.0
8612	7.0	4.0
8613	7.0	4.0
8623	13.0	
8632	19.0	
8633	7.0	4.0
8634	7.0	4.0
8635	7.0	4.0
8636	7.0	4.0
8637	7.0	4.0
8638	7.0	4.0
8639	7.0	4.0
8640	7.0	4.0
8641	19.0	
8656	7.0	4.0
8657	7.0	4.0
8658	7.0	4.0
8659	19.0	
8660	7.0	4.0
8661	7.0	4.0
8666	19.0	
8669	8.0	4.0
8670	8.0	4.0
8671	8.0	4.0
8672	8.0	4.0
8673	19.0	
8674	8.0	4.0
8675	19.0	
8676	8.0	4.0
8677	7.0	4.0
8678	8.0	4.0
8679	8.0	4.0
8680	19.0	
8681	7.0	4.0
8682	19.0	
8683	19.0	
8684	7.0	4.0
8685	19.0	
8686	19.0	
8690	19.0	
8691	19.0	
8692	17.0	9.0
8693	8.0	4.0
8694	8.0	4.0
8695	8.0	4.0
8696	8.0	4.0
8697	8.0	4.0
8698	8.0	4.0
8699	8.0	4.0
8700	8.0	4.0
8701	8.0	4.0
8702	8.0	4.0
8703	19.0	
8704	19.0	
8705	19.0	
8706	19.0	
8707	19.0	
8708	19.0	
8709	19.0	
8710	19.0	
8714	8.0	4.0
8715	19.0	
8716	8.0	4.0
8717	8.0	4.0
8718	8.0	4.0
8722	19.0	
8767	19.0	
8768	19.0	
8810	13.0	
8813	7.0	4.0
8814	7.0	4.0
8815	19.0	
8816	7.0	4.0
8817	7.0	4.0
8827	13.0	
8829	13.0	
8831	13.0	
8833	19.0	
8834	7.0	4.0
8835	7.0	4.0
8836	7.0	4.0
8837	7.0	4.0
8838	7.0	4.0
8839	19.0	
8859	19.0	
8861	7.0	4.0
8862	7.0	4.0
8863	19.0	
8864	7.0	4.0
8865	7.0	4.0
8866	19.0	
8867	19.0	
8868	8.0	4.0
8869	8.0	4.0
8870	8.0	4.0
8871	7.0	4.0
8872	19.0	
8873	19.0	
8880	19.0	
8881	8.0	4.0
8882	8.0	4.0
8883	8.0	4.0
8884	19.0	
8885	19.0	
8887	19.0	
8888	19.0	
8889	8.0	4.0
8890	8.0	4.0
8891	8.0	4.0
8892	19.0	
8965	19.0	
8966	19.0	
8967	7.0	4.0
8980	19.0	
8989	19.0	
8990	7.0	4.0
8991	7.0	4.0
8992	19.0	
8993	19.0	
8994	7.0	4.0
9009	19.0	
9010	7.0	4.0
9011	7.0	4.0
9012	19.0	
9013	7.0	4.0
9026	19.0	
9028	7.0	4.0
9029	7.0	4.0
9030	7.0	4.0
9031	7.0	4.0
9032	7.0	4.0
9033	7.0	4.0
9041	19.0	
9043	19.0	
9044	8.0	4.0
9045	8.0	4.0
9046	8.0	4.0
9047	7.0	4.0
9048	19.0	
9049	8.0	4.0
9050	19.0	
9054	19.0	
9055	8.0	4.0
9056	19.0	
9057	8.0	4.0
9058	19.0	
9059	19.0	
9060	8.0	4.0
9061	8.0	4.0
9062	8.0	4.0
9063	19.0	
9064	19.0	
9065	8.0	4.0
9066	8.0	4.0
9067	8.0	4.0
9068	8.0	4.0
9069	19.0	
9070	19.0	
9072	8.0	4.0
9073	19.0	
9074	19.0	
9152	19.0	
9153	19.0	
9172	19.0	
9173	19.0	
9174	19.0	
9175	7.0	4.0
9193	7.0	4.0
9194	7.0	4.0
9195	7.0	4.0
9207	7.0	4.0
9208	7.0	4.0
9209	7.0	4.0
9210	7.0	4.0
9217	7.0	4.0
9218	7.0	4.0
9219	7.0	4.0
9220	7.0	4.0
9221	7.0	4.0
9222	7.0	4.0
9227	8.0	4.0
9228	8.0	4.0
9229	19.0	
9230	19.0	
9231	7.0	4.0
9232	7.0	4.0
9238	19.0	
9239	19.0	
9240	19.0	
9241	19.0	
9242	8.0	4.0
9243	8.0	4.0
9244	8.0	4.0
9246	19.0	
9247	19.0	
9249	19.0	
9250	19.0	
9251	19.0	
9311	19.0	
9312	19.0	
9326	19.0	
9327	19.0	
9328	7.0	4.0
9329	19.0	
9348	7.0	4.0
9349	19.0	
9350	7.0	4.0
9367	19.0	
9369	7.0	4.0
9370	7.0	4.0
9371	7.0	4.0
9383	7.0	4.0
9384	7.0	4.0
9385	7.0	4.0
9386	19.0	
9403	8.0	4.0
9412	8.0	4.0
9413	19.0	
9414	8.0	4.0
9415	7.0	4.0
9416	19.0	
9422	8.0	4.0
9423	19.0	
9424	8.0	4.0
9425	8.0	4.0
9426	8.0	4.0
9427	19.0	
9428	8.0	4.0
9429	8.0	4.0
9430	8.0	4.0
9431	8.0	4.0
9432	19.0	
9433	19.0	
9434	8.0	4.0
9435	8.0	4.0
9436	19.0	
9438	19.0	
9522	19.0	
9523	7.0	4.0
9524	7.0	4.0
9534	19.0	
9535	7.0	4.0
9550	7.0	4.0
9551	19.0	
9552	7.0	4.0
9553	19.0	
9562	19.0	
9563	19.0	
9564	19.0	
9565	7.0	4.0
9566	7.0	4.0
9567	7.0	4.0
9568	7.0	4.0
9591	8.0	4.0
9592	8.0	4.0
9594	19.0	
9595	19.0	
9596	8.0	4.0
9597	19.0	
9604	8.0	4.0
9605	8.0	4.0
9606	8.0	4.0
9607	8.0	4.0
9608	19.0	
9609	8.0	4.0
9610	8.0	4.0
9611	8.0	4.0
9612	8.0	4.0
9613	19.0	
9615	8.0	4.0
9616	8.0	4.0
9617	8.0	4.0
9618	19.0	
9619	19.0	
9620	19.0	
9726	7.0	4.0
9727	7.0	4.0
9729	19.0	
9749	19.0	
9750	7.0	4.0
9779	19.0	
9781	7.0	4.0
9782	7.0	4.0
9796	8.0	4.0
9797	8.0	4.0
9803	8.0	4.0
9804	7.0	4.0
9818	8.0	4.0
9819	8.0	4.0
9820	19.0	
9821	19.0	
9822	8.0	4.0
9823	8.0	4.0
9824	19.0	
9833	19.0	
9940	7.0	4.0
9941	7.0	4.0
9958	7.0	4.0
9974	19.0	
9975	19.0	
9976	19.0	
9977	7.0	4.0
10000	7.0	4.0
10015	8.0	4.0
10017	8.0	4.0
10018	19.0	
10019	19.0	
10020	7.0	4.0
10039	8.0	4.0
10040	19.0	
10041	19.0	
10046	8.0	4.0
10048	19.0	
10183	7.0	4.0
10184	7.0	4.0
10185	19.0	
10211	19.0	
10236	7.0	4.0
10237	7.0	4.0
10238	19.0	
10277	8.0	4.0
10278	19.0	
10279	19.0	
10280	19.0	
10281	19.0	
10428	7.0	4.0
10429	7.0	4.0
10455	7.0	4.0
10456	7.0	4.0
10478	19.0	
10479	7.0	4.0
10480	19.0	
10481	19.0	
10504	19.0	
10507	19.0	
10508	19.0	
10509	19.0	
10527	19.0	
10528	8.0	4.0
10529	19.0	
10530	8.0	4.0
10541	19.0	
10542	19.0	
10544	19.0	
10545	19.0	
10546	19.0	
10707	19.0	
10708	7.0	4.0
10719	19.0	
10721	19.0	
10741	19.0	
10752	19.0	
10753	19.0	
10754	8.0	4.0
10922	19.0	
10926	19.0	
10940	19.0	
10941	19.0	
10942	19.0	
11117	19.0	
11118	19.0	
11119	19.0	
11142	19.0	
11144	19.0	
11157	19.0	
11158	19.0	
11312	19.0	
11332	19.0	
11347	19.0	
11361	19.0	
11364	19.0	
11367	19.0	
