label_id	clusters
1090.0	0
1108.0	1
728.0	1
1462.0	2
1487.0	3
577.0	4
1257.0	1
1560.0	5
1866.0	2
1469.0	3
1352.0	6
1540.0	1
2062.0	5
2082.0	2
2463.0	0
1516.0	3
2508.0	0
2190.0	2
2734.0	6
2724.0	2
3151.0	0
3155.0	7
3173.0	0
3157.0	0
2656.0	6
2169.0	1
2999.0	1
2842.0	1
3024.0	0
3368.0	2
2677.0	8
3077.0	2
3287.0	2
3485.0	8
3322.0	7
1711.0	9
3576.0	10
3827.0	2
3122.0	5
3982.0	2
3598.0	5
3636.0	0
4003.0	0
3639.0	7
3497.0	8
4483.0	4
4484.0	10
4319.0	10
4148.0	5
4011.0	4
4532.0	0
4977.0	5
4797.0	5
4839.0	7
5017.0	3
5248.0	2
5046.0	0
5047.0	0
5281.0	3
5068.0	9
5625.0	2
5403.0	3
2645.0	7
5688.0	5
5477.0	7
6192.0	3
6012.0	2
6557.0	3
6640.0	7
6911.0	8
6916.0	1
6673.0	6
6924.0	6
6923.0	7
6960.0	7
6704.0	9
6246.0	10
3518.0	9
6439.0	3
5510.0	0
6227.0	7
7012.0	3
6800.0	9
6601.0	10
6100.0	3
7081.0	5
7797.0	5
6409.0	7
7608.0	2
6177.0	7
5096.0	9
6544.0	9
7017.0	6
7456.0	2
7708.0	6
7532.0	7
6611.0	8
7942.0	3
7106.0	6
8140.0	5
7378.0	1
8075.0	9
8116.0	9
8101.0	3
8350.0	8
8556.0	2
7177.0	9
8801.0	1
8591.0	6
8850.0	4
8882.0	1
7416.0	9
8875.0	9
9409.0	9
10089.0	5
9912.0	9
9292.0	6
9343.0	3
10141.0	3
8813.0	7
9401.0	9
9541.0	3
9566.0	10
9235.0	9
10012.0	9
9441.0	4
10379.0	3
10810.0	4
10632.0	9
10661.0	0
10155.0	10
10463.0	7
9963.0	10
10455.0	1
10516.0	0
10767.0	9
10910.0	9
10607.0	8
11623.0	5
11039.0	2
11069.0	3
11294.0	7
10743.0	8
11549.0	3
10506.0	9
11805.0	7
11597.0	2
11439.0	8
12145.0	6
11703.0	9
11942.0	9
12143.0	2
11760.0	8
10534.0	0
10526.0	9
11789.0	8
12647.0	3
12249.0	1
12634.0	3
12687.0	5
11023.0	9
12312.0	7
11168.0	9
12399.0	5
12609.0	8
12194.0	3
12620.0	4
13121.0	9
12999.0	2
12974.0	2
13380.0	3
13085.0	9
13940.0	9
14011.0	2
13631.0	8
13009.0	9
14298.0	8
13964.0	8
14378.0	2
14203.0	9
14617.0	3
14813.0	9
14036.0	3
14674.0	3
15313.0	3
15361.0	2
14958.0	9
14797.0	8
14630.0	8
15228.0	8
15431.0	9
14955.0	9
15557.0	5
14774.0	9
15384.0	9
15590.0	3
15593.0	9
16098.0	9
16699.0	8
16724.0	7
17132.0	0
15734.0	9
15733.0	9
12437.0	9
16061.0	4
16640.0	9
16375.0	6
16987.0	9
16155.0	10
15121.0	8
17023.0	3
17485.0	7
17847.0	7
17487.0	7
17156.0	5
17520.0	3
18308.0	0
17557.0	2
17953.0	5
17610.0	2
17596.0	4
17236.0	2
17717.0	0
18180.0	0
17777.0	8
18684.0	1
18693.0	4
18291.0	3
19409.0	0
19088.0	4
18435.0	6
19480.0	2
18051.0	6
18952.0	0
18624.0	8
19340.0	8
18673.0	4
20280.0	7
19424.0	9
19735.0	2
19747.0	10
20037.0	10
18855.0	4
19783.0	8
19864.0	8
19596.0	9
19960.0	3
20537.0	10
20324.0	4
20585.0	5
20873.0	10
20413.0	4
20126.0	3
21022.0	8
21716.0	5
21298.0	5
21301.0	7
21061.0	4
21538.0	5
21354.0	4
12942.0	9
21132.0	3
21400.0	7
21261.0	8
22289.0	10
22114.0	0
22004.0	4
22412.0	7
22241.0	8
22447.0	5
21873.0	4
22090.0	8
20713.0	9
21882.0	8
23369.0	3
22135.0	4
22925.0	9
22456.0	0
23159.0	4
23511.0	8
22988.0	8
23783.0	8
23945.0	5
23952.0	6
24285.0	4
24150.0	3
23685.0	4
23985.0	2
24912.0	2
24958.0	10
24633.0	5
24181.0	4
24865.0	9
16415.0	9
25097.0	10
25106.0	10
24550.0	8
25417.0	6
25818.0	4
25292.0	4
25699.0	9
25576.0	8
25766.0	6
25570.0	8
26418.0	0
25811.0	9
25435.0	4
26246.0	4
26637.0	2
26290.0	8
26799.0	5
26976.0	2
27412.0	1
27064.0	2
26886.0	8
27294.0	3
26142.0	3
27578.0	0
27391.0	8
27850.0	10
27655.0	4
27512.0	7
27734.0	0
27345.0	4
28793.0	0
27641.0	4
27856.0	1
27894.0	8
27482.0	3
28417.0	2
28710.0	4
29180.0	6
28987.0	9
28767.0	6
28993.0	8
29242.0	5
27284.0	9
29159.0	5
21866.0	9
28727.0	9
29217.0	6
30067.0	3
29665.0	8
29460.0	9
29464.0	4
29739.0	3
28408.0	0
28227.0	0
28506.0	9
30230.0	5
30074.0	9
30247.0	3
949.0	6
1097.0	4
942.0	6
343.0	4
584.0	4
1086.0	1
1240.0	1
1099.0	3
1089.0	7
1102.0	1
1246.0	7
572.0	1
1242.0	7
354.0	4
957.0	2
1259.0	2
946.0	7
1258.0	1
958.0	1
489.0	4
970.0	7
1110.0	8
1093.0	8
1114.0	6
1127.0	6
977.0	7
1267.0	4
830.0	4
472.0	2
1118.0	1
1117.0	1
1287.0	5
950.0	1
1273.0	1
1154.0	2
1121.0	1
1289.0	2
1139.0	1
1288.0	2
833.0	6
514.0	1
834.0	1
1275.0	4
969.0	1
857.0	2
995.0	1
734.0	1
1291.0	1
835.0	1
996.0	1
861.0	6
1293.0	1
521.0	4
756.0	4
1028.0	4
1143.0	1
1146.0	1
1328.0	1
1326.0	1
1148.0	1
874.0	1
870.0	4
1006.0	1
1171.0	1
1170.0	1
1008.0	1
1150.0	2
875.0	1
1334.0	1
426.0	6
1174.0	2
1040.0	2
763.0	1
1308.0	1
1012.0	10
1153.0	2
1310.0	2
1336.0	2
1176.0	2
1312.0	2
1050.0	2
1442.0	2
1313.0	2
1046.0	2
1177.0	2
1156.0	1
1339.0	2
1179.0	2
1340.0	2
1180.0	2
1181.0	2
1158.0	1
1315.0	2
1341.0	2
1159.0	1
1316.0	2
1342.0	1
1052.0	2
860.0	1
913.0	4
792.0	4
1349.0	7
1064.0	6
1351.0	1
1456.0	2
1169.0	2
923.0	6
921.0	4
1055.0	4
1191.0	1
1190.0	2
1362.0	1
1056.0	1
1211.0	1
798.0	1
1058.0	1
1212.0	1
1194.0	2
1364.0	1
1354.0	2
916.0	1
677.0	1
1196.0	2
1198.0	2
1199.0	2
1355.0	2
1200.0	2
1202.0	2
1220.0	4
1219.0	7
1356.0	2
1206.0	2
1357.0	1
1051.0	3
1358.0	1
1367.0	1
1221.0	4
933.0	1
1071.0	1
1371.0	1
233.0	4
804.0	6
688.0	4
939.0	6
1230.0	6
944.0	7
1092.0	4
947.0	1
818.0	6
1082.0	6
697.0	4
1378.0	1
1519.0	1
1523.0	1
1078.0	6
1690.0	1
1537.0	1
1382.0	1
1692.0	1
1383.0	1
1098.0	1
1538.0	1
1088.0	7
1396.0	2
1241.0	1
1388.0	7
1397.0	1
1387.0	7
1106.0	1
1103.0	1
1399.0	1
1527.0	1
1525.0	1
1244.0	1
464.0	9
824.0	2
1104.0	1
1390.0	1
1401.0	1
1389.0	3
1543.0	7
1113.0	4
1260.0	4
1279.0	6
1299.0	4
846.0	6
607.0	4
1281.0	7
976.0	4
1713.0	5
1132.0	6
879.0	6
746.0	9
831.0	6
1011.0	4
581.0	4
1307.0	10
1411.0	1
1413.0	1
1270.0	1
1311.0	2
1120.0	1
1421.0	5
1702.0	1
1271.0	1
1422.0	1
1886.0	5
1423.0	2
1548.0	1
1255.0	1
1717.0	2
1122.0	2
1444.0	2
1549.0	2
1551.0	1
1868.0	2
1424.0	1
993.0	2
1704.0	1
1718.0	1
1276.0	4
1425.0	1
1290.0	1
1292.0	2
1277.0	1
1552.0	1
1125.0	1
733.0	1
1426.0	1
1869.0	1
1415.0	1
1870.0	7
1428.0	1
1112.0	1
1427.0	2
1707.0	3
1296.0	2
961.0	6
1708.0	1
1294.0	1
1566.0	1
1721.0	1
1567.0	1
1162.0	6
1347.0	6
737.0	6
863.0	1
1325.0	6
1750.0	7
1436.0	1
1302.0	1
1435.0	1
1727.0	7
1165.0	1
1573.0	1
1438.0	1
1732.0	1
1455.0	1
507.0	4
1574.0	1
1168.0	1
1304.0	1
1576.0	1
1930.0	1
1457.0	1
1579.0	1
1332.0	1
1578.0	1
527.0	4
1172.0	1
1580.0	1
1581.0	1
1331.0	1
1440.0	2
1931.0	2
1612.0	1
1459.0	2
1628.0	2
1582.0	1
1613.0	2
1583.0	2
1460.0	1
1752.0	2
1753.0	2
1461.0	2
1593.0	2
1591.0	2
1754.0	2
1590.0	1
1755.0	2
1737.0	2
1756.0	2
1738.0	2
1740.0	2
1594.0	1
1739.0	2
1757.0	2
1596.0	2
1595.0	2
1443.0	2
1889.0	2
1758.0	2
1597.0	2
1614.0	2
1742.0	2
1761.0	2
1598.0	2
1763.0	2
992.0	2
1464.0	2
907.0	1
1765.0	2
1465.0	2
1466.0	1
910.0	1
1318.0	2
1320.0	1
1615.0	2
1600.0	1
1766.0	2
1345.0	1
1023.0	2
1768.0	7
1601.0	1
1026.0	8
1744.0	5
1448.0	1
1602.0	6
1061.0	6
1605.0	1
1207.0	1
1489.0	1
1773.0	1
1492.0	3
1327.0	1
1454.0	1
1453.0	1
1623.0	1
1474.0	1
1330.0	2
1493.0	5
1624.0	2
1790.0	1
1494.0	7
1777.0	1
1641.0	1
1458.0	2
1495.0	7
1626.0	1
1778.0	2
1792.0	2
1496.0	1
1643.0	1
1479.0	1
1779.0	2
1353.0	2
1499.0	1
1363.0	1
1500.0	1
1067.0	1
1629.0	2
1480.0	2
1646.0	2
1796.0	1
1783.0	2
928.0	1
1365.0	1
1630.0	2
1504.0	1
1059.0	2
1632.0	2
1503.0	1
1483.0	2
1948.0	2
1506.0	1
1215.0	1
1631.0	3
1649.0	2
1484.0	2
1651.0	1
1201.0	3
1507.0	2
1509.0	2
2113.0	2
1486.0	2
1485.0	3
1663.0	3
1802.0	2
1633.0	2
1652.0	2
1634.0	2
1060.0	1
1804.0	2
1784.0	1
1971.0	7
1640.0	8
1223.0	4
1225.0	7
1224.0	4
1808.0	1
936.0	4
563.0	4
1501.0	1
927.0	1
1375.0	6
1813.0	6
1508.0	3
1229.0	6
1815.0	1
1514.0	6
1513.0	1
1984.0	1
1816.0	8
1386.0	7
1985.0	1
1376.0	1
1836.0	1
1689.0	6
2164.0	1
2001.0	7
1228.0	4
1095.0	1
1534.0	5
1235.0	3
1990.0	1
1844.0	1
701.0	1
2156.0	3
1825.0	1
1843.0	1
1536.0	1
1846.0	1
1381.0	1
2168.0	1
1691.0	1
1991.0	1
1237.0	1
1848.0	1
2006.0	1
1675.0	1
1693.0	1
2007.0	2
1385.0	7
1694.0	1
2009.0	2
1995.0	1
1541.0	1
1526.0	1
1684.0	1
1685.0	1
1849.0	1
1528.0	1
1834.0	1
1996.0	1
2328.0	1
1997.0	3
1852.0	2
2329.0	1
1837.0	1
1111.0	4
1686.0	4
1696.0	4
1854.0	4
2175.0	1
1544.0	4
1697.0	1
1856.0	4
1698.0	4
1406.0	6
1857.0	6
1129.0	10
1874.0	6
1555.0	6
1558.0	4
1130.0	6
1416.0	6
2032.0	9
1710.0	3
1283.0	9
1688.0	7
878.0	9
2019.0	3
2002.0	7
1883.0	6
1845.0	1
2181.0	1
2192.0	2
1272.0	1
1885.0	1
1864.0	1
1847.0	1
1547.0	1
2035.0	1
2349.0	2
1887.0	1
2036.0	2
1862.0	1
1863.0	1
2037.0	2
1703.0	6
1888.0	1
2038.0	1
2195.0	2
2008.0	1
1850.0	1
2194.0	2
1865.0	1
2039.0	2
2021.0	1
2067.0	2
1890.0	2
2022.0	1
2023.0	1
2330.0	1
1705.0	1
1894.0	1
1124.0	2
1550.0	7
2183.0	1
2024.0	1
1719.0	2
1895.0	2
2025.0	2
1564.0	2
1430.0	2
2026.0	1
2200.0	1
1896.0	1
2186.0	1
2027.0	6
1898.0	1
1297.0	8
2029.0	4
2075.0	6
1568.0	4
1569.0	10
1920.0	1
2045.0	1
2209.0	1
1922.0	1
1900.0	1
1921.0	1
2048.0	1
1902.0	7
2077.0	7
2047.0	1
1728.0	5
1925.0	1
1726.0	1
1730.0	1
2229.0	1
2050.0	1
1907.0	5
1924.0	1
1927.0	2
2079.0	2
2052.0	1
1928.0	2
2080.0	1
1575.0	1
2234.0	2
2081.0	1
1908.0	1
1577.0	2
2056.0	2
2055.0	1
1776.0	2
1909.0	1
1611.0	2
2057.0	2
2235.0	2
1735.0	2
2083.0	2
2376.0	2
1439.0	1
2059.0	2
2084.0	2
2085.0	2
2086.0	2
1912.0	1
2399.0	2
1913.0	2
2088.0	2
2237.0	2
2063.0	1
2238.0	2
2239.0	2
2383.0	2
1933.0	2
2064.0	2
1934.0	1
2351.0	2
2385.0	2
2089.0	2
2066.0	5
2065.0	2
2386.0	2
2090.0	2
2401.0	2
2091.0	2
1762.0	5
2219.0	2
2068.0	2
1764.0	2
1935.0	2
2220.0	2
1445.0	2
2387.0	2
1936.0	2
2094.0	2
2095.0	3
2069.0	2
1617.0	7
1616.0	1
2098.0	1
2070.0	2
1917.0	1
2097.0	2
2071.0	1
2403.0	2
1321.0	1
1319.0	1
1344.0	1
1186.0	1
1897.0	2
1743.0	1
2241.0	1
1565.0	1
1024.0	1
1620.0	1
1938.0	1
1622.0	4
1636.0	1
2076.0	1
1637.0	5
1491.0	4
1939.0	1
1787.0	1
2245.0	6
1772.0	1
1941.0	5
2268.0	1
2269.0	1
2120.0	1
2105.0	1
1942.0	1
2272.0	2
1959.0	1
1929.0	1
1791.0	4
2274.0	1
2121.0	1
2132.0	2
2123.0	2
1476.0	5
2122.0	1
2248.0	2
2133.0	2
1960.0	1
2109.0	2
1961.0	2
1793.0	1
1932.0	2
2110.0	2
2429.0	2
2251.0	2
1945.0	2
2278.0	1
2279.0	2
1498.0	1
2111.0	2
1799.0	2
2252.0	2
1781.0	2
2419.0	2
2253.0	2
1481.0	2
1800.0	1
1505.0	2
1949.0	2
2255.0	2
1502.0	1
1648.0	2
1950.0	2
2126.0	2
1650.0	1
2256.0	2
2257.0	2
1967.0	2
2114.0	2
2115.0	2
1969.0	2
2432.0	2
2281.0	2
1952.0	2
1954.0	2
2116.0	2
1227.0	4
1803.0	1
2261.0	1
2282.0	3
2262.0	2
2263.0	2
2264.0	7
1785.0	8
1956.0	4
2265.0	3
1767.0	7
1653.0	8
1368.0	8
1806.0	4
1978.0	4
2286.0	2
1372.0	1
2134.0	2
2287.0	4
1209.0	1
1975.0	7
2135.0	1
1974.0	7
2289.0	1
2453.0	1
1644.0	1
2293.0	2
1797.0	1
1659.0	7
1795.0	1
2136.0	2
1801.0	2
1660.0	1
2137.0	1
2140.0	1
2138.0	1
2299.0	2
2298.0	1
1970.0	3
2457.0	6
2146.0	4
1530.0	6
2647.0	0
1664.0	4
2147.0	6
1981.0	8
2157.0	1
1983.0	8
1828.0	1
2148.0	8
2465.0	1
2466.0	1
2653.0	4
1832.0	1
1817.0	8
1668.0	1
1818.0	4
2013.0	4
2823.0	5
2000.0	6
2468.0	6
1701.0	9
2320.0	6
2005.0	4
2321.0	6
2322.0	1
2151.0	1
2167.0	1
1988.0	1
2003.0	7
1094.0	6
2004.0	1
2491.0	7
2317.0	1
1989.0	1
2155.0	1
2170.0	1
2154.0	2
2671.0	1
2475.0	1
2673.0	2
1992.0	7
2496.0	1
2311.0	1
2323.0	7
2479.0	2
1239.0	1
1994.0	1
1831.0	1
2010.0	1
2482.0	2
2326.0	2
2663.0	1
2173.0	1
1998.0	2
2834.0	2
2843.0	1
2331.0	4
2836.0	2
2675.0	4
2665.0	4
2666.0	2
2483.0	1
2012.0	4
2667.0	2
2161.0	2
2847.0	2
2176.0	7
2332.0	7
2668.0	2
1855.0	2
2014.0	8
2204.0	9
1873.0	6
2515.0	3
1709.0	6
2514.0	4
1877.0	6
2368.0	1
2499.0	6
2031.0	6
2191.0	9
2345.0	6
2500.0	8
2060.0	6
2346.0	9
2216.0	9
2493.0	1
984.0	2
2707.0	2
2683.0	1
1715.0	2
2348.0	1
2350.0	1
2502.0	2
2672.0	1
2708.0	2
2684.0	2
2337.0	10
2525.0	2
2526.0	2
2709.0	2
2503.0	2
2527.0	2
2860.0	2
2710.0	2
2685.0	1
2877.0	2
2504.0	2
2528.0	2
2878.0	2
2339.0	1
2712.0	2
2862.0	2
2530.0	2
2352.0	2
2505.0	1
2531.0	2
2532.0	2
2880.0	2
2340.0	1
1404.0	1
1893.0	2
2688.0	2
2689.0	1
1720.0	1
2341.0	1
2690.0	1
2196.0	1
2691.0	2
2506.0	2
2197.0	2
2533.0	2
2694.0	1
2356.0	2
2357.0	2
2534.0	2
2199.0	2
2864.0	7
2507.0	2
2714.0	1
2359.0	1
972.0	9
2695.0	7
2716.0	5
2867.0	5
1745.0	8
2718.0	7
2733.0	7
2364.0	8
1747.0	6
2392.0	7
1899.0	6
2207.0	1
2888.0	1
1142.0	9
2561.0	1
2210.0	1
2049.0	5
2394.0	1
2230.0	1
1904.0	1
2369.0	1
2541.0	1
2739.0	2
2562.0	1
1329.0	1
2722.0	1
2371.0	1
2543.0	1
1731.0	1
2890.0	1
2544.0	6
2053.0	1
2397.0	2
2372.0	2
2741.0	3
2546.0	2
2547.0	1
2742.0	2
2236.0	2
2373.0	2
2592.0	2
2249.0	2
2566.0	2
2377.0	1
2725.0	2
2569.0	2
2550.0	2
2567.0	10
2568.0	2
2379.0	2
2400.0	2
2913.0	2
2571.0	2
2570.0	2
2745.0	2
2726.0	2
2574.0	2
2747.0	2
2572.0	2
2551.0	2
2727.0	2
2575.0	2
2577.0	2
2552.0	2
2600.0	5
2402.0	2
2240.0	2
2578.0	2
2553.0	2
2579.0	2
2556.0	2
2555.0	2
2580.0	1
2581.0	2
2918.0	3
2748.0	2
2557.0	2
2583.0	2
2920.0	2
1918.0	2
2582.0	2
2405.0	2
2221.0	2
2388.0	1
2407.0	4
2389.0	2
2242.0	7
2072.0	7
2406.0	2
2729.0	1
2905.0	5
2587.0	5
2730.0	7
1472.0	4
2117.0	8
2101.0	1
2395.0	1
1958.0	4
2437.0	4
1610.0	2
2609.0	2
2412.0	1
2774.0	1
2589.0	1
2270.0	2
2423.0	2
2246.0	2
2777.0	2
2590.0	2
2610.0	1
2778.0	2
2753.0	2
2414.0	1
2424.0	1
2425.0	1
2564.0	2
2779.0	1
2442.0	1
2623.0	2
2591.0	2
2743.0	1
2780.0	2
2415.0	2
2426.0	2
2781.0	2
2428.0	2
2427.0	2
2594.0	2
2593.0	2
2782.0	2
2783.0	2
2250.0	5
2627.0	2
2758.0	2
2416.0	2
2785.0	2
2595.0	2
2942.0	2
2418.0	2
2786.0	2
2943.0	2
2112.0	2
2927.0	2
2597.0	2
2596.0	2
2789.0	2
2430.0	1
1197.0	1
2420.0	2
2788.0	2
2746.0	5
2928.0	2
2612.0	2
2761.0	2
2143.0	1
2790.0	5
2598.0	2
2259.0	2
2433.0	2
2947.0	2
2599.0	2
2791.0	2
2930.0	5
2421.0	2
2422.0	2
2763.0	2
2614.0	2
2613.0	2
2601.0	2
2764.0	2
2948.0	2
2436.0	10
2615.0	2
2765.0	2
2616.0	6
2950.0	4
2766.0	2
2919.0	2
2922.0	5
2119.0	1
2632.0	6
2776.0	2
2622.0	5
2440.0	1
2441.0	5
2451.0	4
2131.0	2
2794.0	1
2129.0	10
1973.0	10
2284.0	7
2805.0	2
2443.0	5
2624.0	1
2807.0	5
2625.0	1
2288.0	10
2638.0	5
2795.0	10
2810.0	5
2292.0	8
2452.0	5
1645.0	1
935.0	6
2444.0	2
2796.0	5
2139.0	1
2445.0	1
2296.0	1
2294.0	7
2297.0	7
2446.0	5
1662.0	1
2631.0	1
2798.0	2
2458.0	4
2721.0	9
2464.0	8
1980.0	8
2657.0	7
3152.0	8
2649.0	4
2984.0	7
2462.0	8
3153.0	1
1515.0	6
2313.0	8
2312.0	1
2821.0	8
2480.0	1
2654.0	1
2149.0	4
2990.0	1
3007.0	8
2992.0	8
2824.0	9
2669.0	4
2180.0	9
2658.0	6
3163.0	5
1084.0	9
2473.0	1
2659.0	7
3332.0	5
2670.0	3
2492.0	1
2996.0	1
2474.0	1
2494.0	1
2828.0	1
2477.0	7
2495.0	1
3184.0	5
2998.0	1
2478.0	1
2829.0	1
3344.0	5
2327.0	1
2662.0	1
3166.0	5
2318.0	1
2174.0	1
2325.0	7
1999.0	2
2664.0	2
3186.0	5
3345.0	2
3336.0	5
3168.0	1
3034.0	5
3337.0	2
2845.0	1
3169.0	1
3017.0	1
3170.0	1
2844.0	1
2846.0	1
3189.0	1
3171.0	2
3188.0	2
3326.0	2
2849.0	1
3190.0	2
3019.0	2
2852.0	2
3172.0	7
3191.0	2
3006.0	5
3347.0	1
3192.0	3
3005.0	8
2851.0	10
3348.0	5
2701.0	4
2461.0	9
2887.0	6
3043.0	6
3044.0	6
2033.0	9
2678.0	6
2545.0	5
3026.0	6
2018.0	6
2859.0	8
2058.0	7
2706.0	6
2682.0	7
3204.0	10
3010.0	1
3028.0	7
3046.0	2
2841.0	1
3205.0	10
3357.0	2
3227.0	2
3047.0	2
3015.0	1
3048.0	2
3206.0	2
3358.0	2
3228.0	2
2861.0	2
3031.0	1
3387.0	2
3208.0	5
3032.0	1
2896.0	2
2879.0	2
3033.0	5
2529.0	1
3388.0	2
3229.0	2
3035.0	2
2881.0	2
3389.0	2
3209.0	2
3390.0	2
3036.0	2
3062.0	2
2692.0	2
3230.0	2
3391.0	2
2693.0	5
3232.0	2
3037.0	2
3038.0	2
3233.0	2
3212.0	1
2558.0	1
2698.0	1
3049.0	5
3214.0	5
2868.0	7
3369.0	5
3235.0	5
2719.0	7
2731.0	8
2362.0	10
3413.0	5
2409.0	4
1919.0	7
3402.0	5
3068.0	8
3403.0	5
1468.0	4
3240.0	5
3051.0	7
3241.0	1
3404.0	2
2735.0	1
3405.0	2
3254.0	1
2908.0	7
3242.0	2
3054.0	1
2738.0	1
2540.0	1
3070.0	2
2542.0	1
2889.0	2
2911.0	2
2723.0	3
1905.0	6
2215.0	1
3071.0	1
3257.0	2
3056.0	2
3059.0	1
3060.0	6
3223.0	2
3421.0	2
3061.0	5
3258.0	10
2704.0	2
3074.0	2
2912.0	2
3244.0	2
3073.0	2
3075.0	2
3260.0	2
2915.0	1
2895.0	2
2897.0	2
3248.0	2
3078.0	2
3094.0	5
3079.0	2
2899.0	2
2916.0	2
2900.0	2
3410.0	2
2901.0	2
2917.0	2
3063.0	2
3249.0	2
3428.0	10
3080.0	1
3250.0	2
2933.0	2
3081.0	2
3261.0	2
3064.0	2
2921.0	2
2903.0	2
2768.0	2
3082.0	2
2904.0	1
3430.0	5
3263.0	5
2924.0	5
3252.0	5
2923.0	1
3066.0	7
3065.0	5
2391.0	8
3084.0	8
2411.0	1
2608.0	4
1618.0	5
3280.0	5
2771.0	1
3452.0	1
1923.0	1
3101.0	2
2588.0	7
3292.0	2
3085.0	1
3102.0	2
3265.0	2
2754.0	1
2940.0	2
2939.0	2
2938.0	1
3456.0	2
3103.0	2
2396.0	1
3281.0	5
3087.0	2
3266.0	2
3121.0	2
3282.0	1
3088.0	5
3105.0	2
3106.0	2
3268.0	2
2941.0	2
2756.0	2
3458.0	2
2926.0	2
2954.0	2
3108.0	2
3269.0	2
3107.0	2
3089.0	2
3109.0	2
2955.0	2
3110.0	2
2759.0	2
3283.0	2
3090.0	2
3284.0	2
2797.0	2
3440.0	2
3274.0	4
2945.0	10
3111.0	2
3442.0	5
3285.0	1
3816.0	5
3091.0	2
3092.0	2
3286.0	2
3112.0	2
3093.0	2
2949.0	2
3465.0	2
3288.0	2
3095.0	2
3116.0	2
3445.0	2
3467.0	1
3275.0	2
3097.0	2
3468.0	5
3988.0	2
3276.0	2
3117.0	6
3447.0	2
2934.0	7
3098.0	7
2935.0	8
2802.0	8
3118.0	2
3119.0	2
2633.0	5
2620.0	3
2963.0	4
2953.0	2
2964.0	10
3120.0	2
3133.0	3
2808.0	1
3295.0	2
2285.0	5
2636.0	1
3135.0	2
2966.0	2
3123.0	1
3479.0	2
2626.0	5
3136.0	2
3296.0	2
3125.0	2
3304.0	2
3138.0	1
3306.0	2
2972.0	7
3481.0	2
2958.0	2
2957.0	5
794.0	9
2973.0	8
3298.0	7
2629.0	9
2630.0	5
2447.0	5
2295.0	1
3127.0	2
2304.0	8
2959.0	7
3128.0	3
3129.0	1
3299.0	5
3655.0	5
3656.0	0
3317.0	5
3316.0	7
3162.0	6
3319.0	5
3142.0	5
3491.0	2
3144.0	8
3493.0	8
3660.0	5
3487.0	8
2820.0	4
3165.0	1
2988.0	8
3146.0	8
3149.0	8
3323.0	5
3324.0	4
3495.0	2
3664.0	3
3496.0	1
3665.0	5
3878.0	5
3502.0	8
3669.0	0
2822.0	4
2886.0	9
3698.0	5
3331.0	2
3504.0	1
3701.0	2
3520.0	2
3866.0	10
2308.0	3
3333.0	1
3182.0	1
1076.0	9
3012.0	1
3868.0	5
3703.0	2
2840.0	1
3728.0	2
3343.0	1
2661.0	1
3523.0	1
3705.0	5
3679.0	1
3164.0	2
3508.0	1
3886.0	1
3335.0	1
3681.0	2
3682.0	1
2831.0	1
3870.0	10
2833.0	1
2832.0	1
3510.0	2
3708.0	2
3871.0	5
3684.0	2
3709.0	2
3511.0	2
3685.0	2
3710.0	2
3525.0	2
3872.0	2
3711.0	2
2848.0	1
3712.0	2
3686.0	1
3526.0	2
3889.0	1
3687.0	5
3018.0	2
3338.0	8
3346.0	1
3364.0	1
3527.0	2
3890.0	5
3529.0	5
3713.0	10
3371.0	8
3742.0	5
3349.0	5
3903.0	5
3351.0	9
2856.0	4
3719.0	6
3340.0	6
3376.0	7
3749.0	1
3380.0	2
3548.0	6
3533.0	6
3222.0	6
3202.0	6
3751.0	5
3522.0	10
3897.0	2
3534.0	5
3729.0	5
3535.0	5
3359.0	2
3536.0	10
3730.0	2
3361.0	2
3731.0	2
3362.0	2
3732.0	2
3916.0	2
3363.0	5
3917.0	2
3537.0	1
3554.0	10
3538.0	5
3756.0	2
3365.0	7
3757.0	2
3900.0	2
3919.0	5
3393.0	2
3539.0	2
3555.0	2
3901.0	2
3736.0	1
3392.0	1
3234.0	1
3397.0	1
3541.0	5
3734.0	5
3540.0	2
3556.0	5
3738.0	1
3215.0	5
3760.0	5
3557.0	5
3236.0	5
3542.0	7
3740.0	5
3560.0	3
2883.0	7
3559.0	3
3902.0	5
3741.0	8
3238.0	7
3401.0	8
3433.0	7
3940.0	3
3941.0	5
3765.0	2
2205.0	9
3415.0	5
1471.0	4
3926.0	5
3406.0	5
3069.0	5
3927.0	10
3255.0	5
3928.0	2
3417.0	2
3944.0	2
3418.0	7
2909.0	2
3243.0	1
3256.0	1
3574.0	2
3575.0	2
3057.0	1
3780.0	1
3565.0	2
3930.0	1
3769.0	2
3931.0	10
3547.0	2
3782.0	6
3932.0	2
3246.0	10
3423.0	2
3424.0	2
3444.0	10
4108.0	2
3783.0	5
3578.0	10
3426.0	2
3771.0	2
3427.0	2
3568.0	2
3579.0	10
3569.0	2
3784.0	5
3785.0	2
2096.0	1
3787.0	2
3948.0	2
3429.0	2
3580.0	2
3772.0	2
3949.0	2
3773.0	5
3581.0	2
3571.0	2
3582.0	2
3774.0	5
3788.0	5
3262.0	5
2715.0	8
3935.0	5
3776.0	5
836.0	9
3789.0	5
3584.0	5
3763.0	8
3588.0	7
3805.0	8
3290.0	8
3449.0	4
3610.0	5
3809.0	2
3794.0	1
3633.0	5
3590.0	2
3808.0	2
3591.0	2
3979.0	2
3611.0	5
3612.0	2
3470.0	3
3796.0	2
3613.0	2
3435.0	2
3453.0	2
3614.0	1
3615.0	2
3616.0	2
3811.0	2
3618.0	2
3617.0	2
3619.0	2
3437.0	2
3812.0	5
3959.0	5
3813.0	2
3594.0	2
3960.0	2
3438.0	2
3620.0	2
3593.0	10
3832.0	2
3814.0	2
3797.0	2
3596.0	10
3595.0	2
3459.0	2
3815.0	2
4138.0	5
3621.0	2
2969.0	3
3622.0	10
3597.0	5
3462.0	2
3984.0	5
3464.0	5
3962.0	10
3817.0	5
3624.0	2
3113.0	3
3599.0	10
3964.0	5
3839.0	5
3819.0	2
3601.0	10
3602.0	5
3625.0	2
3626.0	10
3968.0	5
3967.0	10
3603.0	2
3969.0	2
3989.0	2
3604.0	5
3605.0	2
3800.0	2
3099.0	8
3970.0	5
3607.0	5
3971.0	5
3974.0	5
3828.0	2
3471.0	2
3472.0	1
3635.0	1
3829.0	2
3478.0	4
3294.0	7
3992.0	5
3644.0	5
3310.0	8
3831.0	1
3848.0	5
3849.0	5
3482.0	7
3134.0	2
3652.0	5
3645.0	5
3646.0	5
3994.0	2
3850.0	5
3851.0	10
3647.0	5
3484.0	8
3836.0	1
3126.0	7
3308.0	8
924.0	9
3837.0	1
3997.0	10
3475.0	2
3998.0	5
3999.0	2
4506.0	2
4000.0	5
3300.0	5
3841.0	7
4019.0	5
2460.0	9
3313.0	7
4186.0	5
4524.0	5
4188.0	10
4012.0	5
4189.0	5
4013.0	3
4357.0	7
3678.0	8
4031.0	10
4014.0	5
4362.0	5
4015.0	5
3666.0	3
4380.0	7
3512.0	7
4036.0	8
4192.0	8
3320.0	9
4193.0	7
4017.0	5
3881.0	6
3863.0	9
4194.0	7
3883.0	6
4020.0	5
3225.0	9
3697.0	6
3726.0	6
4215.0	5
3503.0	9
2838.0	9
4025.0	5
3885.0	1
2524.0	6
4197.0	10
4216.0	2
4396.0	5
3700.0	5
4043.0	2
4198.0	5
3507.0	2
1077.0	9
3702.0	6
3506.0	4
4199.0	10
4027.0	5
2319.0	4
3869.0	2
4029.0	2
4374.0	2
3887.0	2
4375.0	2
4200.0	2
4219.0	2
4221.0	2
4222.0	2
3689.0	2
4377.0	1
4030.0	2
4032.0	2
4045.0	2
3888.0	1
4220.0	2
4046.0	2
3875.0	3
4381.0	2
4223.0	5
4201.0	10
4225.0	5
4202.0	5
4226.0	5
3891.0	5
4227.0	5
4033.0	4
4034.0	10
4228.0	5
4229.0	5
3714.0	4
3372.0	7
4065.0	5
4244.0	5
3877.0	3
3778.0	9
3384.0	9
4049.0	5
3905.0	9
4403.0	5
3906.0	2
3717.0	6
3907.0	5
4234.0	6
3531.0	6
3909.0	2
3911.0	6
3912.0	6
3895.0	6
4411.0	5
4057.0	2
3898.0	10
4059.0	2
3899.0	1
4430.0	2
4238.0	2
4237.0	5
3918.0	2
4431.0	2
4239.0	5
4252.0	2
4078.0	10
4060.0	2
4432.0	2
4079.0	2
4061.0	1
4434.0	5
3735.0	1
4062.0	5
4047.0	7
4254.0	8
4082.0	5
4063.0	5
4241.0	5
4255.0	5
3920.0	9
4101.0	7
3761.0	3
4415.0	5
3739.0	5
4242.0	5
3937.0	7
4258.0	5
4416.0	5
3373.0	4
4104.0	5
4277.0	5
3942.0	5
4457.0	5
3416.0	8
4263.0	5
4458.0	5
4085.0	2
4086.0	10
4300.0	10
4106.0	2
4278.0	2
4107.0	5
4265.0	10
4088.0	2
3768.0	2
1901.0	4
4267.0	2
3600.0	9
4281.0	2
3786.0	2
4094.0	5
4270.0	2
4095.0	2
4284.0	2
4309.0	2
4465.0	2
4447.0	2
4271.0	10
4466.0	5
4285.0	5
4110.0	5
4098.0	5
4287.0	5
4111.0	5
4448.0	5
4468.0	5
4272.0	5
3951.0	5
4112.0	5
4288.0	3
4289.0	5
3952.0	5
4450.0	5
4273.0	3
4469.0	5
3953.0	5
971.0	9
3583.0	7
4451.0	3
4292.0	7
4113.0	7
3936.0	8
4295.0	7
4298.0	5
3632.0	8
4473.0	10
4316.0	10
4130.0	2
4131.0	5
4481.0	2
4117.0	5
4301.0	2
4475.0	2
4482.0	1
4132.0	5
2228.0	8
4133.0	3
4303.0	2
4156.0	2
4477.0	2
4317.0	2
4134.0	2
4318.0	2
4487.0	2
4488.0	2
4135.0	5
4161.0	2
4304.0	2
4489.0	2
4305.0	2
4162.0	10
4490.0	10
4136.0	2
4492.0	10
4491.0	2
4137.0	2
3983.0	5
4164.0	2
4493.0	10
4139.0	5
4122.0	10
4320.0	10
4140.0	10
4494.0	5
4322.0	10
3985.0	5
4321.0	5
4495.0	5
4144.0	5
4143.0	2
4650.0	2
4145.0	5
4123.0	10
4147.0	2
4323.0	10
3987.0	10
4310.0	10
4326.0	10
4149.0	5
4496.0	2
4311.0	2
4150.0	5
4478.0	5
3131.0	8
4479.0	5
3972.0	5
4327.0	5
4313.0	10
3973.0	8
4329.0	4
4154.0	1
4330.0	2
4002.0	1
4332.0	2
4157.0	4
3847.0	4
4160.0	2
4501.0	7
4163.0	10
4005.0	5
4336.0	5
4335.0	7
3137.0	1
4502.0	6
4337.0	5
3852.0	5
4006.0	3
3996.0	3
4341.0	5
4338.0	5
4342.0	8
4167.0	5
3297.0	9
4504.0	5
4505.0	5
4168.0	5
4169.0	5
4008.0	8
4347.0	5
4170.0	1
3840.0	8
4171.0	5
4523.0	0
4261.0	9
3653.0	8
4525.0	5
4181.0	4
4355.0	7
4680.0	5
4838.0	5
4518.0	8
4182.0	4
4676.0	7
2987.0	4
5004.0	7
4840.0	5
4677.0	8
4841.0	5
4361.0	10
3494.0	8
4681.0	5
4363.0	8
4683.0	3
4699.0	7
4690.0	7
4848.0	3
4391.0	6
4536.0	5
4869.0	10
3896.0	9
4713.0	7
4833.0	9
4553.0	5
3659.0	9
3915.0	9
2818.0	4
4714.0	10
4397.0	10
4555.0	5
4538.0	6
4398.0	6
5033.0	2
4851.0	5
4852.0	2
4879.0	2
4697.0	2
4557.0	5
4376.0	2
4843.0	2
4880.0	5
4378.0	3
4881.0	10
4561.0	2
5037.0	5
4539.0	2
4854.0	2
4379.0	2
4560.0	2
4882.0	2
4540.0	1
4698.0	2
4727.0	2
4541.0	10
4414.0	10
4563.0	5
4562.0	5
4564.0	5
4231.0	3
4544.0	3
4418.0	7
4203.0	4
4716.0	7
4706.0	9
4517.0	9
3551.0	9
4732.0	6
4719.0	5
4888.0	10
4249.0	9
4423.0	6
4071.0	3
4611.0	6
4915.0	6
4753.0	7
4570.0	2
4754.0	2
4617.0	2
4896.0	2
4571.0	10
4592.0	2
4756.0	10
4729.0	10
4755.0	5
4435.0	10
4728.0	5
4575.0	5
4726.0	5
5075.0	5
4897.0	10
5124.0	10
4780.0	5
4594.0	5
4759.0	10
4898.0	7
4577.0	5
4757.0	5
4595.0	10
4574.0	5
4596.0	5
5101.0	5
4760.0	10
4576.0	5
4597.0	5
4580.0	4
4761.0	7
4438.0	8
4437.0	4
4116.0	7
4790.0	7
4471.0	8
4791.0	5
1001.0	9
4463.0	9
4765.0	1
4474.0	6
4767.0	9
4738.0	6
4927.0	6
4929.0	6
3913.0	6
4428.0	6
4616.0	9
4933.0	10
4934.0	6
4627.0	2
4776.0	10
4467.0	10
4618.0	2
4777.0	10
4785.0	10
4945.0	2
4778.0	10
4626.0	5
4449.0	5
4470.0	8
4946.0	5
4786.0	5
4628.0	5
5144.0	5
4779.0	10
4938.0	5
4787.0	5
4314.0	5
4290.0	7
4939.0	5
4620.0	5
80.0	9
4639.0	3
5826.0	3
4622.0	7
4621.0	4
4629.0	8
4951.0	7
4952.0	7
4962.0	8
4964.0	5
4480.0	8
4630.0	5
4953.0	7
4640.0	0
4631.0	10
4792.0	5
4643.0	2
4633.0	5
4632.0	10
4965.0	2
4793.0	10
4476.0	10
4642.0	2
4966.0	2
4967.0	2
4794.0	5
4485.0	2
4803.0	7
5151.0	9
4646.0	2
4805.0	5
4806.0	2
4972.0	10
4647.0	2
4648.0	10
4819.0	4
4807.0	5
4974.0	5
4975.0	10
4808.0	2
3838.0	1
4978.0	5
4649.0	10
4652.0	10
4821.0	5
4979.0	10
4635.0	5
4654.0	2
5175.0	5
4655.0	3
4324.0	4
4636.0	3
4796.0	5
4812.0	10
4810.0	5
4656.0	5
4947.0	8
4637.0	5
4957.0	5
4788.0	5
4509.0	8
4001.0	4
4333.0	1
4817.0	3
4663.0	4
4664.0	10
4349.0	4
4665.0	10
5193.0	5
4818.0	10
4670.0	5
4176.0	4
4985.0	5
4986.0	3
4512.0	3
4826.0	5
4827.0	7
4987.0	5
4997.0	7
1963.0	5
5196.0	5
4820.0	5
4988.0	5
4828.0	5
4179.0	4
4507.0	5
4346.0	4
4989.0	5
4990.0	10
4830.0	5
4172.0	3
4991.0	5
4822.0	5
4508.0	5
4992.0	5
5218.0	8
5449.0	7
5219.0	7
5009.0	7
5220.0	7
5011.0	8
3318.0	7
5444.0	8
5214.0	5
5445.0	5
5229.0	10
5215.0	5
5001.0	8
5446.0	5
5230.0	5
5002.0	3
4831.0	7
5016.0	5
5217.0	7
5005.0	8
5455.0	5
5448.0	0
5018.0	5
5456.0	7
5006.0	8
5250.0	2
4682.0	8
4853.0	3
3715.0	8
5044.0	5
5049.0	7
4859.0	7
5257.0	0
5261.0	6
4870.0	6
4868.0	5
4693.0	9
4537.0	6
5088.0	6
5469.0	6
5496.0	6
5065.0	6
5067.0	1
4625.0	9
5269.0	9
5303.0	9
5247.0	2
5069.0	5
5271.0	2
5472.0	2
5705.0	2
5249.0	2
5732.0	2
5251.0	2
5500.0	2
5272.0	2
5474.0	2
5275.0	2
5276.0	2
5038.0	5
5274.0	2
5277.0	2
5073.0	2
5278.0	2
5253.0	10
5280.0	2
5503.0	2
5039.0	7
5040.0	5
5279.0	10
5254.0	5
5506.0	3
5041.0	5
5077.0	3
5078.0	5
5736.0	1
5079.0	5
5476.0	0
5042.0	7
5080.0	7
5507.0	3
5283.0	5
5043.0	8
5074.0	5
5307.0	7
5740.0	7
4885.0	8
5344.0	5
5534.0	5
5260.0	9
5015.0	9
5511.0	5
4584.0	6
5084.0	6
5316.0	6
5544.0	6
4909.0	6
5325.0	5
5522.0	6
5546.0	6
5750.0	6
4892.0	6
5330.0	6
5094.0	6
5332.0	6
5300.0	2
5554.0	1
5776.0	7
4774.0	6
5529.0	2
5757.0	10
5304.0	1
5555.0	2
5337.0	2
5123.0	2
5338.0	2
5099.0	10
5125.0	5
5336.0	10
5557.0	5
5339.0	5
5556.0	5
5100.0	5
5532.0	10
5341.0	5
5340.0	5
5531.0	5
5305.0	5
5102.0	5
5533.0	7
4455.0	8
5128.0	8
5558.0	5
5343.0	5
5345.0	5
5346.0	5
5805.0	5
5366.0	5
5129.0	9
5382.0	2
5379.0	9
5131.0	6
5148.0	9
4601.0	9
5564.0	6
5134.0	6
5149.0	9
5350.0	5
4087.0	6
5152.0	9
5796.0	1
5594.0	5
5572.0	3
5595.0	1
5596.0	10
5141.0	2
5358.0	4
5361.0	10
4944.0	3
5598.0	2
5143.0	5
5581.0	10
5363.0	10
4619.0	10
5370.0	5
5384.0	5
5599.0	10
5801.0	10
5584.0	5
5386.0	5
4452.0	4
5825.0	10
5153.0	5
5145.0	5
5585.0	5
4948.0	5
5372.0	3
5373.0	5
4950.0	4
5157.0	0
5389.0	5
5390.0	7
5166.0	0
4961.0	8
5604.0	5
4954.0	7
5165.0	7
4660.0	0
5615.0	6
5833.0	5
5158.0	10
5381.0	9
4955.0	2
5617.0	2
5619.0	10
5620.0	2
5391.0	2
5392.0	10
5169.0	3
5624.0	2
5394.0	3
5397.0	5
4969.0	10
5172.0	10
5398.0	5
5626.0	5
5627.0	5
5401.0	5
5402.0	5
5629.0	10
5424.0	8
5630.0	5
5405.0	5
5631.0	10
5173.0	5
5632.0	5
5633.0	5
5634.0	10
5406.0	5
5635.0	5
5637.0	5
5176.0	2
5636.0	10
5200.0	5
5639.0	5
5407.0	2
4813.0	3
5608.0	10
5431.0	1
5179.0	3
4815.0	7
5178.0	8
5385.0	5
5409.0	7
5180.0	8
5161.0	3
5611.0	5
5612.0	5
5412.0	8
4968.0	1
5417.0	10
5655.0	0
5185.0	7
5183.0	2
5418.0	5
5186.0	5
5419.0	5
5862.0	3
5204.0	5
5187.0	2
5205.0	7
5662.0	5
5435.0	5
5188.0	3
5436.0	5
5189.0	10
5663.0	5
5421.0	3
4998.0	7
5864.0	2
5194.0	5
4995.0	8
5422.0	5
5404.0	2
5664.0	7
5195.0	5
5206.0	5
5665.0	7
5666.0	8
5207.0	7
5437.0	8
5208.0	5
5197.0	5
5438.0	5
5650.0	5
5198.0	5
5651.0	10
5426.0	5
5652.0	2
5427.0	5
5428.0	10
5653.0	5
5202.0	5
5676.0	8
5028.0	7
5467.0	5
6140.0	5
5014.0	9
6142.0	5
5888.0	5
5673.0	5
6145.0	5
6146.0	5
5680.0	9
5889.0	7
5895.0	7
6161.0	2
5894.0	5
5003.0	4
6162.0	2
5890.0	5
6163.0	6
5896.0	2
5898.0	5
6166.0	5
5900.0	1
5901.0	5
5902.0	7
5903.0	1
5690.0	1
5689.0	7
6400.0	1
6172.0	10
6149.0	6
5234.0	6
5904.0	8
6156.0	3
6151.0	6
6155.0	0
5457.0	8
5286.0	8
4858.0	5
5909.0	8
4206.0	8
5697.0	6
4692.0	7
5221.0	7
5719.0	6
5940.0	6
5244.0	9
5729.0	6
5947.0	3
6464.0	2
5225.0	9
2193.0	9
5948.0	1
5950.0	2
4832.0	9
5899.0	1
6468.0	9
5915.0	9
4850.0	9
6436.0	2
5703.0	2
6186.0	5
5955.0	2
5957.0	2
5733.0	2
6187.0	2
5273.0	1
5734.0	2
5501.0	2
6223.0	2
5958.0	2
5475.0	3
5502.0	1
5708.0	1
5504.0	10
5505.0	5
6191.0	5
5530.0	10
5959.0	3
5737.0	5
5738.0	5
5759.0	5
6224.0	10
6225.0	5
5960.0	2
5284.0	8
6017.0	5
6262.0	5
6018.0	5
2363.0	7
5514.0	6
6518.0	6
5996.0	6
5998.0	6
5567.0	6
5973.0	6
6247.0	2
6006.0	9
5574.0	6
5979.0	1
5552.0	6
5980.0	1
6007.0	5
5755.0	5
5778.0	1
5780.0	6
5779.0	5
4752.0	9
5270.0	9
6008.0	10
5985.0	5
4936.0	8
6529.0	2
5986.0	2
5984.0	1
6530.0	1
5988.0	2
6280.0	10
6510.0	1
6253.0	2
5989.0	2
6010.0	1
6281.0	2
5782.0	2
6011.0	2
6532.0	2
5758.0	2
6254.0	2
6014.0	5
5335.0	10
6282.0	5
5990.0	5
5761.0	5
6257.0	2
6258.0	0
6536.0	5
5762.0	8
6016.0	10
5342.0	10
6286.0	7
5783.0	7
6261.0	7
6288.0	7
5807.0	3
5785.0	10
6041.0	7
5588.0	5
5786.0	5
5806.0	5
5808.0	5
6310.0	5
5365.0	9
6313.0	5
5832.0	5
5809.0	1
5810.0	7
1911.0	9
1418.0	9
5812.0	5
5287.0	9
5811.0	1
5814.0	2
6576.0	2
6045.0	2
4900.0	9
6265.0	6
5791.0	6
6331.0	5
6580.0	1
6044.0	9
6021.0	2
6023.0	5
6025.0	2
6024.0	5
5563.0	9
6295.0	2
5792.0	1
6049.0	1
6029.0	5
6032.0	9
6030.0	3
5794.0	2
5569.0	4
5822.0	5
5797.0	9
5568.0	4
5823.0	6
5798.0	1
6033.0	6
6079.0	2
5576.0	5
5368.0	6
4935.0	6
5579.0	6
5800.0	2
6038.0	2
6039.0	1
6050.0	2
6304.0	2
6052.0	2
5839.0	5
6305.0	10
5803.0	10
6051.0	10
5586.0	1
6321.0	5
5802.0	5
6056.0	10
6054.0	5
6322.0	10
6569.0	5
6323.0	7
5844.0	7
6084.0	3
6613.0	7
6326.0	5
6328.0	5
5831.0	7
5845.0	6
6347.0	7
6348.0	5
6063.0	5
6086.0	5
6330.0	5
5834.0	5
6349.0	2
5861.0	7
6065.0	1
6064.0	5
5644.0	6
6333.0	7
6332.0	5
6066.0	5
6067.0	5
6350.0	9
6334.0	7
5393.0	10
5621.0	3
5623.0	2
5622.0	2
6072.0	2
6624.0	1
6352.0	2
5646.0	2
6600.0	2
6116.0	2
6075.0	10
6073.0	2
5853.0	2
6076.0	6
5852.0	10
4930.0	8
6088.0	2
6077.0	5
6089.0	5
6339.0	5
6091.0	5
6603.0	2
6090.0	5
6340.0	2
5855.0	5
6092.0	10
5868.0	5
6358.0	10
6385.0	5
6096.0	10
6093.0	2
6094.0	10
6098.0	2
5856.0	2
6605.0	2
6099.0	2
6129.0	2
5408.0	7
6360.0	2
5858.0	4
6606.0	5
6101.0	3
6080.0	2
5840.0	10
6585.0	2
6341.0	10
6081.0	5
6342.0	5
6102.0	3
6055.0	5
5841.0	3
6388.0	8
6107.0	8
6366.0	5
6368.0	7
6372.0	7
6111.0	6
6351.0	8
6113.0	5
5851.0	1
5659.0	5
6133.0	8
5645.0	2
6114.0	3
5660.0	7
5863.0	7
6117.0	5
6373.0	7
5647.0	2
5876.0	5
6120.0	3
6392.0	5
5865.0	2
5877.0	5
5628.0	2
6121.0	7
6375.0	5
6122.0	2
5866.0	7
5878.0	5
5879.0	3
6382.0	2
6380.0	5
6381.0	8
5880.0	5
6630.0	10
6384.0	5
6126.0	2
6123.0	8
5869.0	7
6386.0	2
5870.0	5
6387.0	3
7097.0	2
5887.0	1
5429.0	5
6646.0	2
6127.0	2
6128.0	2
5670.0	8
6130.0	3
6407.0	0
5675.0	5
6682.0	7
6397.0	8
5223.0	7
7149.0	7
6658.0	7
6398.0	10
6663.0	5
6144.0	8
6432.0	6
6399.0	10
5685.0	9
6684.0	8
6147.0	7
6914.0	2
5892.0	2
6931.0	2
5674.0	8
6685.0	2
6164.0	5
6414.0	5
6915.0	1
6667.0	2
6918.0	7
6934.0	7
6666.0	1
6932.0	1
6688.0	1
6692.0	1
6670.0	6
6936.0	1
6669.0	1
6690.0	1
6693.0	7
6938.0	7
6920.0	6
6403.0	6
6940.0	7
6674.0	3
6694.0	6
6441.0	8
5710.0	5
6738.0	7
5908.0	7
7173.0	7
5693.0	7
4040.0	6
6700.0	7
6946.0	7
6203.0	6
6728.0	6
5910.0	7
6701.0	6
5932.0	6
6460.0	6
6703.0	2
6213.0	6
6276.0	9
6463.0	1
7200.0	5
6979.0	2
5726.0	1
6980.0	3
6465.0	1
6466.0	1
6731.0	6
6500.0	2
6434.0	5
5224.0	9
6467.0	5
6215.0	6
6435.0	1
6416.0	2
6217.0	6
6420.0	9
6953.0	3
6706.0	10
6707.0	2
6954.0	2
6955.0	2
6709.0	1
6710.0	1
7205.0	5
6711.0	1
6170.0	7
6250.0	2
6956.0	2
6734.0	1
6957.0	9
6509.0	2
5987.0	2
6472.0	2
6751.0	2
6937.0	1
6925.0	6
6473.0	2
6984.0	2
5905.0	8
6474.0	2
5735.0	3
7208.0	2
6475.0	2
5923.0	8
6476.0	1
6736.0	5
6695.0	8
6255.0	3
6986.0	5
6479.0	10
6478.0	5
6737.0	5
6757.0	8
6514.0	3
6759.0	7
6481.0	3
7235.0	5
2361.0	7
6791.0	2
4048.0	7
6517.0	2
6485.0	6
6234.0	6
5769.0	6
6727.0	6
6523.0	9
6768.0	6
5999.0	6
5974.0	6
6028.0	6
5356.0	9
6275.0	6
7224.0	1
6997.0	6
6301.0	9
7021.0	1
5751.0	1
7023.0	1
6248.0	3
7025.0	5
5953.0	6
5754.0	6
6779.0	6
5753.0	9
5524.0	9
6528.0	9
5983.0	5
6747.0	2
2334.0	9
6781.0	2
7029.0	1
6782.0	2
6222.0	6
6735.0	2
7030.0	1
6750.0	2
6531.0	1
7031.0	2
6251.0	2
7005.0	2
6252.0	2
6784.0	2
6533.0	2
6284.0	1
6753.0	2
6754.0	2
6535.0	5
6756.0	7
6513.0	7
6787.0	5
6537.0	10
6538.0	5
6287.0	8
7265.0	2
6542.0	5
6540.0	8
6572.0	5
6060.0	8
7063.0	5
6573.0	5
7292.0	5
6823.0	5
7064.0	7
6595.0	5
6314.0	3
5842.0	8
6575.0	5
6809.0	10
6793.0	2
5561.0	6
6810.0	2
7037.0	2
6578.0	2
6597.0	2
6796.0	1
6811.0	1
6577.0	2
6579.0	2
6765.0	5
6798.0	3
6550.0	2
6317.0	6
6552.0	2
6553.0	2
5562.0	9
6554.0	1
6294.0	1
6293.0	10
6047.0	6
5820.0	9
6581.0	1
5793.0	6
7045.0	2
6558.0	6
6812.0	9
7048.0	2
6302.0	9
7278.0	1
6561.0	6
5353.0	9
6278.0	6
6815.0	2
7053.0	9
4932.0	9
2520.0	9
6566.0	9
5334.0	9
5359.0	9
6009.0	8
6582.0	2
7299.0	2
6808.0	2
6587.0	2
7068.0	2
7057.0	2
6584.0	2
6583.0	2
6817.0	10
7060.0	2
7300.0	10
6568.0	5
7059.0	10
6307.0	10
6588.0	10
7071.0	5
7061.0	5
7288.0	3
7289.0	5
6818.0	5
7290.0	3
7303.0	5
7711.0	3
7514.0	3
5827.0	8
6829.0	7
6594.0	5
7072.0	5
6822.0	5
6867.0	7
6830.0	7
6824.0	5
7084.0	8
6831.0	5
6614.0	5
6868.0	6
6617.0	6
6616.0	5
6825.0	5
7105.0	6
6621.0	3
7085.0	2
7073.0	5
6623.0	6
6619.0	2
6620.0	7
7306.0	1
6826.0	1
7074.0	5
7308.0	7
6838.0	10
6837.0	2
6335.0	6
6353.0	2
5818.0	9
6839.0	2
6841.0	5
6840.0	2
2517.0	9
6626.0	10
6844.0	5
6625.0	2
2044.0	9
4603.0	9
6627.0	2
7090.0	10
6878.0	2
6628.0	2
7093.0	2
6851.0	10
7076.0	5
7094.0	10
6852.0	5
7077.0	10
7095.0	2
7096.0	5
6884.0	2
6854.0	10
6855.0	10
6604.0	5
6856.0	10
6827.0	10
6633.0	2
6858.0	7
5640.0	4
6859.0	2
7099.0	3
5859.0	1
6860.0	7
7070.0	10
6586.0	5
6608.0	3
7080.0	3
6607.0	5
7119.0	0
6648.0	7
7121.0	0
6647.0	7
7129.0	7
7143.0	8
6892.0	8
7131.0	7
6861.0	6
6651.0	7
6898.0	7
6085.0	7
7103.0	7
6870.0	6
6371.0	6
6115.0	1
6641.0	2
7108.0	2
6842.0	5
6642.0	5
6873.0	8
6118.0	5
6874.0	2
7334.0	10
6654.0	5
6875.0	7
6374.0	10
6643.0	7
6905.0	8
6876.0	2
7138.0	7
6377.0	10
6378.0	2
6879.0	10
6644.0	8
6880.0	2
6882.0	5
6883.0	2
6881.0	5
6885.0	5
6645.0	2
6655.0	7
6886.0	2
6908.0	10
7340.0	5
7364.0	8
6927.0	7
7374.0	7
2017.0	9
5701.0	9
7596.0	5
6668.0	6
7155.0	6
7597.0	3
7610.0	2
7165.0	2
7376.0	1
7393.0	5
7389.0	3
7154.0	1
7380.0	6
7598.0	5
7167.0	5
7796.0	1
7377.0	1
7392.0	1
6672.0	6
7384.0	7
7383.0	5
7157.0	7
7397.0	0
7170.0	8
7158.0	7
6445.0	7
7186.0	5
5711.0	5
6719.0	7
7161.0	7
6194.0	7
6698.0	7
7817.0	5
7645.0	7
7190.0	10
7422.0	1
7417.0	5
7423.0	3
6746.0	9
7621.0	1
7623.0	5
7425.0	5
7199.0	2
7626.0	5
6973.0	5
7628.0	3
7627.0	1
7225.0	9
6976.0	10
6977.0	5
6978.0	5
6951.0	6
7448.0	3
7179.0	2
7403.0	3
7826.0	2
7404.0	2
7427.0	9
7203.0	2
7406.0	2
7827.0	2
5949.0	9
7408.0	2
7428.0	2
7407.0	1
7807.0	2
7181.0	1
7166.0	2
7629.0	5
7630.0	2
7206.0	6
7631.0	1
6691.0	1
7430.0	1
7409.0	3
7182.0	1
7828.0	1
7394.0	5
7641.0	7
7840.0	1
6983.0	5
7432.0	1
7210.0	3
7813.0	8
7184.0	2
7642.0	5
6985.0	2
7433.0	3
7411.0	6
7209.0	5
7842.0	2
7457.0	2
7643.0	7
6480.0	8
7843.0	6
7659.0	8
7234.0	7
7459.0	7
3023.0	7
6484.0	7
7846.0	2
7268.0	5
7014.0	7
7875.0	2
7439.0	1
7214.0	10
7215.0	1
7016.0	2
7239.0	3
6795.0	2
6771.0	9
6990.0	6
7663.0	2
7466.0	6
7465.0	6
6969.0	6
7468.0	2
6994.0	6
7648.0	6
7446.0	6
6995.0	6
7445.0	1
7444.0	2
7669.0	2
7249.0	2
7447.0	2
7673.0	1
7251.0	2
7674.0	6
7252.0	2
7650.0	2
7253.0	2
7652.0	1
7451.0	9
7675.0	2
7653.0	9
7228.0	3
4751.0	9
6780.0	9
7001.0	9
2309.0	9
7477.0	2
7284.0	2
7678.0	2
7655.0	2
7257.0	2
7654.0	2
7692.0	2
6511.0	2
7478.0	2
7865.0	1
7258.0	2
7866.0	10
7455.0	5
7260.0	2
7231.0	2
7495.0	2
7285.0	2
7480.0	3
7868.0	1
7261.0	2
7679.0	1
6785.0	10
7263.0	2
7233.0	7
6570.0	8
7910.0	5
5589.0	9
7703.0	2
7716.0	2
7519.0	5
6549.0	5
7704.0	2
6797.0	10
7705.0	2
7294.0	2
7269.0	5
7718.0	2
6551.0	6
6547.0	9
6020.0	9
7244.0	3
7040.0	9
7684.0	3
7485.0	2
7898.0	3
7309.0	6
7273.0	1
6813.0	6
7296.0	3
7897.0	2
7041.0	1
7274.0	2
5566.0	9
7487.0	2
7276.0	2
7685.0	6
7490.0	2
7488.0	6
7900.0	2
7254.0	6
7280.0	6
7689.0	2
7902.0	2
7282.0	6
7919.0	9
7904.0	2
7905.0	2
7920.0	2
7691.0	2
7921.0	1
7507.0	2
7693.0	5
7709.0	1
7494.0	2
7496.0	1
7302.0	10
7511.0	2
7695.0	2
7907.0	2
7510.0	4
7696.0	3
7512.0	2
7497.0	2
7498.0	7
6610.0	0
7715.0	5
7531.0	7
7516.0	5
7926.0	5
7517.0	5
7534.0	5
7533.0	7
7104.0	5
7733.0	7
7535.0	7
7731.0	7
7717.0	7
7330.0	5
6336.0	9
7307.0	10
7735.0	7
7317.0	5
7927.0	7
7719.0	7
7538.0	7
7738.0	7
7087.0	5
6338.0	10
7739.0	3
5133.0	9
6843.0	10
7764.0	10
7089.0	2
7740.0	1
7540.0	5
5351.0	9
7310.0	3
7741.0	10
7522.0	2
7541.0	10
4769.0	9
7742.0	2
7321.0	2
7523.0	6
7524.0	2
7322.0	2
7744.0	1
7932.0	5
7722.0	2
7745.0	2
7953.0	3
7724.0	2
7542.0	10
7955.0	3
7746.0	3
7725.0	2
7525.0	2
7312.0	0
7935.0	10
7323.0	4
7313.0	2
7315.0	2
7324.0	1
6887.0	3
7314.0	2
7727.0	3
7327.0	3
7325.0	5
7957.0	7
7750.0	2
7545.0	7
7751.0	5
7115.0	3
7528.0	5
7326.0	7
7728.0	5
7100.0	7
7752.0	5
7101.0	8
7529.0	5
7753.0	8
7082.0	7
7130.0	7
7332.0	6
7736.0	9
7757.0	8
7318.0	8
7320.0	8
7333.0	2
7961.0	5
7553.0	3
7963.0	8
7556.0	2
7765.0	10
7766.0	10
7109.0	5
6393.0	0
7361.0	0
7767.0	2
7338.0	2
7578.0	8
7974.0	7
7768.0	2
7783.0	5
7362.0	10
7139.0	3
7559.0	3
7339.0	2
7770.0	3
7772.0	2
7343.0	7
8149.0	5
7603.0	3
8151.0	2
8353.0	5
7984.0	5
8354.0	2
8156.0	5
8155.0	5
7589.0	8
8158.0	5
7590.0	5
7150.0	0
7986.0	9
6411.0	9
6947.0	9
7594.0	3
8148.0	3
7805.0	2
7806.0	2
7990.0	2
7982.0	8
7390.0	10
8161.0	2
7808.0	2
7809.0	5
8162.0	5
7600.0	1
7795.0	6
7834.0	7
8173.0	5
8174.0	5
7399.0	8
8010.0	5
8362.0	10
7400.0	7
8375.0	5
7833.0	7
7996.0	7
7995.0	5
8013.0	2
7193.0	4
7220.0	6
7822.0	2
6963.0	3
7823.0	6
7624.0	4
8182.0	2
7625.0	5
7401.0	6
6945.0	9
7837.0	3
7825.0	10
7639.0	3
8209.0	2
7402.0	6
6180.0	9
8385.0	1
6950.0	9
6216.0	9
6182.0	9
8037.0	3
8187.0	9
5728.0	9
8170.0	2
8171.0	2
8021.0	1
7858.0	9
8001.0	2
8023.0	2
7810.0	1
8004.0	2
8394.0	3
7614.0	5
8003.0	1
8024.0	9
5913.0	9
7811.0	5
7812.0	2
7829.0	2
6749.0	1
7993.0	3
7863.0	1
7431.0	9
7841.0	4
8005.0	8
7436.0	5
7660.0	8
8195.0	5
7874.0	5
8028.0	5
8405.0	5
8374.0	5
7701.0	9
6764.0	6
7462.0	5
7015.0	4
7189.0	2
7440.0	1
7219.0	6
8046.0	2
8231.0	1
8047.0	2
8048.0	2
7636.0	6
8425.0	1
8233.0	6
8205.0	2
8207.0	2
7486.0	6
7855.0	1
7670.0	6
7474.0	6
8210.0	1
7449.0	1
8212.0	2
7671.0	2
8413.0	2
8053.0	1
8054.0	2
8416.0	2
8038.0	9
8415.0	2
8241.0	2
8243.0	2
8056.0	1
8215.0	2
8216.0	1
8039.0	9
8242.0	2
8057.0	9
8418.0	2
7861.0	2
8060.0	2
8248.0	1
8061.0	2
8276.0	2
7888.0	2
8062.0	2
8249.0	2
8220.0	3
8065.0	2
8066.0	3
8250.0	1
7867.0	2
8251.0	10
7889.0	2
8439.0	2
8027.0	10
8441.0	2
8440.0	2
8088.0	2
7869.0	1
7870.0	2
7890.0	3
8067.0	2
7481.0	6
8089.0	7
8254.0	7
7892.0	6
5377.0	9
7925.0	4
7011.0	9
6989.0	9
5537.0	9
7238.0	6
7013.0	9
7682.0	2
7914.0	9
7706.0	9
8227.0	3
8091.0	7
8262.0	9
7503.0	9
8287.0	9
7707.0	9
8263.0	5
8264.0	9
8050.0	10
8450.0	1
8094.0	9
8093.0	1
8451.0	2
8471.0	10
7668.0	1
8078.0	2
8079.0	1
8288.0	2
7917.0	9
8096.0	2
8097.0	2
8474.0	2
8083.0	6
8268.0	6
8082.0	6
8271.0	6
8457.0	6
6806.0	9
7677.0	6
8290.0	2
7493.0	2
8656.0	2
8291.0	2
8292.0	2
8311.0	2
8277.0	2
8293.0	2
8114.0	2
7906.0	1
8296.0	10
8085.0	2
8279.0	2
8086.0	3
8280.0	3
8477.0	10
8119.0	3
8659.0	7
8317.0	5
8281.0	10
7908.0	2
8103.0	2
8298.0	2
8297.0	1
8087.0	2
8460.0	3
7923.0	2
8461.0	2
7947.0	8
7730.0	10
7948.0	2
8104.0	10
8302.0	2
8303.0	2
7949.0	5
7537.0	5
7086.0	6
8130.0	7
7950.0	10
8492.0	5
7521.0	4
6598.0	9
5817.0	9
8092.0	6
7928.0	4
8498.0	6
7929.0	1
8132.0	10
8120.0	10
7931.0	2
8105.0	2
8134.0	10
8323.0	2
8500.0	3
8305.0	10
8106.0	2
8121.0	3
7952.0	2
8324.0	3
8108.0	2
8326.0	2
8122.0	2
8109.0	10
8327.0	3
8123.0	1
8124.0	2
7933.0	2
8502.0	2
8483.0	2
8484.0	2
8485.0	2
8329.0	3
8125.0	3
8486.0	2
7934.0	2
8310.0	2
8309.0	2
8341.0	3
7956.0	2
7747.0	4
8112.0	1
8505.0	3
7749.0	3
8127.0	1
7328.0	10
8315.0	2
7939.0	1
7560.0	8
8312.0	3
7548.0	0
8118.0	8
8316.0	10
7940.0	7
7944.0	8
8318.0	3
8332.0	8
7960.0	5
7964.0	5
7973.0	8
7557.0	2
7577.0	8
8335.0	2
8135.0	2
7954.0	3
8337.0	10
7976.0	3
7580.0	4
8137.0	2
7748.0	2
8338.0	10
8339.0	3
8351.0	8
8913.0	2
8724.0	8
8734.0	5
8152.0	7
8735.0	2
8522.0	5
8154.0	2
8906.0	5
8352.0	5
8523.0	5
8157.0	8
8736.0	2
8357.0	2
8916.0	7
8524.0	5
8344.0	8
8725.0	5
2487.0	9
8145.0	8
8910.0	8
8535.0	2
8738.0	9
8742.0	8
8370.0	6
8743.0	9
8361.0	8
8945.0	5
8924.0	5
8372.0	8
8755.0	5
8544.0	5
8946.0	5
8745.0	5
8947.0	10
8928.0	2
8545.0	2
8557.0	5
8948.0	5
8949.0	5
8546.0	4
8748.0	5
8363.0	10
8749.0	2
8365.0	5
8930.0	5
5927.0	3
6487.0	7
7835.0	6
8564.0	6
8761.0	2
8551.0	9
8760.0	6
8167.0	6
8567.0	2
8384.0	9
8763.0	2
8568.0	2
8414.0	2
8572.0	2
8387.0	4
8390.0	4
8168.0	9
8020.0	6
8389.0	9
8391.0	4
8653.0	10
8217.0	3
7595.0	9
8393.0	9
7992.0	3
6712.0	9
8395.0	6
8937.0	8
8576.0	1
8401.0	4
8191.0	8
8421.0	8
8193.0	5
8794.0	5
8770.0	5
8771.0	5
8422.0	9
8971.0	2
8597.0	9
7010.0	9
7438.0	9
8074.0	6
7848.0	6
8030.0	6
8798.0	9
8407.0	6
8033.0	6
8799.0	6
8974.0	2
8803.0	1
8775.0	6
8234.0	6
8958.0	5
8382.0	1
8804.0	6
8783.0	2
8601.0	6
8206.0	6
8784.0	6
8785.0	1
8590.0	6
8786.0	6
8430.0	6
8604.0	2
8592.0	2
8787.0	1
8810.0	2
8417.0	2
8811.0	2
8831.0	2
8272.0	2
8593.0	2
8605.0	1
8812.0	2
8606.0	9
8289.0	9
6732.0	9
8433.0	2
8420.0	2
8814.0	2
8574.0	1
8594.0	1
8815.0	3
8435.0	2
8437.0	2
8816.0	2
8608.0	1
8609.0	3
8607.0	1
8610.0	2
8596.0	2
8967.0	6
8817.0	2
8611.0	1
8438.0	1
8836.0	10
8640.0	2
8612.0	1
8838.0	2
8613.0	7
8255.0	6
1879.0	9
8560.0	9
8378.0	9
8644.0	6
6290.0	9
8493.0	9
8424.0	9
8819.0	10
8820.0	2
8468.0	4
8447.0	2
8821.0	2
8619.0	9
8848.0	4
8822.0	2
8620.0	2
8648.0	6
8448.0	5
8649.0	4
8824.0	6
8472.0	1
8825.0	1
8453.0	2
8852.0	4
8853.0	4
8454.0	6
8473.0	2
8854.0	4
9003.0	4
8623.0	2
8667.0	9
8827.0	2
8651.0	9
8098.0	6
8829.0	2
8855.0	9
9023.0	9
9007.0	9
8856.0	9
9026.0	6
8861.0	2
8991.0	2
8476.0	2
8834.0	2
8657.0	2
9030.0	2
8862.0	5
8835.0	2
7922.0	4
8636.0	2
8635.0	1
8660.0	3
8459.0	1
8865.0	2
8638.0	1
8661.0	5
8837.0	10
8864.0	1
9385.0	3
7713.0	8
8639.0	2
8866.0	7
7702.0	9
9016.0	9
8283.0	8
6318.0	9
6291.0	9
8711.0	8
8469.0	9
6836.0	9
6074.0	9
8690.0	5
8650.0	5
8691.0	1
8692.0	1
8666.0	3
8322.0	3
9055.0	1
8482.0	1
9056.0	3
9057.0	10
8669.0	2
8693.0	2
8868.0	2
9062.0	2
8306.0	2
8670.0	2
8695.0	2
8697.0	10
8696.0	2
8307.0	2
9044.0	2
8503.0	1
8698.0	2
8671.0	2
8869.0	2
8672.0	2
8870.0	2
8699.0	3
8504.0	3
8674.0	2
8489.0	1
8308.0	5
8700.0	5
8883.0	3
8677.0	2
8507.0	1
8676.0	1
8679.0	5
8701.0	5
8314.0	1
7958.0	6
8490.0	10
8506.0	5
8681.0	10
8510.0	5
8509.0	7
8682.0	5
8115.0	7
8710.0	7
8128.0	7
8683.0	4
8491.0	8
8512.0	4
8513.0	10
8888.0	1
8520.0	7
8336.0	5
8889.0	5
8714.0	10
8716.0	5
8891.0	5
8717.0	10
8517.0	7
7582.0	4
9079.0	8
9090.0	8
8898.0	8
9081.0	0
9077.0	8
8562.0	0
9088.0	0
8896.0	8
9096.0	8
9452.0	7
9453.0	8
9455.0	0
9472.0	10
9112.0	5
9273.0	2
9113.0	2
8914.0	5
9473.0	5
8915.0	5
9098.0	5
9458.0	10
9459.0	5
9099.0	5
9114.0	5
9274.0	5
9115.0	5
9269.0	5
9117.0	5
9461.0	7
9277.0	5
8907.0	5
9276.0	5
9118.0	10
9119.0	5
9270.0	5
9463.0	2
9100.0	5
8917.0	2
9103.0	7
8179.0	9
9281.0	9
9110.0	7
9109.0	8
9283.0	8
9272.0	5
8943.0	5
9493.0	7
9300.0	5
9494.0	5
8944.0	5
9483.0	2
8926.0	7
9126.0	8
9497.0	2
9128.0	5
9111.0	7
9498.0	5
9485.0	5
9500.0	2
9143.0	2
9284.0	5
9487.0	2
9488.0	5
9501.0	2
9130.0	10
9131.0	4
9490.0	5
9145.0	6
8379.0	6
8561.0	6
9287.0	5
6198.0	3
6962.0	9
8017.0	9
8751.0	9
7620.0	9
8960.0	2
9148.0	9
9149.0	2
9309.0	1
9310.0	2
8764.0	9
7191.0	9
9505.0	2
8961.0	6
8935.0	9
9324.0	10
9138.0	8
7207.0	9
9509.0	10
9153.0	8
9176.0	8
9299.0	8
9512.0	5
9155.0	5
8192.0	8
9156.0	5
9711.0	2
9157.0	5
8970.0	10
9314.0	1
9332.0	2
9158.0	2
9333.0	2
8954.0	9
8999.0	6
8044.0	9
9334.0	9
9185.0	1
9315.0	10
9202.0	2
9186.0	2
9187.0	6
8777.0	6
9168.0	10
9189.0	6
9321.0	1
9192.0	3
9322.0	10
9344.0	1
9323.0	1
9169.0	1
8979.0	9
9006.0	9
8988.0	9
9325.0	9
9345.0	9
8989.0	3
9348.0	1
9193.0	3
9349.0	3
8990.0	1
9174.0	3
9311.0	3
9328.0	1
9350.0	2
8980.0	3
9523.0	1
9195.0	1
9194.0	10
9370.0	3
9524.0	5
9209.0	1
9175.0	6
8996.0	8
8997.0	0
8981.0	9
7635.0	9
6720.0	9
9201.0	6
8845.0	9
9001.0	9
9359.0	2
9540.0	1
8618.0	2
8647.0	4
9360.0	1
9361.0	10
9377.0	4
8985.0	3
9362.0	3
9363.0	3
9212.0	9
9021.0	10
9205.0	10
9213.0	9
9214.0	9
9380.0	9
9546.0	6
9217.0	2
9219.0	10
9028.0	2
9207.0	10
9029.0	2
9031.0	10
8634.0	2
9369.0	2
8994.0	3
9218.0	1
9552.0	5
9221.0	5
9384.0	5
9032.0	3
9011.0	10
8658.0	3
9222.0	3
8637.0	1
9010.0	3
9208.0	2
9033.0	1
9210.0	3
9371.0	1
9013.0	2
9012.0	3
9390.0	8
9574.0	7
9577.0	8
9581.0	8
8652.0	9
9226.0	3
6834.0	8
9020.0	9
8880.0	3
9423.0	7
9408.0	9
9241.0	3
9424.0	7
9058.0	3
9605.0	7
9061.0	10
9591.0	1
8694.0	1
9425.0	10
9065.0	1
9607.0	1
9426.0	5
9592.0	5
9227.0	1
9046.0	2
9067.0	1
9066.0	2
9072.0	5
9228.0	2
9242.0	2
9068.0	2
9596.0	2
9412.0	9
8111.0	2
9430.0	5
9243.0	3
9611.0	5
9414.0	5
8678.0	10
9383.0	5
9049.0	5
9231.0	1
9431.0	5
8702.0	7
8707.0	8
8684.0	5
8871.0	5
9232.0	1
9240.0	4
8881.0	10
9060.0	3
8890.0	5
9434.0	4
8328.0	10
9435.0	10
8718.0	3
10056.0	7
10057.0	5
10060.0	5
9637.0	7
9636.0	7
9845.0	5
9263.0	8
10050.0	5
9444.0	7
9640.0	9
9083.0	0
9847.0	0
9836.0	7
9628.0	8
9257.0	0
9630.0	0
9254.0	0
9451.0	0
9443.0	0
8897.0	8
9454.0	8
9848.0	8
9648.0	0
9851.0	0
10069.0	0
9471.0	8
9866.0	7
9853.0	5
9671.0	5
9682.0	5
9867.0	5
9267.0	8
10074.0	5
9868.0	2
10055.0	5
9475.0	5
9655.0	5
9855.0	3
10331.0	5
9656.0	5
9856.0	2
9857.0	5
9657.0	2
9869.0	2
10075.0	5
6929.0	9
9673.0	2
9872.0	2
9082.0	9
10078.0	5
10080.0	9
9278.0	9
9860.0	9
10081.0	0
9123.0	9
10082.0	0
10098.0	7
9876.0	0
10101.0	6
9649.0	0
9665.0	0
10086.0	0
9676.0	8
9669.0	8
9650.0	0
9865.0	7
10132.0	5
9694.0	5
9906.0	5
9881.0	5
9679.0	5
9495.0	2
9882.0	5
9883.0	5
10133.0	2
9884.0	5
9696.0	2
9885.0	2
9680.0	5
10134.0	2
9697.0	2
10108.0	5
9698.0	2
9699.0	2
10110.0	5
9681.0	5
10111.0	5
9286.0	10
6451.0	9
9305.0	6
8931.0	8
8959.0	9
10117.0	2
9308.0	10
9689.0	3
9684.0	6
9687.0	9
10119.0	6
9897.0	6
9899.0	9
9506.0	9
10122.0	7
10126.0	7
9701.0	3
9939.0	10
9294.0	9
9904.0	5
8964.0	9
10146.0	8
9921.0	7
8256.0	9
10147.0	5
9923.0	5
5590.0	9
9925.0	5
9924.0	5
9712.0	5
9734.0	4
10148.0	2
9513.0	2
9514.0	2
10168.0	2
9736.0	2
9356.0	9
9947.0	2
10149.0	2
9539.0	6
8982.0	9
9928.0	9
8975.0	6
9739.0	2
9740.0	1
9933.0	6
9952.0	6
9720.0	2
9935.0	6
9721.0	3
9936.0	6
9745.0	5
9722.0	10
10182.0	1
9747.0	9
9746.0	9
8833.0	8
9750.0	3
9726.0	3
9727.0	4
9940.0	4
9958.0	7
9941.0	4
9573.0	8
10430.0	7
9751.0	8
9785.0	0
9766.0	8
9331.0	7
9980.0	7
10432.0	5
9398.0	8
10214.0	5
10006.0	0
8953.0	9
9372.0	9
9752.0	6
10225.0	7
10223.0	7
9985.0	0
9951.0	9
10195.0	9
9558.0	3
9770.0	6
10229.0	10
9771.0	6
9755.0	4
9756.0	5
9775.0	9
9760.0	6
9992.0	9
9547.0	9
9994.0	9
9382.0	6
9779.0	8
9220.0	5
10000.0	5
9565.0	5
9781.0	10
9568.0	2
9977.0	2
9567.0	2
9550.0	8
9782.0	5
9535.0	8
9599.0	0
10023.0	0
10024.0	0
10484.0	0
10247.0	0
10029.0	7
9575.0	0
10030.0	8
9583.0	7
10265.0	5
9791.0	9
10492.0	0
9586.0	6
9223.0	8
9419.0	9
9420.0	8
9588.0	10
9422.0	4
9819.0	7
9796.0	1
9615.0	7
9606.0	5
9797.0	10
9798.0	9
9604.0	10
9818.0	10
9403.0	5
9609.0	10
9617.0	7
9428.0	10
9822.0	1
9823.0	5
9610.0	5
9612.0	7
9045.0	8
9244.0	4
9803.0	4
9047.0	8
9415.0	5
10020.0	7
9804.0	7
10283.0	0
10284.0	0
10046.0	7
9616.0	8
9429.0	8
10311.0	8
10556.0	5
10558.0	8
10299.0	3
10314.0	8
7981.0	9
10560.0	5
10317.0	5
10061.0	4
10298.0	8
9622.0	4
10337.0	0
10301.0	5
9835.0	0
9447.0	9
9842.0	8
10782.0	9
10554.0	8
9850.0	7
10797.0	5
10582.0	5
10343.0	10
10073.0	5
10584.0	5
10344.0	5
10613.0	5
10583.0	8
10326.0	2
10585.0	2
10566.0	5
10586.0	10
10072.0	5
10328.0	7
10345.0	10
10329.0	5
10798.0	5
10570.0	5
10589.0	5
10789.0	5
10572.0	5
10573.0	2
10574.0	2
10800.0	2
10575.0	5
10334.0	2
10092.0	10
8909.0	9
10591.0	2
10336.0	4
10793.0	8
10577.0	0
10339.0	0
10564.0	9
10623.0	0
10103.0	6
10375.0	4
10104.0	7
10600.0	4
10340.0	6
10354.0	7
10601.0	9
10342.0	6
10087.0	4
10626.0	8
10821.0	5
10822.0	5
10107.0	8
10608.0	2
10380.0	2
10381.0	2
10809.0	5
10609.0	2
10823.0	2
11037.0	5
10382.0	2
10357.0	2
10610.0	5
10812.0	10
10359.0	5
10383.0	2
10136.0	2
10363.0	5
9910.0	6
10365.0	2
10828.0	3
10386.0	9
10616.0	2
10368.0	2
10367.0	2
10140.0	9
10816.0	9
10123.0	3
10124.0	7
10374.0	6
10159.0	10
10636.0	6
10604.0	9
10395.0	7
10838.0	5
10839.0	2
10640.0	2
10639.0	5
5787.0	9
10641.0	2
10841.0	10
10666.0	2
10667.0	2
10855.0	10
9945.0	10
10417.0	2
10169.0	2
10643.0	2
10198.0	3
10172.0	3
10398.0	9
10173.0	6
10175.0	6
10154.0	4
10180.0	10
10405.0	10
10651.0	6
10676.0	6
9937.0	5
10679.0	5
10653.0	1
10677.0	6
10654.0	6
10678.0	1
10655.0	10
10657.0	1
10427.0	6
9938.0	10
10158.0	6
10409.0	1
9970.0	3
10411.0	9
9206.0	9
9973.0	3
10160.0	6
10429.0	7
10184.0	3
10002.0	8
10457.0	8
10682.0	5
10431.0	3
9978.0	7
10510.0	7
10684.0	5
10433.0	5
10869.0	2
10458.0	0
10434.0	2
10892.0	0
10685.0	9
10459.0	0
10871.0	5
10460.0	0
10840.0	6
10228.0	7
10436.0	0
10874.0	0
10437.0	6
10419.0	9
10695.0	9
10439.0	4
10876.0	10
10440.0	10
10441.0	6
10714.0	5
10201.0	10
10698.0	5
10877.0	5
10444.0	5
10878.0	5
10471.0	6
10715.0	6
10699.0	1
10231.0	5
9560.0	3
10448.0	6
10233.0	6
9743.0	6
9544.0	10
9967.0	4
10718.0	9
10018.0	7
10886.0	9
10237.0	10
10479.0	5
10236.0	3
10428.0	5
10456.0	8
10708.0	5
9783.0	0
10242.0	0
10725.0	5
10745.0	0
10028.0	8
10491.0	0
10518.0	0
10535.0	0
10493.0	0
10519.0	5
10731.0	0
10494.0	4
10255.0	4
10271.0	8
10498.0	9
10736.0	4
10936.0	9
9236.0	9
10905.0	1
9024.0	9
10500.0	6
10738.0	9
10039.0	8
9407.0	6
10277.0	5
10502.0	9
10541.0	3
10942.0	3
10530.0	5
10015.0	8
10528.0	5
10754.0	5
10741.0	3
10017.0	10
10507.0	3
10760.0	8
10761.0	0
10763.0	7
10764.0	8
10269.0	8
11166.0	8
10952.0	5
10327.0	10
10963.0	4
7980.0	9
8346.0	9
6410.0	9
11388.0	6
10313.0	9
10559.0	4
10304.0	9
10958.0	4
9837.0	9
10960.0	5
11383.0	5
10306.0	9
11182.0	5
10962.0	8
10049.0	5
10971.0	9
10785.0	7
10323.0	7
10068.0	8
10565.0	7
10974.0	8
10581.0	8
11216.0	7
10996.0	5
11422.0	2
11217.0	3
11423.0	5
11586.0	2
11198.0	5
11200.0	5
11218.0	5
10567.0	5
11203.0	5
11219.0	5
10977.0	5
11425.0	10
10997.0	5
11402.0	2
11593.0	5
10978.0	5
11403.0	5
11205.0	5
10979.0	2
10980.0	2
11206.0	2
11207.0	2
10981.0	2
11427.0	1
11000.0	10
11405.0	2
11002.0	2
10982.0	2
10802.0	2
11020.0	2
10095.0	6
10985.0	8
10984.0	4
10792.0	4
11242.0	7
11003.0	7
10794.0	7
11208.0	6
11225.0	7
11614.0	7
9265.0	9
9264.0	9
11006.0	3
10067.0	9
11027.0	4
10795.0	9
11212.0	0
11009.0	8
10088.0	6
10599.0	2
11252.0	5
11440.0	5
11013.0	5
11462.0	5
11231.0	5
11232.0	10
11035.0	2
11034.0	2
11254.0	2
11464.0	10
11036.0	2
11234.0	10
11465.0	2
11015.0	5
11466.0	2
11445.0	2
8956.0	9
11489.0	2
11018.0	2
9503.0	6
11041.0	9
11019.0	10
11449.0	2
11481.0	9
11021.0	2
11240.0	7
11024.0	3
10349.0	6
11224.0	3
11244.0	9
10817.0	9
11007.0	4
10830.0	10
9969.0	6
11046.0	4
11659.0	3
10125.0	9
10130.0	9
9508.0	9
10851.0	6
11249.0	8
11064.0	8
11065.0	4
11053.0	5
8257.0	3
11463.0	10
11679.0	2
10854.0	2
11279.0	2
11280.0	2
11497.0	2
11498.0	2
11067.0	2
11068.0	2
11301.0	9
11281.0	2
11268.0	2
10668.0	6
10859.0	9
10401.0	10
10669.0	6
10400.0	10
10422.0	2
10402.0	10
10849.0	6
11073.0	2
10650.0	6
10179.0	6
10652.0	10
10865.0	6
10447.0	10
10656.0	1
10407.0	10
10157.0	10
11092.0	6
10156.0	6
10408.0	10
10850.0	9
9346.0	9
10393.0	8
10866.0	8
11101.0	5
11729.0	5
10927.0	9
10870.0	9
10001.0	4
9197.0	9
10686.0	9
11516.0	6
10167.0	2
11084.0	7
11104.0	7
11103.0	0
10690.0	7
10691.0	0
11135.0	0
11105.0	1
11106.0	4
9990.0	9
11304.0	9
10196.0	9
11321.0	9
10902.0	5
11112.0	1
10472.0	8
10443.0	10
10697.0	10
10200.0	5
10904.0	10
10673.0	6
10906.0	1
10700.0	6
10879.0	6
11521.0	6
10203.0	6
11114.0	6
11723.0	7
11533.0	5
10908.0	6
11324.0	2
11526.0	5
10885.0	6
11326.0	5
11306.0	5
11328.0	9
10473.0	4
11307.0	5
10915.0	3
11726.0	8
8110.0	9
11120.0	7
11310.0	9
11098.0	9
11538.0	5
11333.0	5
10241.0	8
11554.0	5
11747.0	5
10511.0	9
10260.0	8
10895.0	9
11748.0	8
11149.0	9
10261.0	9
9580.0	9
10026.0	9
11556.0	5
11151.0	8
11136.0	4
11152.0	0
11354.0	9
11153.0	9
10497.0	3
10950.0	9
11111.0	4
11155.0	9
11532.0	5
11345.0	1
9378.0	9
11156.0	9
11138.0	9
10768.0	9
10508.0	8
10922.0	7
11350.0	8
10926.0	5
11165.0	8
10732.0	0
11201.0	8
11580.0	8
11808.0	8
12432.0	8
12031.0	10
10305.0	9
11576.0	5
10968.0	9
11814.0	5
12036.0	3
11385.0	8
11585.0	7
11584.0	7
12237.0	5
11839.0	2
11587.0	8
11850.0	1
11215.0	2
12238.0	2
12239.0	5
12223.0	5
11589.0	2
12050.0	5
11588.0	5
11840.0	10
11841.0	2
11591.0	2
11424.0	2
11592.0	2
12225.0	5
12214.0	5
11581.0	5
11594.0	2
11824.0	5
11596.0	2
12039.0	5
12040.0	2
11598.0	2
11860.0	4
11632.0	2
11829.0	2
11843.0	2
11826.0	5
11828.0	2
11613.0	2
11599.0	2
12042.0	1
12041.0	2
8146.0	9
10805.0	6
11601.0	9
12033.0	9
10806.0	9
12034.0	9
11437.0	9
12044.0	1
11604.0	9
11194.0	6
11409.0	9
11413.0	5
11820.0	7
11397.0	7
10783.0	9
11648.0	4
11250.0	8
12282.0	7
12080.0	8
11875.0	5
11876.0	5
11441.0	5
11877.0	5
12062.0	5
11622.0	5
11651.0	5
12258.0	5
11851.0	5
11665.0	5
12063.0	10
11625.0	10
11852.0	10
8380.0	9
11878.0	2
11653.0	2
11469.0	2
11627.0	2
11880.0	6
11477.0	2
11447.0	2
11882.0	9
12067.0	2
11628.0	2
11629.0	2
11631.0	2
11633.0	2
11450.0	2
11636.0	2
11655.0	5
11241.0	9
11638.0	1
12294.0	5
11864.0	3
11641.0	3
11243.0	1
12053.0	7
11866.0	9
11245.0	9
11888.0	3
10128.0	9
10105.0	9
9764.0	9
5914.0	9
11889.0	3
9548.0	9
6748.0	9
11647.0	9
11896.0	5
11663.0	7
11902.0	5
12104.0	2
11922.0	2
12284.0	2
12322.0	2
12106.0	2
11924.0	2
11925.0	2
11681.0	1
12107.0	2
12109.0	2
11682.0	2
12094.0	2
11499.0	2
11903.0	2
11948.0	7
12308.0	2
11904.0	2
12086.0	9
11490.0	9
11685.0	6
12095.0	10
12139.0	2
11687.0	6
11503.0	6
12113.0	7
11673.0	6
11932.0	6
11288.0	6
11916.0	6
11914.0	2
12115.0	5
11508.0	6
12098.0	2
11089.0	6
11937.0	7
11695.0	2
11938.0	2
12122.0	2
11697.0	5
12315.0	2
11527.0	1
11940.0	2
11700.0	4
11059.0	4
11702.0	9
11962.0	4
11918.0	9
10413.0	9
10995.0	9
11276.0	8
11102.0	4
12158.0	5
11515.0	0
11146.0	9
10888.0	9
12105.0	2
11984.0	9
9786.0	9
11923.0	2
9790.0	9
11299.0	0
11531.0	7
11517.0	6
11949.0	6
12137.0	5
11130.0	4
10495.0	9
11929.0	3
11711.0	9
11546.0	3
12138.0	9
11544.0	9
10014.0	9
11951.0	6
11953.0	5
11955.0	2
11520.0	6
11719.0	2
12166.0	2
11973.0	5
12146.0	6
11974.0	2
12168.0	6
11957.0	6
12369.0	2
11975.0	2
11698.0	6
12148.0	2
11738.0	6
11958.0	5
11977.0	9
11327.0	8
12151.0	5
11978.0	8
12372.0	5
12152.0	5
9999.0	0
11121.0	8
11727.0	9
11100.0	8
11541.0	9
11163.0	7
11371.0	9
10947.0	8
12416.0	7
11780.0	7
12014.0	7
10933.0	9
11339.0	9
10253.0	9
10222.0	9
10934.0	4
12193.0	9
10465.0	9
11543.0	9
10197.0	9
11376.0	9
9831.0	9
11971.0	9
12182.0	9
11991.0	6
10951.0	8
11771.0	3
11363.0	0
10766.0	8
11754.0	6
12184.0	2
12185.0	9
11775.0	8
11331.0	0
11571.0	7
11784.0	7
11793.0	8
11783.0	8
11170.0	8
11174.0	9
12202.0	8
12018.0	8
12021.0	9
12213.0	8
12226.0	5
12626.0	1
12625.0	7
12215.0	5
7387.0	9
12837.0	7
12436.0	5
12229.0	2
12209.0	4
11813.0	9
10959.0	4
12438.0	8
10307.0	9
11578.0	8
12221.0	7
12046.0	4
12235.0	5
12866.0	5
12465.0	2
12637.0	5
12868.0	5
12648.0	10
12444.0	5
12241.0	2
12852.0	5
12467.0	10
12242.0	5
12466.0	10
12853.0	5
12639.0	5
12227.0	5
12448.0	5
12449.0	5
12453.0	5
12228.0	2
12244.0	1
12643.0	2
12247.0	2
12248.0	2
12656.0	2
12264.0	9
11810.0	9
11408.0	10
12056.0	9
11831.0	6
12232.0	6
12456.0	5
12455.0	1
12220.0	4
11817.0	7
11398.0	7
10320.0	9
11415.0	8
9841.0	9
11837.0	8
12504.0	0
12686.0	5
12883.0	5
12256.0	8
12488.0	2
12463.0	5
12666.0	5
12283.0	2
12489.0	2
12688.0	10
12864.0	5
12236.0	2
12473.0	5
12259.0	5
12884.0	10
12492.0	2
12081.0	2
12493.0	2
12507.0	2
12286.0	2
12673.0	2
12675.0	2
12676.0	2
12479.0	2
12677.0	2
12289.0	9
12651.0	2
12267.0	2
12268.0	2
12068.0	2
12290.0	1
12705.0	1
12296.0	2
12515.0	1
12483.0	9
12298.0	2
12923.0	2
12710.0	2
12680.0	9
12498.0	2
12100.0	9
12733.0	10
11891.0	9
10831.0	9
12485.0	2
12713.0	3
11419.0	9
11662.0	1
12305.0	8
8223.0	9
7036.0	9
6543.0	9
12525.0	2
12321.0	2
12721.0	2
11921.0	2
12526.0	2
12528.0	2
12357.0	2
12527.0	2
11926.0	2
12108.0	2
12740.0	2
12506.0	2
12307.0	2
12324.0	2
12531.0	2
12532.0	2
12508.0	2
12326.0	9
12725.0	3
11686.0	1
12744.0	1
11884.0	4
12329.0	2
12540.0	5
12745.0	2
11912.0	10
12332.0	10
12512.0	6
12334.0	7
12748.0	7
12112.0	7
12707.0	2
12568.0	2
12337.0	5
12116.0	7
12114.0	10
11952.0	6
12753.0	2
11915.0	2
12341.0	2
12730.0	2
12516.0	2
12120.0	2
12367.0	6
12314.0	2
12342.0	2
12973.0	2
12732.0	2
12517.0	2
12758.0	2
12548.0	5
12344.0	2
12349.0	1
12734.0	5
12760.0	2
12550.0	2
12301.0	9
11677.0	3
12957.0	10
12552.0	9
11676.0	9
12316.0	6
12959.0	5
12304.0	8
11539.0	8
12782.0	7
12157.0	9
12580.0	9
12739.0	2
12013.0	9
12190.0	1
8258.0	9
9582.0	9
12358.0	3
12763.0	1
12584.0	9
12768.0	2
12382.0	10
12363.0	2
12769.0	2
12787.0	2
12770.0	2
12364.0	2
12789.0	2
12564.0	2
12567.0	2
12588.0	10
12566.0	10
12384.0	10
12793.0	2
12386.0	2
12167.0	2
12366.0	6
12589.0	2
12388.0	2
12590.0	1
12569.0	6
12169.0	6
12389.0	1
12796.0	1
12570.0	6
11960.0	5
12371.0	5
12593.0	9
12773.0	5
12374.0	8
12174.0	8
12373.0	5
12178.0	0
12177.0	0
13005.0	9
13030.0	7
12415.0	7
12597.0	4
12401.0	2
12806.0	5
12011.0	7
12601.0	7
12400.0	4
12808.0	7
12602.0	2
12611.0	5
12015.0	9
12612.0	9
12403.0	9
12613.0	9
11989.0	6
12820.0	9
12426.0	9
11717.0	9
12407.0	9
11753.0	9
12815.0	1
12604.0	2
12615.0	9
12197.0	9
12616.0	0
11767.0	9
12003.0	9
12430.0	8
12410.0	2
11757.0	3
12574.0	8
12621.0	5
13262.0	5
13264.0	5
12839.0	8
12212.0	4
13267.0	5
13066.0	5
8142.0	9
11811.0	9
13285.0	9
13071.0	6
13070.0	8
12845.0	7
12846.0	7
12211.0	8
12865.0	7
13514.0	5
12867.0	3
13075.0	8
12851.0	5
13517.0	5
13076.0	5
13290.0	5
12850.0	7
12869.0	5
13277.0	5
13078.0	5
12885.0	5
13499.0	5
13077.0	5
12870.0	1
13087.0	10
13280.0	5
13282.0	5
13500.0	5
13079.0	5
13283.0	5
13112.0	2
12632.0	9
12841.0	5
12872.0	2
13296.0	2
12893.0	2
13081.0	9
12874.0	2
13091.0	2
12875.0	2
12655.0	2
13093.0	2
12860.0	2
12635.0	9
13509.0	2
13523.0	2
13510.0	2
12032.0	9
12253.0	9
11865.0	9
12862.0	2
12636.0	8
13512.0	9
12880.0	8
13101.0	8
12904.0	5
13313.0	5
13533.0	5
13314.0	7
13103.0	5
12905.0	2
13554.0	5
13315.0	2
13104.0	5
13555.0	5
13534.0	10
13556.0	2
13106.0	5
13316.0	5
13107.0	5
13535.0	2
13133.0	2
12906.0	2
12947.0	2
12907.0	2
12948.0	2
13320.0	5
13114.0	2
13113.0	2
13115.0	2
12873.0	2
12914.0	9
13140.0	3
13116.0	2
12894.0	2
13321.0	2
13092.0	2
13322.0	2
13352.0	2
12920.0	2
12706.0	2
13146.0	2
13149.0	2
13120.0	9
12925.0	10
13378.0	1
12927.0	9
13150.0	9
12902.0	9
12961.0	7
13177.0	5
8222.0	9
13584.0	2
13131.0	2
12285.0	9
13385.0	2
13614.0	2
12944.0	2
13161.0	2
11055.0	2
12964.0	2
12945.0	2
13389.0	2
13181.0	2
12946.0	2
13390.0	2
13391.0	2
13164.0	2
13616.0	2
12766.0	3
13599.0	9
13412.0	2
12728.0	10
12327.0	5
12989.0	2
13622.0	2
12336.0	10
12514.0	6
12917.0	5
12921.0	2
12339.0	10
13186.0	2
12754.0	2
13398.0	6
13170.0	1
12955.0	2
12757.0	2
13171.0	1
13172.0	2
13627.0	5
12125.0	4
13377.0	1
12976.0	10
13188.0	1
13379.0	1
12519.0	9
12101.0	9
12132.0	8
12303.0	4
12555.0	8
13403.0	8
12396.0	9
12785.0	3
13010.0	9
12786.0	6
12981.0	9
13388.0	2
12381.0	9
12425.0	9
12970.0	9
13014.0	9
12986.0	2
13194.0	2
13213.0	2
13437.0	2
12987.0	2
12788.0	10
12988.0	10
13413.0	1
12790.0	2
13214.0	10
13416.0	2
13015.0	10
13216.0	5
12992.0	10
13217.0	2
13017.0	2
12994.0	2
13669.0	1
13418.0	1
12794.0	2
12816.0	2
13241.0	2
12995.0	2
12998.0	1
13196.0	6
13197.0	1
12795.0	4
13045.0	1
13198.0	6
13222.0	2
13202.0	10
12605.0	6
13220.0	2
12800.0	6
12595.0	8
13019.0	8
13021.0	5
13003.0	5
13023.0	8
13440.0	7
12351.0	0
12395.0	8
13033.0	5
13255.0	8
13663.0	9
12832.0	8
13237.0	9
13448.0	9
13038.0	9
13436.0	9
13056.0	5
13043.0	10
13238.0	1
13452.0	3
13064.0	0
12196.0	9
12008.0	3
12833.0	8
13278.0	8
13902.0	8
13893.0	7
13892.0	10
14115.0	5
14117.0	5
13895.0	5
13896.0	5
13720.0	5
6928.0	9
14119.0	5
13488.0	8
13897.0	5
13292.0	9
13513.0	8
13919.0	4
13736.0	6
13735.0	5
13737.0	5
13515.0	5
13903.0	5
13516.0	2
14137.0	5
13738.0	5
14124.0	5
13904.0	2
13739.0	5
13740.0	10
14127.0	2
13922.0	10
13726.0	5
13086.0	10
13905.0	10
13291.0	10
13727.0	5
13907.0	10
13742.0	2
13728.0	2
13518.0	2
13925.0	2
13297.0	2
9889.0	9
13743.0	2
13926.0	2
12650.0	2
13744.0	2
13928.0	2
13763.0	2
14146.0	2
13930.0	2
13506.0	2
13929.0	10
13932.0	3
13272.0	9
13917.0	8
13289.0	8
13335.0	8
13944.0	5
13965.0	5
13557.0	5
13755.0	10
14151.0	5
13777.0	2
14152.0	10
14172.0	2
13756.0	7
13945.0	5
13559.0	2
13162.0	2
13163.0	2
11857.0	9
13589.0	2
12261.0	9
13947.0	2
13539.0	2
13948.0	2
13573.0	3
13949.0	2
13520.0	2
13970.0	9
13972.0	2
13540.0	2
13950.0	2
13951.0	2
13998.0	2
13575.0	2
13353.0	10
13975.0	1
12876.0	2
13542.0	3
13375.0	2
13606.0	2
14183.0	1
13607.0	1
13357.0	9
13368.0	7
14004.0	6
13802.0	5
13804.0	5
14005.0	4
14171.0	2
13611.0	9
13586.0	2
14193.0	10
13386.0	9
13806.0	2
13988.0	2
14007.0	2
14010.0	2
14008.0	2
13991.0	2
14009.0	2
13811.0	2
13637.0	2
13992.0	2
13590.0	2
13812.0	2
13593.0	2
13832.0	2
13591.0	2
13994.0	2
13813.0	2
14213.0	2
14013.0	2
13996.0	3
13617.0	2
14017.0	10
14218.0	2
13846.0	2
13618.0	6
12967.0	6
13600.0	10
12951.0	6
13623.0	2
14018.0	6
13396.0	6
13822.0	2
13644.0	7
13374.0	2
13624.0	6
14024.0	2
13625.0	3
13604.0	1
13823.0	2
13399.0	2
13419.0	1
13650.0	2
14000.0	1
14027.0	2
14227.0	2
14026.0	1
14030.0	2
13626.0	2
13608.0	1
14028.0	2
14029.0	10
14206.0	10
13824.0	9
12714.0	9
11893.0	9
10659.0	9
11078.0	9
13175.0	7
13610.0	8
13029.0	8
9144.0	9
13431.0	4
13844.0	6
14040.0	3
13012.0	9
14044.0	9
14042.0	1
13847.0	2
13682.0	1
13848.0	1
13683.0	1
13668.0	2
13414.0	2
13684.0	1
14046.0	1
14242.0	2
13685.0	1
13645.0	2
13863.0	1
13647.0	5
14243.0	6
14263.0	1
14049.0	1
14264.0	2
14050.0	6
13670.0	10
14051.0	6
14053.0	6
13673.0	10
14054.0	6
14075.0	6
13201.0	8
13439.0	8
13851.0	5
13849.0	8
13422.0	8
13654.0	5
14252.0	5
14079.0	5
11743.0	4
13224.0	3
13657.0	8
14082.0	9
11710.0	4
14270.0	3
13876.0	8
13690.0	9
13479.0	8
14096.0	7
13695.0	6
13680.0	9
13041.0	9
13486.0	4
13251.0	3
13880.0	9
12420.0	9
13706.0	7
14276.0	10
13458.0	8
14541.0	2
14114.0	8
14726.0	10
14112.0	8
14339.0	5
14728.0	5
14727.0	5
14729.0	5
14303.0	5
14730.0	5
14304.0	10
8526.0	9
14732.0	5
14532.0	5
14343.0	1
14154.0	9
14121.0	9
14319.0	7
12064.0	9
14748.0	5
14548.0	5
14539.0	8
14550.0	2
14753.0	2
14351.0	2
14136.0	5
14540.0	2
14353.0	2
14334.0	2
14336.0	5
14138.0	2
14754.0	2
14755.0	2
14355.0	2
14736.0	2
14125.0	2
14356.0	2
14737.0	2
14338.0	2
14337.0	2
14759.0	2
13921.0	2
14542.0	2
14340.0	2
14953.0	1
14740.0	2
14739.0	5
14341.0	1
14360.0	2
13924.0	2
14143.0	10
13927.0	10
14556.0	2
14363.0	2
14362.0	2
14145.0	5
11856.0	9
14367.0	2
14132.0	2
14366.0	2
14557.0	2
14764.0	2
14147.0	2
14368.0	2
14347.0	8
14388.0	7
14374.0	8
14373.0	7
14150.0	4
14389.0	5
14571.0	7
14771.0	5
14772.0	5
14750.0	2
14192.0	5
14377.0	2
14572.0	2
14752.0	2
14773.0	2
14783.0	2
14563.0	2
14197.0	2
5021.0	9
12912.0	6
14361.0	2
14158.0	2
14380.0	2
14565.0	2
14580.0	9
14566.0	2
14160.0	2
14159.0	2
14399.0	1
14400.0	2
14404.0	2
14591.0	3
14184.0	3
13789.0	6
14560.0	8
14003.0	8
7460.0	9
11278.0	9
13561.0	9
14191.0	5
14190.0	5
12669.0	9
14412.0	10
14806.0	2
14607.0	2
14608.0	2
13989.0	2
14209.0	2
14633.0	2
14196.0	2
14210.0	2
14635.0	10
14195.0	2
13990.0	10
14198.0	2
14634.0	5
14012.0	2
14837.0	2
14808.0	2
14435.0	2
14807.0	2
13993.0	2
14211.0	2
14214.0	0
14202.0	9
13166.0	6
14613.0	9
14809.0	6
14453.0	2
14814.0	6
14205.0	6
14241.0	1
14846.0	3
14443.0	1
13820.0	6
14444.0	6
14820.0	1
14616.0	2
14226.0	1
14445.0	2
15061.0	6
14821.0	2
14417.0	1
12750.0	6
14822.0	2
14853.0	1
14420.0	2
14426.0	1
14465.0	2
14624.0	2
14644.0	1
14854.0	10
14446.0	10
14185.0	3
14429.0	6
11854.0	9
14212.0	10
14039.0	0
14261.0	9
14454.0	2
14491.0	2
14677.0	1
14872.0	2
14678.0	2
14455.0	2
14456.0	2
14047.0	9
14873.0	2
14506.0	2
14223.0	2
14679.0	10
14458.0	10
14275.0	1
14876.0	6
14875.0	2
14245.0	2
14878.0	1
14655.0	2
14681.0	1
14654.0	6
14880.0	6
14657.0	3
14493.0	5
14494.0	10
13652.0	6
14470.0	5
13548.0	9
14886.0	9
14911.0	5
11979.0	3
14665.0	8
14097.0	8
14680.0	6
14285.0	8
13871.0	3
11161.0	9
11776.0	9
11140.0	9
15143.0	2
15507.0	5
15133.0	5
15314.0	10
15316.0	5
15134.0	5
15317.0	5
15318.0	5
15319.0	5
14943.0	5
8908.0	9
15322.0	1
13109.0	9
12260.0	9
14946.0	3
14981.0	10
15536.0	5
15160.0	5
15342.0	5
15537.0	5
15161.0	2
15343.0	5
14333.0	8
14950.0	2
15163.0	2
15325.0	5
15144.0	2
15344.0	5
15345.0	10
15327.0	5
14968.0	2
15164.0	2
15326.0	2
14952.0	2
14969.0	1
15346.0	5
14970.0	2
15145.0	10
15329.0	5
15147.0	5
15331.0	5
15332.0	5
14738.0	10
15148.0	1
15525.0	10
15149.0	2
15150.0	10
15167.0	2
14762.0	2
14976.0	2
14746.0	9
15173.0	9
15172.0	9
14980.0	8
15360.0	2
14749.0	5
15183.0	1
14995.0	5
15174.0	2
14982.0	5
14996.0	2
14983.0	2
15184.0	2
15175.0	5
15387.0	2
15362.0	5
14756.0	1
14986.0	5
14161.0	4
15363.0	5
15385.0	2
13108.0	9
14998.0	9
15022.0	2
14835.0	2
15231.0	2
14836.0	2
15049.0	2
15205.0	2
4546.0	4
14870.0	1
15004.0	9
14871.0	10
15241.0	2
14849.0	6
15033.0	2
15261.0	6
15404.0	1
14640.0	6
15245.0	6
15218.0	3
15247.0	2
14879.0	6
14622.0	1
15193.0	3
15035.0	2
15063.0	2
14859.0	3
14823.0	3
15064.0	1
15408.0	3
11079.0	9
11855.0	9
15067.0	9
15269.0	8
14489.0	4
14918.0	4
15286.0	3
15459.0	3
14874.0	3
15079.0	2
15260.0	1
15439.0	1
15440.0	2
15106.0	1
15288.0	3
14906.0	9
14467.0	10
15263.0	10
14661.0	6
15264.0	3
14913.0	10
14497.0	9
14475.0	8
14916.0	8
15111.0	9
15113.0	8
14288.0	9
15291.0	9
15693.0	4
15913.0	5
15311.0	8
15697.0	8
15702.0	8
15505.0	5
15719.0	5
15929.0	5
15742.0	2
15307.0	8
15720.0	5
15930.0	5
15931.0	5
15933.0	5
15494.0	7
15932.0	5
15724.0	8
15508.0	5
15722.0	5
15934.0	10
15921.0	10
15723.0	5
15922.0	1
15935.0	5
12216.0	9
15524.0	2
15320.0	10
15936.0	10
15937.0	1
15509.0	10
15725.0	1
15709.0	3
15924.0	5
15745.0	1
15938.0	2
15321.0	9
15708.0	10
15710.0	5
13318.0	9
12475.0	9
15497.0	9
15925.0	9
15715.0	8
15926.0	8
15956.0	5
15535.0	5
15957.0	10
15517.0	10
15538.0	5
15961.0	2
15518.0	8
15520.0	5
15748.0	2
15521.0	5
15539.0	10
15947.0	5
15540.0	1
15162.0	5
16256.0	5
15948.0	5
15963.0	1
15740.0	10
15741.0	5
16258.0	5
15965.0	5
15966.0	1
16241.0	5
15347.0	10
15949.0	10
15743.0	5
15950.0	1
15970.0	5
15969.0	2
15952.0	10
15750.0	1
15527.0	2
15751.0	3
15971.0	2
4530.0	4
15334.0	4
15754.0	4
15759.0	8
15980.0	5
15765.0	7
15766.0	5
15550.0	5
15780.0	2
15767.0	5
15768.0	2
15781.0	2
15769.0	2
16267.0	2
15551.0	1
16268.0	2
15983.0	2
16004.0	2
15562.0	2
15984.0	2
14997.0	2
15563.0	2
15964.0	2
16005.0	1
15783.0	2
15784.0	2
15000.0	10
15553.0	6
15554.0	6
15987.0	10
14610.0	6
14574.0	6
15588.0	3
15790.0	4
15812.0	2
15571.0	10
16045.0	8
16047.0	5
16048.0	7
15801.0	9
10166.0	9
16024.0	1
14153.0	9
15579.0	3
16025.0	2
13830.0	9
16027.0	2
15386.0	2
16029.0	2
15230.0	3
15581.0	2
13178.0	9
15823.0	10
15824.0	6
15567.0	9
15608.0	10
16034.0	1
15055.0	4
15835.0	2
14439.0	6
15030.0	4
15838.0	6
15611.0	10
15403.0	10
15810.0	2
15616.0	10
15591.0	3
16038.0	1
15813.0	3
15620.0	4
15406.0	4
16040.0	9
15084.0	6
15446.0	8
12474.0	9
9909.0	9
15849.0	6
15603.0	10
15856.0	3
16091.0	2
15638.0	3
16092.0	9
15871.0	3
15641.0	4
16383.0	9
15644.0	10
16096.0	3
15442.0	10
16345.0	9
15877.0	9
15672.0	8
16101.0	8
16141.0	8
15467.0	9
15687.0	5
15900.0	5
15896.0	8
16180.0	8
16735.0	0
16770.0	7
16442.0	8
16198.0	5
16199.0	7
16726.0	7
16773.0	7
16774.0	5
16443.0	5
16200.0	7
16426.0	8
16202.0	4
16444.0	5
15914.0	4
16727.0	7
16445.0	4
16777.0	5
16462.0	7
16446.0	7
16203.0	7
16729.0	7
16429.0	7
16205.0	3
16207.0	5
16208.0	4
16464.0	5
16731.0	8
16732.0	7
15700.0	9
16734.0	9
17134.0	0
16196.0	8
16470.0	5
16218.0	7
16805.0	5
16220.0	5
16473.0	5
16222.0	5
16474.0	5
16475.0	10
16789.0	5
16223.0	5
17140.0	5
16806.0	5
17124.0	7
16476.0	5
16511.0	5
16790.0	5
16477.0	5
16455.0	5
16807.0	5
16224.0	10
17157.0	5
16456.0	5
16808.0	5
16478.0	5
15951.0	2
16457.0	5
16479.0	5
16480.0	10
16809.0	10
16459.0	5
16225.0	1
16461.0	5
16483.0	10
16460.0	1
14717.0	9
16792.0	4
17131.0	5
16463.0	5
15923.0	5
16810.0	2
16216.0	5
16793.0	5
16465.0	7
16486.0	9
17160.0	9
16795.0	7
16797.0	7
16798.0	7
16819.0	7
15714.0	9
16229.0	9
16453.0	8
16804.0	8
16519.0	5
16252.0	7
16838.0	5
16839.0	10
16253.0	5
15341.0	8
16254.0	2
17166.0	5
16240.0	10
16508.0	10
15962.0	10
16841.0	2
17152.0	10
16509.0	2
16840.0	2
16259.0	10
16510.0	2
16843.0	2
16521.0	5
17170.0	2
17191.0	2
16242.0	1
16523.0	5
16845.0	1
16512.0	2
16827.0	2
16524.0	2
16513.0	2
16484.0	5
16514.0	6
16261.0	6
16487.0	9
16226.0	9
16850.0	7
16530.0	7
16249.0	9
16551.0	5
16239.0	8
16295.0	8
14782.0	8
16869.0	10
16879.0	5
16871.0	5
16265.0	5
16558.0	5
16559.0	10
16276.0	10
17205.0	5
15982.0	5
17230.0	2
16266.0	10
17206.0	5
16560.0	5
16872.0	5
16561.0	2
16277.0	10
16255.0	2
16278.0	1
16298.0	2
16562.0	1
16563.0	2
16880.0	1
16566.0	6
16010.0	5
16887.0	10
15400.0	9
16890.0	9
16572.0	1
15031.0	3
16284.0	9
16529.0	7
17222.0	7
16592.0	2
16533.0	3
15375.0	9
16552.0	6
16305.0	10
15775.0	8
16925.0	7
16926.0	5
16927.0	5
17273.0	2
16049.0	10
17303.0	5
15627.0	5
16951.0	2
16900.0	10
17274.0	5
16621.0	1
16928.0	1
16026.0	2
16296.0	2
15200.0	9
16902.0	10
17233.0	2
16023.0	9
16030.0	2
16623.0	9
17235.0	2
16580.0	2
16882.0	2
16603.0	9
16331.0	9
15806.0	9
16338.0	9
16315.0	2
16302.0	2
16340.0	2
16320.0	1
16323.0	4
16039.0	4
16896.0	4
16611.0	2
16064.0	6
16616.0	8
16355.0	9
16620.0	4
13758.0	9
16950.0	4
17329.0	5
16359.0	9
16329.0	9
16330.0	9
16369.0	7
16645.0	7
16647.0	0
16373.0	7
15865.0	3
16083.0	7
16629.0	6
15836.0	4
16124.0	9
17364.0	4
16942.0	4
16608.0	6
15640.0	6
16095.0	4
16981.0	6
16344.0	3
16959.0	2
16134.0	9
16961.0	6
16388.0	8
16389.0	8
16104.0	8
16392.0	9
16391.0	8
16367.0	9
16400.0	9
16401.0	9
17437.0	8
17447.0	6
17047.0	8
17026.0	8
17799.0	6
17048.0	8
17452.0	0
17043.0	0
17469.0	0
17840.0	0
17478.0	6
17499.0	8
16441.0	8
16197.0	4
12028.0	9
17085.0	5
17848.0	6
16775.0	5
17868.0	5
17488.0	7
16776.0	7
17489.0	1
17834.0	8
17849.0	4
17869.0	1
16418.0	8
17087.0	8
17505.0	5
17127.0	6
17850.0	6
17128.0	5
18275.0	6
17129.0	6
17524.0	7
17854.0	0
17130.0	7
17089.0	8
17088.0	7
17091.0	7
17870.0	8
17507.0	0
17136.0	0
17079.0	0
17490.0	0
17871.0	0
18279.0	0
17137.0	2
17510.0	5
17874.0	8
17876.0	7
17511.0	7
17482.0	8
17495.0	8
17151.0	5
17535.0	5
16221.0	8
17139.0	7
17536.0	5
18710.0	7
18311.0	5
17537.0	5
16788.0	8
17513.0	10
18286.0	5
17540.0	5
17539.0	5
17153.0	5
17515.0	5
17155.0	5
16791.0	5
17879.0	5
18314.0	5
18293.0	2
17543.0	10
17544.0	2
17517.0	5
16828.0	5
17545.0	10
17518.0	2
17519.0	2
17158.0	2
17896.0	1
17547.0	1
18272.0	1
17501.0	9
17522.0	1
17523.0	2
17521.0	5
17880.0	7
16815.0	9
17882.0	7
17901.0	7
17142.0	3
17902.0	7
17162.0	7
17563.0	0
17905.0	0
16801.0	4
17554.0	0
17906.0	0
17532.0	0
17891.0	0
17555.0	7
17138.0	8
15959.0	8
17568.0	5
17185.0	5
17164.0	5
17569.0	5
17912.0	5
17556.0	5
17913.0	5
17165.0	5
17926.0	5
17186.0	5
17914.0	5
17187.0	5
17168.0	10
17572.0	5
17570.0	10
17571.0	5
17915.0	5
17916.0	5
16842.0	10
17573.0	10
17538.0	2
17928.0	2
17929.0	2
17192.0	2
17171.0	2
17930.0	1
18340.0	2
17917.0	2
16846.0	2
17931.0	1
17172.0	2
18343.0	2
17174.0	7
16853.0	7
17578.0	7
32696.0	0
17175.0	0
17562.0	0
16859.0	0
18365.0	8
17199.0	0
17923.0	8
17982.0	5
17948.0	8
17203.0	5
17925.0	5
17983.0	1
17601.0	5
17583.0	5
18375.0	5
17955.0	5
17231.0	5
17602.0	5
17954.0	5
17207.0	5
17232.0	5
17986.0	5
17276.0	10
17987.0	2
17988.0	2
17234.0	2
17237.0	2
16881.0	2
17239.0	2
18376.0	2
17213.0	9
17249.0	4
17966.0	4
17245.0	4
17215.0	4
17607.0	4
17248.0	4
17609.0	2
17258.0	9
17642.0	9
17593.0	9
17643.0	6
16913.0	6
17289.0	6
17995.0	6
17975.0	6
16916.0	6
18032.0	6
17293.0	6
17225.0	4
17597.0	4
16537.0	9
17272.0	8
18007.0	7
17647.0	7
18041.0	7
18009.0	7
18010.0	7
17300.0	4
17648.0	7
16022.0	9
17624.0	2
16598.0	10
17650.0	5
17305.0	2
18418.0	2
17603.0	10
17306.0	5
18420.0	2
17307.0	2
17651.0	2
17275.0	2
18015.0	2
18016.0	2
17332.0	9
18019.0	9
17630.0	2
17656.0	6
18050.0	6
17287.0	6
16939.0	6
16606.0	6
16941.0	6
16943.0	6
17316.0	6
16944.0	6
17318.0	6
17645.0	6
17660.0	4
16947.0	4
17297.0	8
18064.0	7
17352.0	8
17713.0	5
17672.0	6
16966.0	7
18121.0	6
18063.0	7
17673.0	5
17354.0	3
17301.0	4
17326.0	7
17379.0	9
18067.0	5
18066.0	5
18122.0	0
18477.0	5
18065.0	5
17718.0	8
17328.0	2
17357.0	7
16968.0	7
18070.0	5
17675.0	7
17720.0	7
18071.0	2
17331.0	3
17722.0	3
18481.0	7
18124.0	7
17309.0	9
18074.0	9
17360.0	7
16971.0	7
17361.0	0
16970.0	6
16977.0	4
17315.0	6
17365.0	4
16946.0	4
17402.0	6
17702.0	10
17709.0	8
17375.0	8
17353.0	8
18170.0	0
17739.0	0
17769.0	0
17741.0	0
16995.0	8
17745.0	0
16684.0	8
17015.0	5
18175.0	7
16393.0	9
17747.0	0
17004.0	0
17748.0	0
16374.0	9
16980.0	4
17405.0	8
17790.0	8
18987.0	0
17025.0	3
17084.0	4
18217.0	7
18638.0	8
18210.0	7
17837.0	9
18642.0	6
17801.0	4
18259.0	5
18258.0	0
18224.0	5
17802.0	0
19327.0	0
18626.0	8
18627.0	0
18628.0	8
17842.0	8
18215.0	8
17845.0	8
18268.0	7
18671.0	7
18672.0	4
17866.0	7
18247.0	8
19023.0	9
18652.0	4
18674.0	1
18654.0	5
18270.0	5
19024.0	4
18678.0	7
19011.0	7
18680.0	4
18274.0	1
18681.0	5
18658.0	7
18659.0	7
18276.0	6
17144.0	6
16430.0	9
17857.0	0
18261.0	0
18686.0	6
16192.0	8
18282.0	5
18309.0	0
18669.0	8
17895.0	5
19060.0	5
19061.0	7
18335.0	5
19371.0	7
18287.0	3
19036.0	7
19062.0	5
18312.0	5
19038.0	3
19064.0	5
19065.0	5
19039.0	5
18289.0	5
18712.0	5
18697.0	5
19042.0	7
19359.0	5
19066.0	2
19068.0	5
19361.0	2
18698.0	2
18315.0	2
18713.0	2
19067.0	10
19043.0	2
18316.0	5
19044.0	3
19071.0	2
18318.0	2
19072.0	2
19045.0	2
18317.0	2
18679.0	1
18320.0	9
18700.0	10
18295.0	10
18683.0	1
18682.0	3
17141.0	6
18297.0	6
18298.0	6
19097.0	6
16781.0	9
18302.0	9
17564.0	0
18721.0	6
19078.0	0
18327.0	0
19053.0	0
19384.0	7
18371.0	5
18739.0	5
19103.0	5
18741.0	5
19083.0	5
18331.0	5
18742.0	5
19386.0	10
18349.0	5
18726.0	5
18332.0	3
18725.0	8
18743.0	5
19084.0	5
18729.0	5
18728.0	5
18333.0	5
18745.0	4
19085.0	5
19086.0	10
18337.0	5
19392.0	2
18732.0	2
17968.0	4
18338.0	2
18339.0	2
18733.0	2
18748.0	2
18354.0	2
19393.0	1
18342.0	2
19089.0	2
18341.0	2
19090.0	2
18734.0	2
18754.0	6
18714.0	6
19094.0	6
18359.0	9
18736.0	9
18389.0	4
19113.0	4
17940.0	0
17996.0	4
19115.0	4
17942.0	6
17201.0	8
18414.0	8
18415.0	4
19447.0	7
18392.0	7
18393.0	4
18764.0	7
18369.0	8
19426.0	7
18765.0	7
19427.0	5
18373.0	5
18766.0	5
18014.0	2
19134.0	2
18374.0	5
17985.0	5
19431.0	10
19136.0	2
18786.0	2
18785.0	2
19453.0	2
18788.0	2
18789.0	2
18790.0	2
19137.0	2
18424.0	1
18791.0	2
18397.0	10
17957.0	9
17962.0	4
17250.0	4
17963.0	4
17641.0	4
18795.0	4
18797.0	4
18796.0	4
18800.0	4
18802.0	4
19124.0	6
18801.0	4
18433.0	6
19167.0	4
18364.0	8
19130.0	9
18042.0	4
18842.0	7
18814.0	3
18871.0	7
18475.0	8
19176.0	5
18443.0	5
18441.0	5
19162.0	5
19180.0	5
18068.0	5
19179.0	5
18444.0	4
18815.0	2
18843.0	2
18478.0	4
18845.0	2
18844.0	2
18848.0	2
18846.0	2
18787.0	2
18446.0	9
19164.0	2
18044.0	6
18018.0	2
18398.0	2
17652.0	6
18851.0	3
18022.0	4
19165.0	10
18826.0	10
18457.0	4
18862.0	4
18827.0	4
18434.0	4
17644.0	6
18829.0	4
18830.0	4
18863.0	4
18460.0	4
18832.0	8
18807.0	4
17343.0	4
18502.0	8
18466.0	4
18528.0	9
18118.0	8
19195.0	4
18870.0	0
18875.0	4
18876.0	6
18922.0	6
18474.0	6
17665.0	8
17743.0	0
18906.0	5
18881.0	1
19198.0	1
18476.0	5
18480.0	6
18069.0	7
18884.0	6
16996.0	9
18485.0	9
19202.0	6
19499.0	9
18514.0	9
19203.0	10
18893.0	4
18492.0	4
18489.0	4
17699.0	6
17735.0	4
19194.0	9
19234.0	8
19237.0	8
18140.0	4
19238.0	7
18568.0	8
18566.0	8
18570.0	0
19273.0	0
18527.0	8
19560.0	5
18943.0	0
18921.0	0
18923.0	0
16994.0	8
19215.0	0
18946.0	8
18532.0	0
18571.0	5
19564.0	4
18537.0	9
18949.0	0
18541.0	0
17418.0	0
19258.0	0
17778.0	8
18185.0	0
18548.0	6
17725.0	9
15905.0	9
18599.0	8
18591.0	8
18606.0	7
18971.0	7
19302.0	7
18594.0	0
17791.0	0
19294.0	0
18983.0	8
18636.0	4
19633.0	4
19323.0	8
19309.0	8
19650.0	7
19924.0	4
19625.0	0
19332.0	4
18998.0	4
19010.0	4
12628.0	9
11187.0	9
19658.0	5
19324.0	8
19930.0	5
19944.0	5
19932.0	6
19661.0	6
19926.0	4
18701.0	4
17135.0	9
19951.0	7
19664.0	6
17859.0	6
19317.0	7
20237.0	10
19678.0	8
19955.0	4
19980.0	5
20239.0	10
19981.0	5
19983.0	2
19982.0	5
19356.0	4
19681.0	5
19984.0	5
19985.0	5
19941.0	7
19668.0	4
19986.0	5
19670.0	5
19987.0	5
19360.0	5
19682.0	5
19989.0	5
19957.0	5
19375.0	2
19990.0	5
20242.0	5
19041.0	10
20222.0	5
19671.0	2
19991.0	2
19070.0	2
19686.0	5
19992.0	2
19685.0	1
20243.0	5
19069.0	2
19673.0	9
16716.0	9
19689.0	4
20227.0	4
19688.0	4
19995.0	4
19674.0	5
19973.0	5
18360.0	0
19693.0	7
19366.0	0
18329.0	7
19695.0	0
19675.0	0
19405.0	4
19734.0	4
20005.0	8
19719.0	2
19720.0	5
19408.0	5
19721.0	2
20281.0	5
19387.0	10
20283.0	5
20251.0	10
19389.0	5
20253.0	10
19390.0	5
19701.0	5
19702.0	5
20254.0	10
18352.0	3
19703.0	10
20256.0	2
20257.0	5
19683.0	2
19087.0	10
20007.0	10
19704.0	1
20260.0	10
20008.0	2
19684.0	2
19110.0	3
19013.0	4
19417.0	9
19729.0	9
19421.0	9
17944.0	9
19398.0	5
16861.0	9
20014.0	8
19079.0	9
20274.0	9
19449.0	8
19743.0	4
20052.0	7
19428.0	4
19450.0	4
20310.0	2
19429.0	5
20035.0	5
20058.0	5
19748.0	1
20036.0	5
20059.0	10
19749.0	5
19750.0	5
19454.0	2
20060.0	2
19752.0	2
19754.0	2
19432.0	2
20331.0	2
19753.0	2
19456.0	2
18380.0	4
20038.0	10
19120.0	4
18382.0	4
18798.0	4
18402.0	4
19142.0	4
19143.0	4
19463.0	4
18409.0	4
20320.0	10
19764.0	10
19175.0	4
20082.0	5
20325.0	7
19767.0	5
19509.0	7
19161.0	9
13157.0	9
19513.0	5
19512.0	7
19769.0	2
19803.0	5
19746.0	2
20083.0	1
19804.0	5
19785.0	2
19772.0	1
20084.0	1
20057.0	10
19493.0	2
19478.0	2
16600.0	6
19479.0	2
20067.0	2
20341.0	10
19183.0	9
19788.0	4
19773.0	2
19182.0	4
19790.0	6
19185.0	3
19166.0	4
19508.0	8
18503.0	8
18874.0	8
18904.0	9
20110.0	7
19511.0	5
18506.0	0
19805.0	1
18880.0	7
18883.0	6
19806.0	1
19515.0	6
19514.0	5
20379.0	4
19807.0	4
19222.0	6
20380.0	4
19808.0	9
19232.0	0
19835.0	6
18939.0	8
19580.0	0
20134.0	0
19561.0	5
20149.0	7
20444.0	5
20445.0	5
18926.0	4
18951.0	0
20138.0	5
18152.0	0
19853.0	8
18954.0	0
17417.0	0
16370.0	9
17005.0	9
19865.0	8
19912.0	8
19904.0	0
20176.0	0
19604.0	6
19894.0	7
19895.0	0
19605.0	8
20769.0	8
19623.0	4
21020.0	5
20479.0	8
19656.0	4
20495.0	8
19347.0	4
19345.0	9
20483.0	8
19660.0	3
20773.0	5
20485.0	6
20775.0	5
17796.0	4
19933.0	7
20489.0	5
19935.0	7
19919.0	10
19312.0	6
20198.0	1
17886.0	9
17885.0	9
17884.0	9
20494.0	9
20220.0	8
20250.0	5
20513.0	8
20806.0	5
21066.0	5
20794.0	8
20796.0	5
20252.0	5
21067.0	5
21068.0	5
20807.0	10
20797.0	5
19667.0	4
20524.0	3
20241.0	3
20798.0	7
19956.0	5
21069.0	7
20809.0	5
21070.0	5
20525.0	7
12451.0	9
20223.0	5
20810.0	5
20823.0	5
21073.0	5
20526.0	5
20259.0	10
20527.0	10
21074.0	5
20799.0	10
21072.0	5
20826.0	10
19416.0	9
18643.0	9
19946.0	4
19996.0	4
19967.0	4
18705.0	4
32698.0	10
20530.0	10
18236.0	9
20815.0	9
20016.0	8
20277.0	4
20278.0	8
21079.0	8
19699.0	4
21100.0	5
20536.0	5
19385.0	4
20556.0	5
20557.0	5
21101.0	5
21081.0	5
20282.0	5
20819.0	5
20821.0	5
21082.0	5
20538.0	5
20822.0	2
20541.0	10
19722.0	6
20847.0	4
20017.0	4
20543.0	10
20258.0	2
19998.0	4
20273.0	0
21351.0	9
20046.0	9
20276.0	9
19733.0	8
20031.0	4
20620.0	7
20309.0	8
20055.0	5
20584.0	7
20605.0	5
20863.0	5
20606.0	5
21118.0	5
21129.0	5
21115.0	7
20586.0	5
20607.0	5
20608.0	5
21119.0	10
21117.0	5
20609.0	10
21121.0	5
20330.0	10
20610.0	5
20611.0	10
20041.0	4
21159.0	8
20081.0	8
19782.0	8
20600.0	8
20883.0	5
21143.0	6
20643.0	8
20326.0	5
19477.0	8
20329.0	5
21131.0	5
20328.0	5
19495.0	9
19411.0	9
19498.0	9
20629.0	4
19796.0	4
20640.0	8
20393.0	8
19801.0	8
21195.0	5
20712.0	7
21196.0	7
20922.0	5
16557.0	7
20938.0	5
20377.0	5
20400.0	4
20924.0	8
20405.0	8
19791.0	9
20095.0	6
18552.0	4
19268.0	9
20680.0	10
20709.0	0
20617.0	9
20105.0	9
20426.0	0
19817.0	8
20146.0	6
20129.0	8
20734.0	8
20430.0	0
20429.0	4
20939.0	5
17774.0	9
20170.0	5
18146.0	4
20981.0	6
20982.0	7
18076.0	0
19259.0	4
16372.0	9
19824.0	6
20741.0	8
19576.0	9
20450.0	5
20167.0	8
19890.0	0
16668.0	9
20457.0	0
20458.0	0
20753.0	7
19587.0	8
20473.0	4
20178.0	8
20779.0	8
21490.0	8
20480.0	4
21491.0	5
20190.0	4
21274.0	4
18991.0	9
19921.0	9
21035.0	9
20503.0	4
20506.0	6
20474.0	8
21036.0	7
21279.0	9
21278.0	8
21487.0	8
21045.0	7
21713.0	7
21046.0	7
21293.0	8
20804.0	8
21064.0	4
21728.0	7
21065.0	8
21515.0	5
21296.0	7
21308.0	5
21500.0	5
21501.0	5
21516.0	5
21297.0	4
21718.0	5
21730.0	5
21050.0	6
21302.0	5
21071.0	10
21721.0	5
21309.0	5
21505.0	2
21303.0	5
21734.0	2
21310.0	5
20772.0	9
21084.0	3
19961.0	3
21333.0	9
20010.0	9
21511.0	5
20186.0	9
21510.0	5
21534.0	6
21556.0	5
21535.0	5
21536.0	7
21773.0	5
21772.0	5
21342.0	5
21322.0	5
21747.0	7
21748.0	5
21749.0	5
21323.0	5
21307.0	2
21344.0	5
21324.0	7
21543.0	5
20315.0	4
20295.0	4
20297.0	4
21339.0	3
19401.0	4
20860.0	9
20219.0	9
16860.0	9
20049.0	8
20838.0	8
20583.0	4
21341.0	8
21790.0	7
20603.0	9
11488.0	9
20862.0	7
21356.0	10
21571.0	5
21130.0	5
21357.0	5
21120.0	5
21358.0	9
19118.0	9
15985.0	9
20864.0	4
20625.0	4
14409.0	9
21139.0	0
20599.0	4
21158.0	8
21814.0	7
21597.0	8
21142.0	7
21815.0	5
21181.0	8
20644.0	4
20956.0	9
20357.0	9
21145.0	4
18437.0	4
21192.0	6
21173.0	6
20902.0	8
21176.0	8
21194.0	5
21626.0	5
20936.0	5
20423.0	4
20373.0	4
21433.0	8
19837.0	8
20094.0	9
17763.0	9
20743.0	8
21846.0	7
19811.0	9
21431.0	8
21232.0	8
20718.0	9
21652.0	7
19889.0	8
20736.0	9
18536.0	9
21247.0	9
20431.0	4
21461.0	7
20983.0	9
20965.0	4
19186.0	9
20143.0	9
21454.0	7
14936.0	9
21864.0	5
21661.0	6
20758.0	8
21467.0	8
21673.0	7
21678.0	9
21460.0	9
21450.0	9
20440.0	9
21265.0	8
20780.0	4
22102.0	7
15495.0	9
21908.0	5
21907.0	5
21266.0	4
21706.0	7
21900.0	1
21060.0	9
21712.0	8
21292.0	7
21704.0	7
21928.0	5
21930.0	5
21931.0	3
21949.0	5
21729.0	4
22321.0	5
22304.0	7
22126.0	4
21918.0	5
21935.0	5
22118.0	5
21934.0	5
21936.0	5
22305.0	5
21717.0	5
22306.0	5
21938.0	10
21919.0	10
21494.0	9
16213.0	9
22127.0	9
17208.0	9
21545.0	9
22146.0	9
21735.0	9
21760.0	4
21923.0	5
21497.0	1
21925.0	5
22123.0	5
21724.0	7
22124.0	7
22116.0	8
22140.0	8
21744.0	8
21973.0	5
21974.0	5
21975.0	5
22349.0	8
22141.0	5
21537.0	8
22158.0	5
21746.0	8
21976.0	5
22159.0	5
22160.0	5
22338.0	5
22178.0	10
22142.0	5
21951.0	5
21950.0	5
21953.0	5
22144.0	5
16543.0	9
21778.0	6
20845.0	4
21327.0	4
21093.0	4
20577.0	6
18388.0	9
20187.0	9
21947.0	9
21567.0	8
21813.0	8
21788.0	8
22172.0	4
21791.0	7
22174.0	8
22176.0	7
20054.0	4
22005.0	5
21835.0	9
21989.0	5
21991.0	9
21387.0	4
19781.0	9
16000.0	9
22381.0	0
22189.0	3
21600.0	7
22028.0	5
22392.0	7
22015.0	4
22030.0	9
21448.0	9
21558.0	9
21406.0	4
22044.0	6
22386.0	8
20955.0	8
19856.0	4
16681.0	9
22047.0	9
22426.0	8
21650.0	8
21002.0	8
22242.0	8
22073.0	8
21676.0	9
22245.0	9
21457.0	7
22446.0	5
19878.0	8
17679.0	9
20759.0	9
18585.0	9
21686.0	8
22256.0	0
21876.0	8
21877.0	7
22278.0	7
22076.0	5
22464.0	5
20739.0	5
22465.0	7
21692.0	7
22081.0	7
21463.0	7
22280.0	9
21464.0	8
20757.0	8
22092.0	7
22474.0	7
22478.0	8
22655.0	5
22994.0	7
22635.0	6
22482.0	8
21895.0	4
22485.0	5
22484.0	8
21912.0	9
22287.0	5
22290.0	8
22103.0	5
22476.0	7
22640.0	7
22106.0	8
22108.0	9
22643.0	6
22664.0	5
22838.0	10
22666.0	5
22489.0	4
22839.0	5
22668.0	5
22303.0	8
22506.0	5
22816.0	5
22507.0	5
22840.0	5
22817.0	5
22654.0	5
22658.0	5
22510.0	7
22841.0	5
22656.0	10
22657.0	5
22842.0	5
22818.0	5
22819.0	5
20284.0	9
21940.0	9
22492.0	6
22496.0	4
22497.0	6
22829.0	5
22828.0	5
22504.0	5
22315.0	0
22318.0	9
22336.0	8
22173.0	8
22530.0	8
22362.0	5
22712.0	5
22531.0	7
22522.0	7
22855.0	7
22523.0	5
22881.0	5
22696.0	5
22857.0	5
23049.0	5
22680.0	5
22859.0	5
22860.0	5
22861.0	5
22681.0	5
22682.0	10
22862.0	5
21980.0	4
21979.0	4
17209.0	9
22525.0	4
20535.0	9
22529.0	8
21587.0	8
22157.0	8
22552.0	8
22908.0	8
21774.0	9
21821.0	4
22734.0	0
22387.0	7
22384.0	5
22567.0	5
22736.0	4
21812.0	7
22748.0	8
22588.0	8
22923.0	2
21796.0	9
21352.0	9
22419.0	4
22407.0	10
22213.0	6
22941.0	7
22761.0	3
22762.0	4
22764.0	8
21639.0	8
22259.0	8
22279.0	7
21674.0	3
22622.0	7
22611.0	8
22063.0	9
22080.0	9
21438.0	9
20722.0	9
22801.0	5
21883.0	8
22458.0	8
22785.0	7
22462.0	7
21690.0	8
22626.0	7
22800.0	8
23005.0	8
23342.0	7
22634.0	8
22810.0	8
22104.0	8
23027.0	4
23028.0	0
23365.0	5
23680.0	5
23050.0	2
23029.0	0
23179.0	7
23366.0	5
23197.0	5
23180.0	8
23031.0	5
23181.0	5
23004.0	5
23182.0	5
23505.0	5
23200.0	7
23349.0	5
23006.0	10
23370.0	2
23350.0	2
23351.0	5
23183.0	2
23665.0	5
22491.0	2
23035.0	5
23352.0	5
23007.0	5
23372.0	2
23184.0	5
22683.0	9
23185.0	10
23038.0	3
22822.0	6
23011.0	4
22128.0	9
23015.0	4
22833.0	6
23020.0	6
23059.0	0
23060.0	6
22880.0	6
23381.0	10
23382.0	5
23221.0	5
22856.0	4
23392.0	5
23220.0	5
23208.0	4
23222.0	2
23393.0	5
23540.0	5
23394.0	5
23062.0	7
23541.0	5
23223.0	5
23224.0	5
23395.0	5
23368.0	4
23385.0	10
23209.0	5
22150.0	4
22688.0	4
21762.0	4
21350.0	9
22706.0	7
21948.0	9
23075.0	8
23421.0	9
23236.0	5
23104.0	4
20130.0	4
21102.0	9
23067.0	9
22911.0	4
22920.0	8
23101.0	5
22577.0	4
23103.0	4
21574.0	9
22422.0	4
22939.0	8
23129.0	6
23298.0	0
23105.0	4
23445.0	5
23451.0	6
23136.0	7
23134.0	8
23270.0	9
23124.0	3
22957.0	8
23482.0	5
23147.0	8
22798.0	8
23500.0	8
23343.0	8
19357.0	9
23510.0	9
23353.0	9
23345.0	8
21956.0	9
23800.0	4
23678.0	7
24117.0	4
23178.0	8
23801.0	5
23659.0	7
23661.0	5
23660.0	4
23804.0	7
23802.0	5
23788.0	2
23662.0	5
23664.0	5
23681.0	5
23526.0	2
23789.0	5
23663.0	5
23790.0	10
23934.0	10
23666.0	2
23791.0	5
23667.0	5
23506.0	2
23668.0	5
23792.0	1
23507.0	5
23793.0	5
23051.0	9
23515.0	9
23805.0	6
23016.0	10
23202.0	9
23347.0	8
23356.0	9
23206.0	9
22836.0	8
23556.0	4
23193.0	8
23831.0	5
23981.0	5
23539.0	5
23832.0	5
23814.0	5
23695.0	7
23557.0	5
23960.0	7
23813.0	7
23833.0	5
23961.0	5
23834.0	5
23815.0	5
23962.0	7
23964.0	5
23708.0	5
23835.0	5
23817.0	5
23543.0	2
22685.0	6
23219.0	8
23586.0	7
22541.0	8
23983.0	5
22350.0	9
23404.0	5
23225.0	9
23239.0	3
23844.0	4
23567.0	4
23718.0	4
23606.0	8
23563.0	5
23598.0	8
23288.0	4
23755.0	0
19209.0	9
15429.0	9
23626.0	5
23627.0	6
23756.0	6
22780.0	4
23714.0	9
23766.0	6
23335.0	9
24278.0	7
24419.0	5
24103.0	5
24265.0	5
24267.0	10
18696.0	9
23943.0	4
23944.0	8
23959.0	7
23679.0	8
24100.0	5
24287.0	7
24118.0	7
24102.0	5
23933.0	10
24288.0	5
24424.0	5
24263.0	10
24289.0	5
24119.0	5
24104.0	5
23946.0	7
23947.0	2
24105.0	2
24425.0	5
24106.0	5
24107.0	2
24108.0	5
24280.0	2
24290.0	10
24109.0	5
24110.0	5
23948.0	1
24281.0	10
24291.0	2
24282.0	5
23936.0	9
20559.0	9
24295.0	0
24441.0	7
23795.0	8
23940.0	8
23958.0	4
23982.0	6
24303.0	5
24133.0	7
24328.0	5
24304.0	5
24134.0	5
24149.0	5
24306.0	5
24331.0	10
24444.0	5
24135.0	5
24151.0	5
24445.0	7
24332.0	5
24154.0	2
24635.0	2
23966.0	2
23545.0	4
24137.0	4
23969.0	4
24315.0	9
24316.0	9
24294.0	3
24321.0	0
23977.0	0
23828.0	8
20338.0	9
23857.0	6
18395.0	9
21775.0	9
23999.0	5
24153.0	5
24356.0	4
23102.0	9
23066.0	9
23743.0	8
23090.0	8
24190.0	4
23880.0	8
23898.0	8
23644.0	8
24243.0	7
23770.0	8
23777.0	0
24101.0	8
24908.0	5
24909.0	5
24910.0	5
24264.0	8
24570.0	10
24911.0	5
24421.0	5
24572.0	10
24903.0	5
24736.0	5
24732.0	8
24916.0	5
21039.0	9
24569.0	7
24917.0	7
24270.0	9
22864.0	9
21104.0	9
24098.0	7
24754.0	5
24755.0	7
24595.0	10
24756.0	5
24116.0	8
24918.0	5
24930.0	5
24596.0	5
24576.0	5
24933.0	5
24758.0	5
24597.0	7
24759.0	7
24577.0	10
24919.0	5
24920.0	5
24598.0	5
24579.0	5
24760.0	2
24599.0	5
24935.0	5
24742.0	5
24936.0	5
25260.0	2
24600.0	5
24580.0	10
24922.0	5
24434.0	5
24921.0	2
24581.0	5
24743.0	2
24582.0	5
24923.0	2
24761.0	2
24601.0	2
24583.0	2
24602.0	2
24762.0	5
24584.0	3
22294.0	9
24426.0	9
24746.0	9
24456.0	9
24586.0	9
24606.0	7
24769.0	7
24439.0	7
24771.0	7
24611.0	7
24609.0	7
24442.0	9
24284.0	8
24776.0	5
24302.0	4
24957.0	5
24615.0	5
24797.0	5
24798.0	1
24631.0	10
24777.0	5
24944.0	5
24469.0	5
24778.0	8
24799.0	10
24934.0	10
24801.0	5
24959.0	5
24634.0	5
24804.0	2
24446.0	7
24616.0	2
24805.0	10
24617.0	3
24808.0	10
24311.0	10
24333.0	4
23838.0	4
24457.0	3
24613.0	8
24815.0	8
23856.0	8
24973.0	6
23840.0	9
20285.0	9
24481.0	9
24802.0	5
25500.0	2
24803.0	5
24960.0	2
23843.0	4
24665.0	4
24509.0	4
24681.0	8
24670.0	6
23885.0	4
24064.0	6
24851.0	10
24525.0	5
20089.0	9
19506.0	9
24205.0	8
24530.0	8
23873.0	9
17404.0	9
24386.0	6
24237.0	8
25059.0	4
25063.0	8
25216.0	4
25228.0	5
24907.0	8
25229.0	5
25231.0	10
25410.0	10
25233.0	5
25234.0	5
25247.0	2
25411.0	7
24913.0	7
25060.0	3
25235.0	2
25085.0	10
23346.0	9
25062.0	5
25073.0	5
25237.0	5
25221.0	5
25222.0	5
25075.0	5
24915.0	10
25064.0	5
24904.0	10
25223.0	7
25412.0	5
25238.0	5
25065.0	5
25406.0	7
24271.0	7
25224.0	5
25240.0	5
25239.0	7
25078.0	10
22145.0	9
24747.0	6
24753.0	4
25254.0	8
25253.0	5
25095.0	5
25255.0	7
25243.0	4
25079.0	5
25437.0	5
25257.0	5
25420.0	2
25244.0	10
25096.0	5
25438.0	5
25080.0	5
25439.0	2
25081.0	10
25422.0	1
25258.0	2
25440.0	2
25083.0	2
25245.0	2
25259.0	2
25246.0	10
25084.0	5
25086.0	2
25088.0	2
25262.0	1
25101.0	2
25087.0	2
25263.0	2
25100.0	2
25424.0	5
25089.0	1
25261.0	2
22809.0	9
25428.0	6
25430.0	9
24767.0	9
24318.0	9
25093.0	9
24751.0	9
23976.0	9
25434.0	3
24590.0	8
24612.0	8
24816.0	8
25094.0	8
25456.0	2
25271.0	10
25124.0	10
25125.0	2
25457.0	5
25126.0	2
25272.0	10
25273.0	2
24943.0	5
25128.0	10
25274.0	5
25307.0	10
25477.0	2
25283.0	1
25284.0	1
25129.0	2
24307.0	6
23971.0	3
24620.0	4
24640.0	4
24625.0	8
24465.0	4
25122.0	5
25472.0	5
25121.0	8
24796.0	0
23559.0	9
22162.0	9
18784.0	9
23227.0	9
22535.0	9
25497.0	2
23588.0	9
25305.0	5
24651.0	9
25143.0	9
25498.0	5
24961.0	1
25161.0	9
24996.0	9
24488.0	4
25172.0	4
25009.0	4
25018.0	5
25013.0	6
25534.0	7
24698.0	4
25027.0	4
25188.0	5
25374.0	7
24866.0	8
25036.0	8
24510.0	9
23864.0	9
24551.0	8
25383.0	4
25201.0	6
24898.0	8
25783.0	4
25582.0	7
25990.0	8
25217.0	7
25584.0	4
25399.0	8
25992.0	7
25407.0	8
25225.0	9
25421.0	3
25802.0	10
26012.0	5
25600.0	5
25803.0	2
25602.0	5
25780.0	4
25590.0	7
26014.0	5
26013.0	2
25782.0	5
25402.0	5
25220.0	1
25823.0	5
26016.0	5
25594.0	7
25603.0	2
25807.0	5
25785.0	5
25999.0	7
26018.0	2
24571.0	9
25604.0	2
25595.0	5
25605.0	5
25787.0	7
25808.0	2
25786.0	3
25607.0	7
25597.0	7
26002.0	6
25809.0	5
25825.0	2
25810.0	1
25788.0	7
26003.0	4
26019.0	5
25608.0	5
26004.0	6
25791.0	3
25598.0	7
25792.0	4
26021.0	7
26022.0	7
26023.0	7
25448.0	9
25252.0	4
25831.0	5
25833.0	7
25832.0	5
26052.0	4
25834.0	5
25436.0	5
26029.0	7
25820.0	5
24275.0	8
25836.0	10
25835.0	5
26031.0	7
25627.0	5
25611.0	5
26032.0	5
25821.0	2
26054.0	2
25612.0	10
25837.0	2
26033.0	2
25423.0	5
25442.0	2
25838.0	2
26034.0	2
25628.0	2
25839.0	1
26037.0	5
26038.0	5
25613.0	2
26039.0	2
26057.0	1
25614.0	2
26058.0	2
25841.0	2
25443.0	2
25615.0	2
25840.0	2
24095.0	9
25826.0	6
25648.0	6
25632.0	4
25812.0	9
25102.0	9
26046.0	7
26047.0	7
25650.0	9
24789.0	9
25828.0	0
25637.0	0
24939.0	0
25104.0	0
25852.0	0
25450.0	0
25622.0	0
25873.0	6
25854.0	8
23257.0	9
25625.0	10
26066.0	2
25639.0	2
21127.0	9
25626.0	5
25874.0	10
25855.0	2
25876.0	5
25856.0	2
25877.0	5
26091.0	2
25476.0	2
25641.0	2
26067.0	5
25878.0	5
25655.0	10
25880.0	2
25879.0	10
25657.0	2
25882.0	2
25881.0	10
26094.0	2
25883.0	1
25658.0	2
25659.0	2
25661.0	6
24945.0	4
26073.0	4
25664.0	4
25861.0	4
25316.0	4
25647.0	3
25133.0	4
24627.0	3
25469.0	4
24114.0	9
25491.0	3
25453.0	8
25674.0	8
25509.0	10
25897.0	7
25893.0	5
25895.0	5
26108.0	3
25898.0	2
25899.0	2
26137.0	5
26110.0	5
26112.0	1
26092.0	2
23089.0	9
25701.0	9
25902.0	1
25338.0	3
24982.0	4
24984.0	4
25688.0	4
25931.0	6
22733.0	9
25528.0	8
26328.0	0
21345.0	9
24645.0	9
24855.0	9
26159.0	7
25954.0	7
25738.0	7
24886.0	9
25535.0	6
25538.0	0
25970.0	4
25962.0	6
25527.0	9
25378.0	8
21663.0	9
26388.0	4
26199.0	4
26389.0	8
25991.0	8
26596.0	8
26203.0	7
25995.0	7
26394.0	0
26598.0	7
26599.0	8
26204.0	8
26210.0	4
26211.0	5
26216.0	10
26616.0	8
25996.0	4
26410.0	5
26411.0	2
26217.0	2
25591.0	8
26430.0	2
26412.0	2
26397.0	4
26620.0	5
26398.0	5
26413.0	1
26399.0	5
26415.0	2
20781.0	9
26798.0	5
26207.0	10
26595.0	5
25072.0	9
26001.0	8
26400.0	5
26624.0	5
26220.0	10
26219.0	5
26209.0	7
26603.0	0
26221.0	2
26604.0	5
26417.0	1
26608.0	5
26402.0	7
26625.0	6
26222.0	0
26237.0	7
26212.0	8
26421.0	7
26024.0	0
26406.0	0
25649.0	9
26010.0	0
25242.0	9
25400.0	8
26223.0	8
26645.0	7
26228.0	8
26632.0	4
26030.0	5
26647.0	5
26248.0	10
26633.0	5
26446.0	5
26648.0	5
26230.0	2
26649.0	2
26431.0	2
26448.0	2
26447.0	2
26068.0	1
26056.0	2
26635.0	10
26429.0	5
26449.0	2
26234.0	5
26432.0	2
26636.0	2
26451.0	2
26450.0	2
26638.0	2
26235.0	2
26250.0	2
26435.0	4
25865.0	9
26438.0	4
25845.0	4
26077.0	6
26439.0	7
25867.0	9
26059.0	9
26242.0	0
26259.0	0
26441.0	0
26243.0	3
24464.0	9
26492.0	6
26457.0	5
26090.0	7
26458.0	6
26659.0	3
26460.0	5
26840.0	2
26461.0	2
26265.0	5
26266.0	1
26109.0	2
26462.0	2
26267.0	2
26481.0	2
26463.0	5
26678.0	5
26293.0	2
26841.0	5
26482.0	2
26661.0	5
26679.0	2
26294.0	2
26483.0	1
26093.0	2
26681.0	2
26095.0	2
26484.0	2
26471.0	6
26279.0	4
25864.0	4
26078.0	9
26297.0	4
26088.0	8
26520.0	5
26692.0	3
26326.0	7
26107.0	2
26494.0	7
25896.0	1
26715.0	8
26496.0	7
26522.0	7
26327.0	7
26306.0	10
22883.0	9
26695.0	2
26523.0	5
26697.0	1
26498.0	2
26499.0	2
26696.0	7
26138.0	2
26309.0	2
26329.0	6
26330.0	9
24497.0	9
26141.0	9
25317.0	4
26346.0	4
25523.0	4
26131.0	6
26154.0	8
26156.0	8
26526.0	9
26738.0	9
26359.0	7
26360.0	7
26542.0	7
25367.0	4
25726.0	4
26554.0	4
26349.0	4
26729.0	4
26560.0	9
26556.0	6
25748.0	8
25976.0	5
26580.0	5
26582.0	8
25386.0	7
26954.0	8
26961.0	4
26962.0	8
26200.0	8
26594.0	8
26602.0	7
26786.0	9
27168.0	8
26792.0	3
27370.0	8
26611.0	0
27181.0	0
26965.0	0
26957.0	8
26615.0	8
26618.0	8
26617.0	3
26977.0	2
26387.0	4
26978.0	2
27191.0	2
26803.0	7
26804.0	2
26966.0	5
26982.0	1
27186.0	7
26605.0	5
26806.0	6
26626.0	6
27198.0	4
26404.0	0
26807.0	0
26808.0	0
26811.0	9
26972.0	5
26796.0	5
26973.0	5
25416.0	9
26049.0	0
25853.0	0
27408.0	0
27206.0	8
26445.0	8
26051.0	4
26026.0	8
26644.0	4
27218.0	5
26426.0	4
27011.0	10
26995.0	10
27219.0	5
26662.0	7
26227.0	7
26427.0	8
27220.0	10
27431.0	5
26828.0	10
27235.0	2
26011.0	10
26997.0	2
27209.0	2
27012.0	10
27000.0	10
27211.0	5
26821.0	1
27212.0	10
26981.0	2
26830.0	2
26651.0	4
25866.0	9
26652.0	9
26076.0	9
26668.0	9
26833.0	6
26834.0	6
27017.0	4
26081.0	9
25112.0	9
25114.0	9
26064.0	0
26442.0	0
26643.0	0
26226.0	8
27227.0	7
26866.0	7
27060.0	5
27450.0	4
26839.0	1
27061.0	5
26869.0	5
27274.0	4
27261.0	2
26870.0	5
27029.0	5
27231.0	5
27030.0	2
26871.0	5
26842.0	2
27233.0	2
27232.0	5
27234.0	2
26872.0	2
27065.0	2
27236.0	2
26873.0	2
26874.0	2
26875.0	1
26876.0	2
25629.0	2
26846.0	9
26487.0	4
27222.0	6
27037.0	4
27039.0	4
26844.0	4
26275.0	4
26852.0	4
27048.0	10
26079.0	9
27055.0	4
24788.0	9
27075.0	4
26865.0	9
27272.0	4
26714.0	8
27080.0	1
27079.0	4
27292.0	7
27293.0	6
27273.0	5
27083.0	7
26694.0	5
27277.0	5
27103.0	7
27275.0	7
27104.0	7
26888.0	5
27276.0	5
27105.0	5
27278.0	5
26909.0	5
27084.0	5
27297.0	3
27298.0	7
26889.0	10
27279.0	5
27106.0	7
26700.0	6
26892.0	4
26703.0	6
27086.0	4
26895.0	4
26333.0	6
27089.0	3
26913.0	7
26718.0	9
26511.0	4
26727.0	4
26902.0	4
27317.0	7
26925.0	9
27318.0	7
27514.0	7
25942.0	9
26543.0	3
26755.0	4
25959.0	4
26744.0	8
26354.0	8
27142.0	6
26587.0	6
25771.0	9
26773.0	8
27173.0	4
27174.0	8
27175.0	4
27586.0	8
27379.0	8
27573.0	8
27786.0	7
27179.0	9
27788.0	8
27587.0	0
27588.0	5
27373.0	0
27591.0	0
26990.0	0
26797.0	8
27608.0	8
26802.0	8
27596.0	7
26979.0	4
27815.0	2
27394.0	2
27816.0	2
27395.0	2
27597.0	5
23782.0	9
27399.0	6
27801.0	5
27602.0	5
27805.0	10
27387.0	5
27400.0	4
26641.0	9
27388.0	0
26975.0	6
27403.0	4
28044.0	5
27811.0	5
28058.0	4
28027.0	7
25636.0	0
27390.0	7
27812.0	5
27427.0	6
27428.0	8
26815.0	4
26994.0	4
28069.0	5
27831.0	5
27642.0	5
27849.0	2
28070.0	10
26818.0	10
27832.0	1
27455.0	2
27851.0	10
27833.0	2
27615.0	2
27616.0	10
27237.0	9
27414.0	2
27013.0	8
27185.0	4
25631.0	9
26856.0	9
27623.0	3
26835.0	5
26655.0	8
25848.0	0
27845.0	7
27021.0	8
26903.0	9
26289.0	8
27685.0	8
26838.0	4
27478.0	4
27026.0	8
27896.0	5
28123.0	5
27686.0	5
26676.0	9
26816.0	9
27660.0	2
27867.0	2
28107.0	2
27869.0	2
27868.0	2
27483.0	5
27484.0	2
26682.0	6
27662.0	1
26666.0	9
27238.0	4
26070.0	4
27242.0	4
27038.0	4
27462.0	4
27046.0	4
27247.0	10
27470.0	2
27474.0	10
27256.0	6
26711.0	9
27507.0	0
27935.0	8
27480.0	8
27917.0	6
27700.0	7
27937.0	5
27719.0	4
27508.0	7
27720.0	6
27701.0	7
27705.0	6
27509.0	0
27704.0	7
27299.0	0
27706.0	1
27918.0	7
27941.0	5
27942.0	7
27723.0	0
27490.0	7
27919.0	1
26702.0	9
27063.0	9
26704.0	9
26896.0	9
26723.0	9
27499.0	4
27907.0	4
26934.0	4
27308.0	4
27714.0	4
24194.0	9
20090.0	9
26924.0	9
27329.0	8
26719.0	9
27332.0	9
26911.0	9
27335.0	0
26912.0	9
27336.0	0
27547.0	0
27321.0	4
27971.0	10
26940.0	4
27350.0	6
27326.0	9
27327.0	8
25376.0	9
25364.0	9
26948.0	8
24235.0	9
27999.0	7
27779.0	0
28253.0	0
27378.0	8
28008.0	8
28754.0	10
27793.0	8
28257.0	5
28010.0	7
28038.0	6
28519.0	6
28024.0	7
28250.0	0
28026.0	7
28525.0	5
28016.0	0
27799.0	6
28265.0	7
28029.0	7
28047.0	7
28049.0	8
28050.0	6
28289.0	7
28560.0	5
27377.0	4
28565.0	7
28035.0	9
27823.0	9
27645.0	9
27605.0	7
27196.0	4
28037.0	7
28277.0	5
28773.0	5
28039.0	2
28554.0	7
28556.0	7
28296.0	0
28571.0	0
27827.0	0
28298.0	7
28573.0	0
27829.0	8
28068.0	8
28578.0	5
28071.0	8
28086.0	10
28299.0	10
28579.0	2
28300.0	2
28301.0	2
27208.0	10
28580.0	5
26269.0	9
25276.0	9
28090.0	4
27434.0	9
28073.0	9
26270.0	9
28316.0	4
28098.0	4
26642.0	0
28307.0	7
26712.0	9
27657.0	8
28592.0	8
28363.0	7
28622.0	7
28607.0	5
28608.0	5
28340.0	6
27899.0	8
23715.0	9
28125.0	4
27262.0	6
26705.0	9
27435.0	9
25858.0	9
28315.0	10
27873.0	4
28110.0	2
28317.0	2
28130.0	4
27670.0	4
27877.0	4
27673.0	4
27465.0	4
27881.0	4
27694.0	4
28133.0	4
28616.0	4
27889.0	6
22916.0	9
26518.0	9
24440.0	9
28403.0	8
28643.0	7
28655.0	7
28384.0	0
27938.0	4
28140.0	0
28405.0	0
28143.0	4
27939.0	0
27721.0	0
28171.0	0
28146.0	4
27944.0	4
27726.0	6
27091.0	9
28664.0	9
26509.0	9
27711.0	6
27910.0	4
27947.0	4
28158.0	4
28421.0	4
24695.0	9
27964.0	8
28679.0	0
27295.0	9
28703.0	5
27951.0	0
28432.0	0
28707.0	5
28705.0	8
27334.0	0
28207.0	0
28209.0	0
25513.0	9
26931.0	9
28445.0	4
28447.0	4
24546.0	9
27978.0	9
27979.0	8
27751.0	0
27338.0	0
27981.0	8
27762.0	0
28711.0	6
27764.0	6
28233.0	9
28935.0	8
28936.0	0
28536.0	0
28246.0	4
28971.0	8
28524.0	8
28956.0	8
29212.0	8
28761.0	7
28282.0	8
28959.0	0
28762.0	9
28965.0	8
28980.0	6
29218.0	8
28782.0	7
28784.0	8
28783.0	8
28559.0	7
28994.0	7
28051.0	8
28785.0	5
29232.0	10
29231.0	10
28995.0	8
29233.0	10
29220.0	2
28757.0	6
28758.0	7
29221.0	9
28788.0	3
26810.0	9
29426.0	9
28285.0	9
28790.0	5
28792.0	0
29448.0	0
28572.0	0
28064.0	0
29006.0	8
29248.0	6
28808.0	7
28797.0	8
29241.0	8
29008.0	7
28796.0	7
29007.0	7
29023.0	6
29456.0	5
29254.0	7
28831.0	6
28800.0	4
28074.0	9
29026.0	4
28320.0	9
28088.0	9
28324.0	4
28819.0	4
29038.0	1
29015.0	9
27502.0	9
29089.0	9
28806.0	6
28843.0	4
27895.0	8
28829.0	5
29284.0	8
28844.0	8
28339.0	8
29057.0	5
28848.0	6
29059.0	9
29042.0	7
29266.0	3
29252.0	9
29046.0	9
28830.0	9
26465.0	9
28314.0	6
28853.0	4
27668.0	4
29028.0	10
28349.0	4
27926.0	4
28871.0	4
29276.0	6
29050.0	6
28618.0	6
26080.0	9
27949.0	9
28860.0	5
26837.0	4
29324.0	8
29328.0	8
29095.0	8
27932.0	7
29072.0	5
29071.0	8
29074.0	5
27529.0	9
29302.0	8
28866.0	7
29099.0	4
29305.0	5
29079.0	5
29334.0	4
28879.0	5
29336.0	6
28855.0	4
27924.0	4
28651.0	4
28153.0	4
29316.0	4
27748.0	3
28456.0	8
29535.0	7
28895.0	8
29128.0	0
28681.0	0
28682.0	0
28917.0	8
29151.0	5
29130.0	0
29376.0	5
28901.0	0
28466.0	3
28410.0	9
28903.0	1
28467.0	0
29549.0	3
28444.0	4
29161.0	9
28695.0	4
29362.0	4
29369.0	0
28429.0	9
28724.0	0
28469.0	0
28499.0	9
28490.0	8
28970.0	4
30038.0	7
29636.0	8
29629.0	5
29622.0	8
29826.0	8
29638.0	6
29618.0	5
29436.0	7
29229.0	8
29419.0	8
29219.0	7
29648.0	3
29438.0	8
29437.0	5
29855.0	5
29856.0	10
28276.0	9
29634.0	4
29010.0	9
29422.0	6
29838.0	5
29628.0	8
29423.0	8
29860.0	6
28256.0	8
29413.0	8
29651.0	2
29868.0	2
30045.0	6
29848.0	7
29869.0	5
30066.0	3
30065.0	6
29659.0	9
29431.0	9
29446.0	9
29669.0	0
29886.0	10
29887.0	7
29873.0	10
29888.0	10
29670.0	5
29451.0	8
29890.0	10
29666.0	8
29455.0	5
29024.0	6
29876.0	9
28594.0	6
29898.0	4
29676.0	10
30077.0	6
29245.0	4
28799.0	9
30097.0	4
29030.0	4
30080.0	6
30104.0	9
29479.0	9
30109.0	5
29480.0	0
29503.0	8
29056.0	8
30113.0	7
29701.0	7
29919.0	7
29920.0	3
29942.0	4
28364.0	3
28609.0	9
29020.0	9
28087.0	9
26879.0	6
29293.0	10
29269.0	4
29513.0	4
29476.0	4
29493.0	4
28614.0	4
28839.0	6
29517.0	6
29519.0	6
29322.0	8
29742.0	7
29741.0	7
29723.0	7
29303.0	7
29304.0	5
29727.0	5
29726.0	5
29728.0	9
29306.0	4
29308.0	4
28151.0	6
30139.0	10
29552.0	4
29346.0	4
27925.0	4
30163.0	4
29948.0	4
29534.0	4
29579.0	0
29562.0	8
29563.0	0
29566.0	5
29778.0	8
29580.0	8
29779.0	0
30176.0	5
30028.0	0
29154.0	5
29380.0	0
29156.0	6
29765.0	4
30002.0	6
27968.0	9
30031.0	6
28235.0	8
29598.0	9
29768.0	8
29800.0	6
30023.0	7
29801.0	5
29385.0	8
29168.0	5
30039.0	7
30412.0	7
29854.0	8
29835.0	4
29857.0	4
28563.0	9
28564.0	9
29836.0	8
28812.0	9
29840.0	8
30084.0	3
30422.0	7
30214.0	4
30215.0	7
30048.0	7
30216.0	7
30049.0	7
30231.0	6
29852.0	8
28803.0	8
29922.0	8
30070.0	4
29872.0	8
30234.0	5
30073.0	7
30090.0	6
30256.0	10
30237.0	10
29907.0	4
30083.0	3
29458.0	9
30460.0	2
30246.0	8
29939.0	5
30281.0	5
30112.0	8
30115.0	8
29507.0	4
29681.0	4
30296.0	4
30316.0	5
30172.0	8
29542.0	4
30321.0	6
30136.0	5
28685.0	4
29735.0	4
29551.0	4
30143.0	4
29956.0	6
30169.0	10
30010.0	8
30171.0	7
28656.0	0
30173.0	5
30369.0	7
28730.0	9
29811.0	8
30393.0	7
30557.0	7
29379.0	5
7412.0	8
8008.0	5
8007.0	5
8196.0	5
8373.0	5
8006.0	10
8555.0	5
8541.0	8
9142.0	10
8578.0	5
