label_id	anchor_x	anchor_y	anchor_z	bb_min_x	bb_min_y	bb_min_z	bb_max_x	bb_max_y	bb_max_z	n_points	cell_id	nucleus_id
10.0	210.4	146.8	48.5	191.28	146.8	48.5	210.48	153.52	57.1	262.0	4237.0	2717.0
100.0	220.4	160.16	31.8	203.36	147.68	0.2	221.36	161.92	63.2	993.0	2197.0	1718.0
101.0	200.56	207.68	32.1	152.24	188.08	21.2	200.96	210.32	58.3	632.0	2299.0	1583.0
103.0	196.32	205.44	37.7	177.2	186.88	0.2	196.88	208.24	61.2	962.0	2788.0	1880.0
109.0	213.12	179.44	71.0	212.56	177.2	68.6	213.28	179.52	71.1	12.0	7299.0	4013.0
113.0	184.48	183.92	66.0	176.64	177.2	50.8	184.56	188.56	66.1	506.0	6079.0	3633.0
115.0	182.96	187.6	66.7	175.36	164.16	56.2	197.2	187.68	66.8	452.0	6340.0	3703.0
117.0	179.52	190.08	66.3	178.64	186.88	55.7	195.04	195.28	66.4	331.0	6339.0	3699.0
119.0	181.84	193.12	65.3	178.64	186.88	55.5	191.36	194.64	65.4	259.0	6603.0	3701.0
12.0	206.8	150.08	48.1	191.04	148.0	48.1	206.88	154.0	56.2	296.0	3899.0	2714.0
125.0	193.28	201.6	76.5	189.44	177.76	68.9	200.88	222.4	76.6	480.0	7955.0	4432.0
127.0	196.08	207.28	76.0	189.12	184.32	61.1	200.08	219.2	76.1	737.0	7746.0	4433.0
13.0	189.28	188.08	70.5	184.48	175.28	42.9	194.96	191.76	70.7	908.0	7077.0	4085.0
133.0	222.88	172.8	80.3	201.76	168.0	64.8	238.48	179.04	81.7	652.0	8280.0	4704.0
135.0	206.32	162.24	69.0	190.08	159.12	57.1	206.4	178.72	69.1	337.0	6782.0	3933.0
137.0	201.6	212.24	62.8	185.76	191.28	62.0	201.68	212.32	66.4	305.0	5870.0	3771.0
139.0	201.92	212.56	60.5	186.8	192.48	60.5	202.0	212.64	64.6	169.0	5426.0	3436.0
141.0	198.56	209.2	61.5	190.96	180.8	61.5	198.64	209.28	71.7	361.0	5651.0	3435.0
148.0	203.2	205.36	84.6	190.96	182.4	63.3	211.36	218.72	84.7	537.0	8504.0	5049.0
149.0	203.28	200.56	84.1	191.12	179.2	60.7	215.52	218.72	84.2	1050.0	8699.0	5048.0
151.0	206.16	204.16	85.7	190.96	191.84	73.0	207.92	218.8	86.7	250.0	8883.0	5054.0
152.0	221.84	178.48	83.2	198.08	171.12	63.6	237.76	194.48	83.6	775.0	8660.0	5001.0
154.0	220.56	175.2	81.0	201.6	172.24	63.7	238.0	191.68	82.3	492.0	8086.0	4703.0
157.0	224.88	164.88	91.7	203.92	162.72	71.6	238.8	172.56	91.8	450.0	9370.0	5225.0
158.0	227.44	171.6	91.6	207.28	160.64	71.8	235.92	173.36	91.7	394.0	9012.0	5279.0
160.0	205.68	139.36	34.5	180.4	121.92	10.0	207.2	141.6	52.0	431.0	2173.0	1640.0
162.0	208.48	140.32	33.9	181.36	124.56	9.9	209.76	144.4	52.7	565.0	2329.0	1306.0
164.0	208.0	136.16	33.4	182.64	123.6	10.1	208.48	142.0	60.3	606.0	2328.0	1303.0
166.0	204.72	140.4	29.0	180.0	125.92	6.9	205.44	142.0	57.5	599.0	824.0	1024.0
167.0	202.8	137.92	34.7	183.36	124.8	9.9	209.76	144.56	47.3	424.0	1834.0	1301.0
169.0	199.84	141.04	32.9	187.44	137.28	11.1	202.48	143.76	42.2	138.0	1540.0	23.0
171.0	208.64	137.6	27.1	174.08	129.6	8.7	208.8	193.68	66.9	938.0	1104.0	1025.0
173.0	208.96	141.36	24.2	182.48	135.84	8.4	211.12	154.88	57.8	722.0	1258.0	788.0
176.0	200.72	135.92	17.6	182.48	135.36	5.4	203.92	146.4	53.3	624.0	825.0	780.0
178.0	206.64	142.88	29.5	177.68	121.2	6.6	207.92	186.64	63.9	1074.0	1849.0	1299.0
179.0	152.0	183.28	31.6	136.32	163.28	11.6	182.0	194.64	63.5	611.0	2229.0	1399.0
181.0	148.0	179.04	31.2	139.04	167.52	6.9	166.64	191.6	52.0	718.0	2230.0	1748.0
183.0	147.52	182.8	35.4	140.48	167.12	14.0	164.64	189.04	48.4	733.0	2394.0	1747.0
187.0	145.12	187.76	33.9	136.16	164.96	11.0	177.12	191.68	57.4	752.0	2395.0	1827.0
189.0	146.08	185.92	39.6	136.0	164.72	11.5	184.72	194.16	66.8	805.0	2908.0	2103.0
191.0	148.4	189.68	38.3	138.08	167.12	12.7	184.24	195.92	62.7	841.0	1923.0	2173.0
193.0	152.24	189.76	41.0	136.48	166.16	10.2	205.44	193.76	72.4	856.0	3085.0	2177.0
195.0	142.4	175.36	32.4	138.24	160.24	15.6	162.96	187.2	50.0	485.0	2209.0	1387.0
197.0	145.04	175.84	29.5	135.92	165.36	13.7	163.68	187.52	48.5	546.0	1900.0	1389.0
199.0	145.44	180.88	26.7	136.64	165.44	9.2	163.6	188.96	53.2	555.0	1921.0	1390.0
201.0	146.8	173.2	36.8	138.64	165.52	15.3	188.08	187.76	49.3	924.0	2210.0	1745.0
203.0	143.52	183.04	29.0	143.36	166.96	10.8	186.88	189.36	48.8	1249.0	1922.0	1388.0
205.0	144.48	186.88	30.1	133.6	170.88	6.5	160.48	192.0	57.7	744.0	2076.0	1482.0
207.0	147.36	183.52	31.7	141.6	143.04	6.5	209.68	195.6	67.1	1341.0	2077.0	1393.0
209.0	169.52	219.2	71.8	167.2	191.44	53.1	179.84	219.28	71.9	415.0	6654.0	4130.0
21.0	224.88	166.56	69.1	203.6	166.0	63.4	224.96	175.76	69.4	669.0	6568.0	4023.0
211.0	167.44	215.12	60.0	167.44	181.44	47.4	212.08	215.2	60.8	1058.0	5435.0	3410.0
213.0	164.08	216.16	63.6	163.84	176.08	51.5	206.8	225.68	65.2	1044.0	5662.0	3409.0
215.0	172.88	216.64	62.6	169.52	185.68	50.8	194.0	216.72	64.2	817.0	5877.0	3753.0
216.0	170.16	213.92	65.2	164.4	184.08	49.4	208.08	225.36	68.5	1273.0	6120.0	3750.0
218.0	165.12	211.12	61.4	163.2	183.68	50.6	216.64	218.08	68.1	1043.0	5188.0	3411.0
220.0	163.6	218.56	66.4	163.52	190.16	51.9	181.68	224.96	67.4	584.0	6642.0	4125.0
222.0	168.56	210.08	64.3	166.08	177.28	40.7	198.0	210.64	68.0	1816.0	5647.0	3748.0
223.0	171.36	213.12	60.3	166.72	195.68	50.1	173.2	218.96	60.7	274.0	5421.0	3416.0
225.0	170.24	217.84	58.1	169.28	183.44	51.3	191.84	217.92	60.5	847.0	5191.0	3414.0
226.0	161.76	208.0	61.6	159.76	195.28	53.1	169.84	225.12	65.9	266.0	5862.0	3405.0
228.0	155.92	211.44	60.2	152.96	166.96	43.2	211.36	223.2	60.6	1836.0	5416.0	3401.0
230.0	232.24	137.2	65.5	200.8	137.2	52.9	239.52	179.36	65.6	1201.0	6224.0	3525.0
232.0	233.84	139.36	61.2	197.92	138.48	52.6	240.32	187.84	66.2	1179.0	5507.0	3233.0
234.0	232.48	147.04	59.4	196.72	144.0	51.9	234.08	178.32	63.9	1321.0	5102.0	0.0
236.0	225.28	145.44	59.4	195.6	143.28	52.3	241.84	183.6	65.1	1230.0	5506.0	3224.0
238.0	223.92	145.04	63.9	208.08	144.64	54.7	224.0	156.08	64.0	203.0	5530.0	3520.0
240.0	230.8	144.64	64.5	200.32	143.6	53.2	230.88	174.64	65.1	756.0	5759.0	3524.0
242.0	226.24	144.0	67.2	199.28	138.96	52.1	240.24	195.68	67.3	1475.0	6255.0	3888.0
244.0	227.44	132.64	57.6	209.84	132.64	55.4	227.52	157.28	58.8	251.0	5041.0	3225.0
246.0	229.52	135.68	57.8	209.28	135.68	54.9	229.6	148.48	59.0	189.0	5078.0	3227.0
248.0	225.68	128.8	59.6	197.36	128.8	39.5	225.76	178.88	60.3	1364.0	5254.0	3223.0
249.0	227.04	141.36	61.0	200.16	138.72	53.6	241.36	198.16	69.6	1140.0	5077.0	3226.0
251.0	225.44	136.16	59.8	198.72	136.16	53.5	225.52	176.08	68.4	1452.0	5279.0	3222.0
253.0	223.36	139.12	57.8	201.36	124.88	54.0	232.32	162.24	59.5	759.0	5039.0	3220.0
255.0	223.04	132.64	56.5	194.0	132.64	39.2	223.12	178.24	60.3	1277.0	5040.0	3221.0
257.0	226.56	140.8	63.0	194.08	140.8	41.4	226.64	177.36	63.1	1867.0	5737.0	3522.0
259.0	169.36	178.08	14.4	156.56	164.64	4.9	173.6	187.68	53.4	804.0	649.0	675.0
26.0	216.32	171.2	15.5	208.16	151.84	0.1	223.92	171.84	37.5	538.0	538.0	716.0
261.0	171.76	175.36	19.8	155.76	163.68	5.2	173.12	190.0	52.8	721.0	875.0	873.0
263.0	167.36	174.48	20.7	152.4	162.64	4.2	169.36	188.16	46.0	833.0	1008.0	869.0
265.0	166.16	171.2	18.0	156.96	163.6	5.7	173.84	185.36	52.5	723.0	743.0	674.0
269.0	169.68	178.48	17.7	157.12	167.76	10.1	172.72	192.96	51.9	536.0	1033.0	872.0
271.0	174.72	180.8	18.8	153.68	161.76	4.9	174.96	192.88	57.6	811.0	1035.0	875.0
273.0	165.12	178.8	18.6	156.0	168.72	9.6	169.12	189.92	41.1	282.0	1031.0	868.0
275.0	175.84	176.96	18.4	156.4	164.08	4.8	176.88	184.8	56.5	786.0	1009.0	876.0
277.0	167.68	182.96	17.8	155.68	167.68	7.8	169.12	190.88	42.0	411.0	1034.0	870.0
279.0	169.68	178.64	21.9	155.76	168.56	12.4	170.56	191.44	42.7	472.0	1172.0	1118.0
281.0	177.2	181.6	15.5	154.56	163.76	4.8	178.08	195.28	48.3	589.0	896.0	680.0
283.0	173.92	185.12	15.0	157.12	168.24	9.7	174.8	193.6	43.5	502.0	772.0	678.0
285.0	171.52	182.72	20.1	154.8	164.72	4.6	172.24	194.4	46.6	569.0	1032.0	874.0
287.0	177.28	186.96	14.7	157.68	167.12	8.8	177.52	191.84	47.6	768.0	774.0	734.0
289.0	226.16	158.08	71.4	202.24	158.08	54.2	226.24	197.52	72.3	690.0	6785.0	4317.0
291.0	226.0	154.48	74.2	204.72	154.48	54.6	226.08	194.64	74.3	599.0	7261.0	4315.0
293.0	222.8	162.56	71.8	200.88	153.44	57.6	224.4	172.48	74.1	1298.0	6284.0	3945.0
295.0	231.92	161.84	73.2	204.72	160.08	54.5	232.0	195.04	73.3	615.0	7263.0	4318.0
297.0	227.76	150.16	78.4	204.4	150.16	54.1	227.84	196.16	78.5	606.0	7870.0	4644.0
299.0	230.32	155.04	80.8	205.12	155.04	54.9	230.4	192.72	80.9	610.0	8067.0	4646.0
3.0	220.72	164.64	68.6	209.04	164.64	56.8	220.8	179.76	68.8	499.0	6533.0	3944.0
30.0	226.08	159.84	23.6	212.0	148.8	0.2	227.04	165.84	61.3	1331.0	1293.0	847.0
301.0	231.04	158.48	78.7	221.44	150.08	68.2	234.48	158.96	84.6	140.0	7481.0	4647.0
303.0	232.4	148.24	77.6	216.4	142.96	68.6	234.88	160.64	82.6	159.0	6758.0	114.0
305.0	218.64	158.96	74.5	195.92	158.96	52.3	218.72	196.64	74.6	860.0	7260.0	4309.0
307.0	233.2	163.36	78.5	220.32	158.56	69.2	233.28	163.84	78.6	99.0	8089.0	4648.0
309.0	236.56	162.48	71.7	191.6	162.48	43.3	236.64	193.12	72.4	1441.0	7265.0	3956.0
311.0	226.8	161.04	68.9	186.48	161.04	52.2	226.88	194.24	74.3	1390.0	6535.0	3948.0
313.0	228.24	171.28	72.1	200.8	151.52	60.9	228.32	171.36	72.3	179.0	7289.0	4030.0
315.0	229.04	168.4	70.8	186.0	164.24	64.4	229.12	190.48	70.9	678.0	7288.0	4029.0
317.0	229.04	164.4	69.8	201.76	164.32	55.9	229.12	197.92	73.9	868.0	7033.0	3950.0
319.0	234.16	168.96	71.6	195.52	166.0	65.3	234.24	183.28	72.8	534.0	7290.0	4032.0
32.0	170.08	174.24	15.3	156.8	165.6	5.0	174.0	184.32	54.6	953.0	745.0	6.0
321.0	191.44	143.36	28.4	176.08	130.16	5.4	204.72	147.04	58.5	454.0	1538.0	1010.0
323.0	195.92	146.0	20.2	176.16	131.92	5.3	201.36	150.8	51.4	522.0	967.0	819.0
325.0	200.64	144.4	22.3	176.96	128.88	5.4	208.32	147.04	51.2	466.0	1399.0	1019.0
327.0	195.2	145.04	25.1	177.36	126.48	5.2	205.52	146.32	50.3	573.0	1397.0	1015.0
329.0	193.04	148.08	23.3	180.4	140.64	13.2	202.32	149.84	45.7	309.0	1271.0	1053.0
33.0	191.68	202.56	38.1	175.6	188.32	0.1	195.2	207.6	61.5	1974.0	2430.0	0.0
331.0	188.88	145.92	21.3	175.2	136.24	7.7	199.52	149.84	45.6	365.0	950.0	812.0
333.0	197.92	148.0	26.1	173.84	124.64	6.0	205.84	148.08	55.2	539.0	1548.0	1057.0
335.0	198.72	152.08	27.0	177.92	129.68	8.2	207.44	180.16	63.6	800.0	1703.0	1348.0
337.0	191.44	142.24	21.8	176.96	132.72	5.1	198.88	149.84	49.7	503.0	1102.0	774.0
339.0	193.52	140.08	23.9	174.0	124.96	6.9	195.44	146.4	39.8	312.0	1396.0	1012.0
341.0	197.52	141.92	20.3	176.32	125.76	5.9	208.64	145.28	47.9	533.0	1108.0	10.0
343.0	200.0	139.92	23.3	181.52	133.04	5.7	202.8	142.16	36.5	266.0	1103.0	1018.0
345.0	195.76	137.92	20.8	181.92	132.56	5.8	200.4	140.08	27.2	93.0	953.0	778.0
347.0	188.0	141.52	21.2	177.36	131.6	4.9	198.56	150.16	57.0	563.0	1099.0	771.0
349.0	191.12	136.88	18.2	181.52	132.72	5.6	193.84	138.08	21.6	71.0	1253.0	772.0
351.0	211.52	152.48	23.7	210.48	143.52	0.6	222.56	161.68	59.2	455.0	969.0	833.0
353.0	213.12	149.84	20.6	212.48	144.72	0.2	221.2	160.72	53.4	412.0	1123.0	835.0
355.0	215.68	153.52	19.5	204.96	143.76	0.1	223.2	161.44	61.6	499.0	365.0	838.0
357.0	207.36	147.2	14.3	207.12	145.04	0.2	222.08	160.88	41.3	273.0	256.0	653.0
359.0	219.36	154.64	20.2	176.08	117.52	0.1	222.8	162.16	62.5	630.0	835.0	841.0
361.0	218.56	153.92	24.8	196.0	142.56	0.6	222.72	161.84	63.9	514.0	1125.0	1075.0
363.0	215.44	161.6	30.5	212.8	146.08	0.2	221.92	163.92	49.9	358.0	1124.0	1365.0
365.0	221.44	156.16	26.6	194.32	147.12	5.4	223.6	161.84	64.2	524.0	1415.0	1079.0
367.0	210.56	146.64	14.6	210.24	142.8	0.3	223.84	161.92	46.4	280.0	364.0	656.0
369.0	211.92	154.88	18.9	174.88	116.24	0.2	222.0	162.56	62.6	644.0	622.0	834.0
37.0	170.16	175.12	12.7	157.28	164.24	5.4	173.84	189.92	49.3	1323.0	406.0	537.0
371.0	209.84	160.8	18.6	203.52	148.08	0.2	221.52	163.12	64.4	526.0	730.0	832.0
373.0	212.56	159.92	20.8	188.72	148.24	0.1	221.12	180.72	65.5	642.0	995.0	837.0
375.0	216.32	160.08	19.3	203.28	146.08	0.1	221.52	162.96	64.1	541.0	734.0	839.0
377.0	220.32	160.8	23.3	204.16	146.0	0.2	222.0	164.32	64.1	595.0	733.0	1076.0
379.0	223.52	158.08	25.0	193.68	148.16	0.2	224.88	163.68	64.3	551.0	1428.0	1081.0
381.0	215.36	202.96	68.9	195.6	183.28	46.8	225.92	203.36	71.8	1134.0	5858.0	3719.0
385.0	218.24	197.44	67.6	192.96	173.76	41.2	218.32	197.52	72.3	668.0	6859.0	4097.0
387.0	197.6	208.72	30.3	188.88	199.28	29.0	199.92	208.8	42.6	153.0	2140.0	1581.0
389.0	197.84	209.68	37.7	180.16	202.8	25.6	200.08	210.88	57.5	235.0	2630.0	2275.0
39.0	214.8	156.32	27.3	197.92	145.76	0.4	221.36	162.72	63.8	1269.0	1425.0	1070.0
391.0	198.0	209.04	41.5	180.48	201.84	26.3	201.04	212.0	57.8	204.0	2447.0	2276.0
393.0	195.84	202.0	33.7	166.72	190.24	0.0	196.48	208.0	62.8	557.0	1648.0	1532.0
395.0	195.04	195.76	23.6	177.6	189.92	0.1	195.84	208.64	61.1	475.0	1059.0	1218.0
397.0	201.84	204.0	32.5	184.8	184.08	12.2	205.12	207.76	60.9	465.0	2143.0	1885.0
399.0	198.24	200.08	25.0	171.84	187.68	0.4	200.08	207.6	61.0	957.0	1506.0	1223.0
40.0	168.4	196.24	45.5	166.16	182.88	45.5	168.48	196.32	55.2	183.0	3618.0	2522.0
401.0	195.68	209.76	33.7	169.52	190.72	22.6	200.96	211.28	62.2	599.0	2445.0	1938.0
403.0	193.6	210.0	36.7	176.32	180.56	0.1	194.0	210.88	64.0	643.0	2139.0	1937.0
405.0	187.68	208.56	23.4	150.48	184.48	0.0	188.96	213.44	57.4	507.0	1501.0	1251.0
407.0	188.32	203.84	26.3	167.52	188.8	8.1	189.52	208.24	61.8	694.0	1796.0	1212.0
409.0	187.92	199.12	25.6	177.84	194.72	0.1	190.96	207.92	42.5	256.0	1646.0	1211.0
411.0	183.84	194.48	20.8	171.52	192.64	0.1	190.0	209.68	59.4	616.0	1058.0	952.0
413.0	189.36	193.04	18.5	174.72	188.72	0.1	191.76	208.88	62.8	691.0	778.0	957.0
415.0	192.16	198.72	21.0	168.96	191.04	0.2	192.24	208.8	64.3	929.0	1364.0	959.0
417.0	190.96	148.48	42.3	188.8	146.72	42.3	202.32	156.4	53.6	350.0	3205.0	2043.0
419.0	187.2	148.0	44.8	187.2	146.0	44.8	196.88	150.4	53.7	116.0	3534.0	2386.0
42.0	202.8	139.68	40.5	180.64	117.6	10.3	206.0	143.28	53.6	578.0	2842.0	39.0
421.0	188.48	152.0	43.8	180.8	146.64	43.4	197.52	169.68	54.1	583.0	3357.0	2044.0
423.0	192.48	146.0	47.4	191.2	146.0	47.4	200.48	151.92	53.2	210.0	3535.0	2388.0
425.0	194.32	152.48	38.2	184.8	147.68	38.2	195.44	169.52	53.3	283.0	2860.0	1691.0
429.0	185.6	152.4	36.6	176.72	145.84	36.6	195.92	171.84	53.6	476.0	1715.0	1678.0
431.0	204.48	152.72	48.1	198.64	148.32	48.1	204.56	155.68	55.9	92.0	4059.0	2713.0
433.0	204.48	149.6	45.4	189.12	147.52	45.4	204.56	158.24	56.6	195.0	3731.0	2393.0
435.0	212.16	153.84	49.3	197.44	147.68	49.2	212.24	153.92	53.7	61.0	4238.0	2716.0
437.0	214.32	153.92	47.0	196.72	147.52	46.7	214.4	154.08	50.7	60.0	3919.0	2406.0
439.0	213.52	155.12	42.3	199.28	145.28	42.3	213.6	155.2	51.0	125.0	3391.0	2072.0
441.0	207.44	154.08	45.5	198.08	147.04	45.5	207.52	154.16	49.9	41.0	3732.0	2395.0
443.0	202.56	152.16	43.2	194.08	146.48	43.2	202.64	152.24	52.1	88.0	3361.0	2392.0
445.0	209.12	150.72	44.5	195.52	145.68	44.5	209.2	150.8	56.1	124.0	3363.0	2397.0
447.0	213.92	151.52	44.4	194.56	147.52	44.4	214.0	151.6	52.6	113.0	3538.0	2401.0
449.0	213.2	149.28	51.3	197.04	147.04	48.6	213.28	149.68	54.5	104.0	4239.0	2720.0
45.0	185.12	155.92	42.6	185.12	147.28	38.5	193.52	156.0	51.8	229.0	3046.0	0.0
451.0	198.88	150.4	48.7	192.8	145.28	48.7	198.96	150.48	53.2	93.0	3898.0	2712.0
453.0	214.0	157.36	46.7	195.6	144.24	46.7	214.08	157.44	52.5	193.0	3756.0	2402.0
455.0	208.08	156.8	41.1	197.28	147.28	41.1	208.16	156.88	49.5	56.0	3229.0	2062.0
457.0	215.84	157.84	39.8	202.56	130.32	13.6	218.56	158.64	56.2	270.0	2692.0	2070.0
459.0	202.24	155.6	38.0	201.04	149.12	38.0	207.68	156.32	53.6	100.0	2878.0	1697.0
461.0	220.16	146.96	47.1	195.68	146.24	47.1	220.24	148.96	52.3	92.0	4061.0	2726.0
463.0	210.88	154.88	39.2	191.04	146.8	39.2	210.96	154.96	53.8	185.0	2881.0	2064.0
465.0	211.68	158.64	37.1	200.16	129.6	13.7	219.68	197.44	69.0	746.0	1404.0	1708.0
469.0	200.96	145.52	43.5	198.32	143.92	43.5	206.88	152.08	54.6	227.0	3208.0	2055.0
47.0	186.72	186.32	68.3	184.24	173.36	42.4	195.76	191.92	68.4	1193.0	6815.0	4004.0
471.0	215.68	153.28	36.9	202.16	130.24	13.5	218.56	153.36	58.4	450.0	2691.0	1716.0
473.0	200.56	149.28	39.6	200.4	144.16	39.6	206.96	149.36	52.8	157.0	3031.0	2053.0
475.0	221.12	154.0	45.4	199.68	144.16	45.4	221.2	154.08	54.2	255.0	3901.0	2410.0
477.0	220.32	153.12	43.2	201.92	150.0	43.2	220.4	155.92	51.8	105.0	3539.0	2408.0
479.0	220.88	155.68	36.2	199.04	143.76	36.2	220.96	155.76	52.6	425.0	2533.0	1719.0
481.0	198.0	152.0	40.6	198.0	142.64	40.6	205.84	152.08	51.9	199.0	2861.0	2052.0
483.0	172.08	190.8	44.8	166.08	182.64	44.8	172.16	190.88	52.3	80.0	3437.0	2525.0
485.0	170.0	190.96	41.4	165.12	182.32	41.4	170.08	191.04	51.6	95.0	3088.0	2192.0
487.0	175.84	204.0	35.5	167.04	181.92	35.5	175.92	204.08	48.4	116.0	2783.0	1861.0
489.0	169.76	186.16	43.5	164.4	170.96	43.5	173.68	186.24	51.9	243.0	3268.0	2195.0
49.0	189.2	146.88	48.3	189.2	143.76	48.3	196.24	148.96	55.3	192.0	3729.0	2387.0
491.0	167.6	198.48	42.5	165.68	187.36	42.5	170.56	198.56	46.5	95.0	3282.0	2191.0
493.0	172.72	188.24	46.9	167.68	182.24	46.9	172.8	188.32	51.0	44.0	3959.0	2527.0
495.0	176.24	187.76	44.7	167.84	184.08	44.7	176.32	187.84	54.1	101.0	3594.0	2529.0
497.0	175.6	188.64	41.9	166.56	177.52	41.9	175.68	188.72	57.9	206.0	3269.0	2202.0
499.0	175.92	194.72	45.9	166.56	183.44	45.9	176.0	194.8	52.9	79.0	3960.0	2530.0
50.0	185.28	150.0	27.2	185.28	141.76	27.2	200.88	150.08	50.4	619.0	1413.0	1047.0
501.0	175.84	200.32	45.1	161.76	178.96	45.1	175.92	200.4	50.4	207.0	3813.0	2528.0
503.0	180.4	197.2	51.3	172.72	186.48	51.3	180.48	197.28	54.2	82.0	4493.0	2836.0
505.0	172.16	198.48	48.0	164.32	186.0	45.4	172.24	198.56	51.9	177.0	4304.0	2825.0
507.0	177.28	202.8	48.3	158.8	167.84	48.3	177.36	202.88	57.3	324.0	4136.0	2830.0
509.0	176.64	205.76	51.5	170.96	180.56	49.5	177.04	205.84	56.9	181.0	4491.0	2832.0
511.0	180.72	211.76	46.6	178.56	145.2	36.3	201.04	211.84	51.4	869.0	3994.0	2592.0
513.0	177.12	199.84	52.4	176.24	182.72	48.1	191.44	199.92	55.8	176.0	4492.0	2831.0
515.0	175.52	201.2	54.2	175.52	124.56	35.5	199.84	201.28	55.6	964.0	4806.0	3087.0
517.0	188.16	221.6	41.9	176.16	179.36	41.9	198.72	221.68	60.0	918.0	3481.0	2268.0
519.0	169.92	181.76	39.4	166.96	181.76	39.4	175.84	191.68	53.7	112.0	2912.0	2126.0
52.0	184.4	152.48	24.1	184.4	135.28	24.1	202.88	152.56	57.2	702.0	1411.0	1046.0
521.0	167.36	180.08	43.5	163.44	168.08	43.5	178.96	182.48	51.6	409.0	3258.0	2123.0
523.0	173.28	201.36	51.8	173.28	178.32	46.1	185.28	201.44	59.0	417.0	4490.0	2829.0
525.0	152.0	157.84	48.5	150.4	155.6	32.5	175.44	178.0	53.4	497.0	3907.0	2703.0
527.0	146.16	164.24	71.3	142.96	154.56	59.9	154.08	166.88	71.4	87.0	7012.0	100.0
529.0	148.96	162.88	76.7	143.12	153.92	61.7	156.0	163.92	80.0	260.0	7239.0	4263.0
531.0	144.88	163.44	76.2	144.0	144.96	60.4	154.88	164.24	76.3	266.0	7875.0	4258.0
532.0	149.28	197.92	76.2	125.68	185.52	70.4	149.36	226.08	76.3	105.0	7330.0	4396.0
534.0	186.08	220.24	39.8	174.4	169.84	39.8	195.52	220.32	60.3	878.0	3306.0	2266.0
535.0	199.04	121.68	53.1	179.28	117.68	21.0	202.0	129.28	56.0	162.0	2987.0	2913.0
537.0	198.4	122.08	46.8	178.72	119.52	18.7	200.56	128.96	58.0	195.0	2988.0	2298.0
539.0	154.16	120.56	60.0	149.68	116.8	56.2	167.28	128.0	110.5	591.0	5220.0	3157.0
54.0	171.44	194.0	46.1	166.72	176.8	46.1	172.8	194.08	55.0	302.0	3619.0	2524.0
541.0	150.96	119.6	59.8	148.56	119.52	56.9	167.84	128.32	94.8	408.0	5219.0	3155.0
543.0	151.44	117.76	66.0	151.28	117.76	42.2	197.76	171.52	68.3	641.0	5467.0	3444.0
545.0	149.52	122.16	61.7	148.96	117.68	56.1	167.6	127.84	109.3	534.0	5449.0	3154.0
547.0	217.2	123.36	56.2	204.24	117.6	51.6	222.0	158.0	58.2	307.0	4683.0	2922.0
549.0	215.28	124.32	58.2	203.52	118.0	52.1	221.28	162.8	60.8	511.0	4853.0	3180.0
55.0	200.16	117.84	70.1	192.16	104.64	68.3	219.28	120.4	76.0	129.0	6932.0	3808.0
551.0	149.76	213.76	58.0	149.76	164.0	53.4	216.0	221.76	76.4	665.0	5414.0	3395.0
553.0	114.72	144.48	97.3	108.64	139.12	97.3	136.48	155.92	134.5	437.0	10379.0	148.0
555.0	219.36	195.52	65.5	190.32	184.0	54.6	228.48	202.4	73.2	260.0	6101.0	3721.0
557.0	223.92	194.4	66.1	197.92	182.16	66.1	224.0	195.12	73.9	183.0	6342.0	3727.0
559.0	225.76	197.36	54.6	204.32	184.56	50.1	228.8	198.4	67.1	1277.0	4497.0	3113.0
561.0	139.28	183.6	43.4	133.2	158.56	19.3	147.76	190.48	69.4	248.0	1471.0	2439.0
562.0	157.84	180.48	51.8	140.88	158.56	14.8	186.16	185.2	51.9	805.0	1901.0	2763.0
564.0	158.08	121.04	46.7	157.36	121.04	36.3	159.12	132.64	49.1	139.0	3655.0	2284.0
566.0	159.68	123.52	50.2	157.68	122.88	36.1	168.0	137.12	50.3	169.0	4019.0	2611.0
568.0	152.24	128.24	50.8	145.04	118.64	41.2	167.52	132.4	105.7	477.0	4193.0	2632.0
57.0	232.32	138.32	69.2	199.52	137.68	53.5	239.68	181.28	69.5	1254.0	6479.0	3890.0
570.0	154.24	126.32	48.8	145.76	119.68	40.4	169.76	130.72	96.5	452.0	4017.0	2633.0
572.0	177.2	140.4	46.1	177.2	138.4	44.0	192.72	163.2	53.9	401.0	3701.0	2315.0
574.0	178.48	137.76	48.4	178.48	137.36	38.2	191.92	169.44	53.9	748.0	3885.0	2646.0
576.0	176.4	132.8	47.8	176.4	132.8	47.8	196.16	168.48	54.3	456.0	4025.0	2645.0
578.0	174.4	132.64	45.3	174.16	132.64	40.1	193.12	174.88	53.8	971.0	3504.0	2314.0
580.0	183.12	142.24	49.7	182.88	139.68	49.5	211.2	168.16	57.4	225.0	4043.0	2652.0
582.0	179.2	136.48	50.9	179.2	136.48	34.1	193.2	174.72	53.9	425.0	4216.0	2649.0
584.0	178.72	142.24	51.3	178.72	138.0	41.9	191.84	165.92	54.1	370.0	4396.0	2650.0
586.0	178.8	144.88	47.7	178.8	144.88	33.9	198.24	179.92	52.7	590.0	3700.0	2651.0
588.0	177.12	144.32	43.7	177.12	144.32	35.8	202.88	183.2	60.6	897.0	3520.0	2316.0
59.0	234.56	141.92	68.5	206.96	141.92	54.3	234.64	160.96	68.6	399.0	6737.0	3892.0
590.0	183.84	148.0	42.5	180.4	147.6	35.3	188.4	151.12	47.7	60.0	3028.0	2040.0
592.0	183.92	145.6	46.9	181.92	144.64	41.1	185.6	147.2	50.3	23.0	3728.0	2326.0
594.0	181.6	147.2	51.0	160.4	147.2	41.5	191.04	182.72	54.1	448.0	4411.0	2710.0
596.0	177.92	128.72	50.6	176.64	128.72	38.3	197.36	189.6	63.5	731.0	4197.0	2648.0
598.0	176.08	127.04	46.9	176.08	127.04	34.9	196.96	178.88	52.7	721.0	3866.0	2317.0
600.0	180.88	127.12	48.1	180.88	127.12	26.0	197.44	170.08	54.2	1123.0	3868.0	2323.0
602.0	180.56	148.16	45.7	180.56	145.68	45.7	182.64	148.24	49.3	12.0	3522.0	2384.0
603.0	143.76	172.88	46.5	143.76	166.96	37.0	176.32	189.44	52.8	1064.0	3927.0	2443.0
604.0	144.88	168.72	48.4	144.88	161.04	35.6	199.2	189.84	59.9	777.0	4085.0	2754.0
605.0	144.4	166.96	43.2	144.4	166.96	39.7	188.32	178.16	52.3	617.0	3405.0	2101.0
606.0	147.68	167.92	46.1	147.68	164.4	34.9	202.96	186.8	62.6	985.0	3928.0	2445.0
607.0	140.64	170.88	40.7	140.64	160.16	40.7	188.08	179.04	52.1	880.0	3241.0	2098.0
608.0	140.48	177.2	44.0	140.48	171.44	42.7	191.44	183.84	53.0	812.0	3415.0	2438.0
609.0	140.24	174.64	40.8	140.24	168.96	40.8	176.88	181.12	53.0	650.0	3240.0	2096.0
61.0	169.6	216.8	62.1	166.88	183.68	52.0	198.16	224.4	67.4	1293.0	5876.0	3749.0
610.0	139.2	173.84	44.4	139.2	164.0	37.7	186.08	177.36	52.0	1004.0	3765.0	2436.0
611.0	135.84	172.08	42.5	135.84	162.24	38.7	186.8	178.72	52.3	1144.0	3403.0	2094.0
612.0	141.2	168.96	46.3	141.2	168.96	46.3	179.44	186.16	51.5	182.0	3926.0	2440.0
613.0	146.08	173.84	48.9	146.08	161.44	37.7	191.84	184.0	51.7	452.0	4086.0	2755.0
614.0	135.44	177.44	50.1	135.44	168.32	50.1	169.52	191.68	59.8	354.0	4277.0	2748.0
615.0	134.64	181.92	48.7	132.56	172.16	44.9	202.72	199.6	75.5	570.0	4104.0	2747.0
616.0	134.8	180.64	46.2	132.64	172.08	44.5	178.72	198.64	53.2	192.0	3940.0	2434.0
617.0	137.84	176.48	47.9	132.88	172.08	41.0	194.96	199.28	54.3	434.0	3941.0	2435.0
618.0	178.48	207.52	61.2	177.12	180.24	52.6	199.2	207.6	61.3	397.0	5629.0	3365.0
619.0	173.68	210.56	61.6	173.68	184.08	49.2	190.56	210.64	64.4	531.0	5864.0	3418.0
62.0	166.0	220.24	64.6	166.0	194.0	52.1	198.08	220.32	64.7	791.0	6117.0	3746.0
620.0	172.32	209.84	65.8	172.32	168.16	39.4	203.52	209.92	65.9	788.0	5865.0	3752.0
621.0	171.52	216.88	67.3	167.52	164.8	31.5	188.24	216.96	67.4	914.0	6875.0	4131.0
622.0	171.12	213.6	69.3	148.24	171.2	40.1	194.0	213.68	69.4	728.0	6374.0	4132.0
623.0	178.72	202.72	71.4	174.16	196.24	56.2	179.84	207.84	71.5	153.0	6878.0	4078.0
624.0	173.6	204.56	67.7	173.04	175.44	34.4	191.2	206.24	67.8	499.0	5628.0	3754.0
625.0	171.36	207.52	69.3	169.44	158.64	32.5	188.8	207.6	69.4	823.0	6844.0	4072.0
626.0	169.6	205.84	65.4	149.76	171.12	47.4	193.68	206.16	65.5	600.0	5853.0	3692.0
627.0	180.8	209.92	58.6	174.88	175.84	53.9	204.24	210.0	62.2	545.0	5403.0	80.0
628.0	182.32	215.68	56.1	177.44	183.28	46.4	199.12	215.76	59.5	343.0	4985.0	3129.0
629.0	175.84	216.0	60.1	175.84	174.72	39.7	189.28	216.08	62.2	708.0	5422.0	3421.0
63.0	169.6	218.96	66.5	167.52	189.52	48.9	189.36	219.04	66.6	442.0	6392.0	3751.0
630.0	176.48	220.48	60.3	174.88	210.16	59.7	182.32	226.0	65.0	50.0	5664.0	3423.0
631.0	174.4	216.32	56.3	154.8	187.6	53.5	179.52	216.4	61.5	569.0	5194.0	3419.0
632.0	178.24	218.4	57.0	171.76	180.56	50.4	195.28	218.48	63.4	823.0	5195.0	3424.0
633.0	179.76	217.92	54.3	177.6	175.68	34.2	196.88	218.0	62.7	750.0	4670.0	3127.0
634.0	137.92	145.12	50.0	132.56	138.56	40.6	140.32	161.52	108.1	387.0	3512.0	2628.0
635.0	139.6	143.28	47.9	134.96	136.96	40.2	141.2	161.52	108.4	465.0	3878.0	2307.0
636.0	133.84	147.6	48.0	127.92	138.8	41.0	148.88	181.04	60.8	352.0	3877.0	2695.0
637.0	132.88	155.6	51.0	132.88	151.76	35.9	144.24	156.0	51.1	164.0	4244.0	2694.0
638.0	132.0	155.36	48.3	132.0	152.16	35.5	150.32	158.32	48.4	172.0	4065.0	2693.0
639.0	130.8	160.16	46.9	127.04	153.68	37.4	138.08	164.0	111.7	467.0	3372.0	2692.0
640.0	132.4	161.44	44.2	129.6	130.88	36.7	140.08	163.92	129.4	762.0	3742.0	2369.0
641.0	132.96	154.4	44.2	132.96	147.6	36.7	149.68	154.48	44.3	92.0	3349.0	2370.0
643.0	126.88	172.96	46.9	126.88	155.68	38.2	137.76	175.2	104.1	419.0	3238.0	2431.0
644.0	129.12	176.64	42.1	128.4	131.52	38.9	139.84	178.8	130.5	651.0	3413.0	2089.0
645.0	130.96	174.56	60.2	130.96	172.4	52.9	144.32	180.16	63.0	195.0	5345.0	3288.0
646.0	133.36	178.08	59.4	133.36	155.84	33.0	154.32	178.96	60.5	323.0	5366.0	3291.0
647.0	127.12	171.52	60.3	127.12	157.68	60.3	135.44	171.6	75.4	152.0	5343.0	3287.0
648.0	124.64	166.32	61.7	124.64	164.32	61.7	130.08	168.48	65.8	24.0	5558.0	3286.0
649.0	123.36	164.96	65.3	100.32	101.84	56.1	146.08	180.8	229.6	1210.0	6017.0	3529.0
65.0	167.28	219.12	69.0	166.88	190.64	51.6	193.52	219.2	69.1	946.0	6118.0	4127.0
650.0	124.64	176.24	64.8	121.04	141.44	56.6	139.12	188.4	124.9	474.0	5807.0	3587.0
651.0	193.92	167.04	24.0	181.52	165.36	24.0	194.0	174.0	44.2	328.0	1442.0	896.0
652.0	193.44	171.52	22.2	165.52	137.36	19.3	193.52	171.6	40.9	618.0	1312.0	894.0
653.0	194.56	162.08	25.3	175.92	152.24	19.0	194.64	163.68	34.3	190.0	1423.0	1056.0
654.0	197.36	165.52	25.9	182.56	159.36	25.9	197.44	165.6	40.6	214.0	1594.0	1143.0
655.0	191.76	162.96	23.1	186.64	161.76	23.1	202.8	182.88	42.8	388.0	1154.0	815.0
656.0	193.6	165.76	16.5	187.28	159.84	16.5	200.16	177.76	43.7	518.0	884.0	693.0
657.0	191.12	162.56	15.0	186.96	160.24	15.0	192.16	165.12	48.8	301.0	614.0	637.0
658.0	194.48	161.2	14.7	184.4	159.84	14.7	194.56	172.8	50.5	488.0	615.0	642.0
659.0	195.36	163.2	19.0	183.84	161.04	19.0	195.44	173.76	51.0	493.0	1138.0	817.0
660.0	189.28	161.76	19.2	184.0	159.84	19.2	189.36	161.84	26.4	22.0	851.0	813.0
661.0	191.84	157.76	18.4	167.44	147.6	18.4	191.92	179.28	54.0	921.0	852.0	641.0
662.0	195.92	158.4	20.3	184.64	158.4	20.3	196.0	164.16	43.5	171.0	988.0	818.0
663.0	190.56	158.32	15.5	172.72	145.6	15.5	190.64	163.76	45.0	457.0	725.0	636.0
664.0	193.6	159.84	6.7	167.84	126.8	6.7	198.88	160.4	55.8	440.0	200.0	436.0
665.0	198.64	161.6	9.9	198.64	150.64	1.3	223.76	163.6	49.3	302.0	266.0	506.0
666.0	201.68	165.12	11.0	195.52	156.56	11.0	223.04	165.2	63.2	431.0	417.0	510.0
667.0	201.84	160.64	15.2	201.12	148.8	1.8	222.88	163.68	64.6	390.0	389.0	649.0
668.0	198.24	158.96	14.2	198.24	149.28	0.2	221.84	161.6	45.1	327.0	617.0	645.0
669.0	196.32	158.16	9.6	196.32	154.72	9.6	222.4	160.88	51.1	243.0	266.0	503.0
67.0	197.68	121.52	72.2	188.96	105.04	67.8	220.08	121.92	77.3	169.0	6934.0	3806.0
670.0	196.96	154.56	11.8	196.56	131.92	11.8	220.88	161.84	58.6	400.0	513.0	505.0
671.0	187.12	159.2	29.7	165.92	141.92	19.2	187.2	160.24	38.0	176.0	1885.0	1337.0
69.0	153.44	188.56	69.2	144.56	185.12	69.2	153.52	188.64	72.0	53.0	6826.0	4059.0
72.0	153.28	190.4	67.2	133.36	185.36	66.7	156.08	223.28	71.5	218.0	6067.0	3677.0
73.0	191.84	205.04	40.5	175.12	176.0	40.5	191.92	207.28	61.8	738.0	2797.0	2212.0
75.0	215.92	158.56	27.3	192.56	129.84	0.1	222.72	161.36	62.8	1366.0	1290.0	0.0
77.0	205.28	158.16	23.4	205.28	156.56	23.4	216.32	160.0	36.7	230.0	514.0	827.0
79.0	186.32	207.2	40.3	174.48	190.4	0.1	187.92	209.12	61.2	1238.0	2444.0	1935.0
8.0	151.76	197.6	53.3	151.76	192.64	49.6	170.88	197.68	53.5	465.0	4482.0	2811.0
81.0	189.84	196.72	26.8	171.68	190.0	26.8	191.68	209.04	61.6	763.0	928.0	1214.0
82.0	224.88	169.52	69.3	182.32	144.96	39.1	224.96	184.96	70.6	1643.0	7059.0	4024.0
84.0	228.08	172.64	67.5	203.2	140.8	57.9	228.16	180.64	72.2	1138.0	6307.0	4025.0
86.0	230.64	140.96	72.8	207.76	140.96	55.1	230.72	157.36	72.9	402.0	6478.0	3891.0
88.0	234.96	140.8	64.6	209.76	139.6	54.9	237.44	175.84	67.8	843.0	6225.0	3526.0
90.0	147.84	199.44	54.7	147.84	182.16	44.4	168.72	199.52	54.8	815.0	4965.0	3075.0
92.0	151.28	202.56	55.7	151.28	180.48	51.9	175.2	202.64	55.8	419.0	4483.0	58.0
94.0	156.24	201.76	56.8	156.24	184.24	48.4	191.2	201.84	57.7	468.0	4967.0	3080.0
96.0	215.92	152.24	22.4	197.36	146.72	5.8	222.8	161.04	63.9	917.0	1277.0	1073.0
98.0	220.96	158.0	24.1	196.56	130.48	0.1	221.6	162.4	59.5	970.0	996.0	843.0
672.0	155.44	190.8	75.4	131.04	177.84	66.4	157.12	218.16	75.5	238.0	7719.0	4402.0
673.0	155.28	195.04	76.8	128.8	168.08	65.7	155.84	223.12	76.9	331.0	7538.0	4403.0
674.0	151.92	199.28	75.1	125.52	159.12	68.8	152.0	224.72	85.2	338.0	7735.0	4399.0
675.0	152.0	193.44	74.7	132.8	182.16	67.4	152.08	223.52	74.8	174.0	7317.0	4400.0
676.0	155.04	194.64	72.7	133.92	184.08	67.4	155.12	222.96	74.7	157.0	7308.0	4061.0
677.0	150.96	192.0	69.9	118.32	185.44	63.5	151.2	230.72	73.6	191.0	6620.0	4057.0
678.0	150.16	186.56	67.0	101.76	184.72	63.5	150.24	238.4	74.3	160.0	6331.0	3611.0
679.0	217.92	191.92	81.9	186.0	121.84	56.1	228.32	200.64	82.0	503.0	8115.0	5068.0
680.0	211.68	191.2	83.0	184.56	177.68	66.3	214.64	199.92	83.1	678.0	8314.0	5060.0
681.0	217.2	197.2	82.7	205.04	179.44	71.4	224.72	200.16	83.0	224.0	8682.0	5067.0
682.0	216.8	194.32	84.9	209.2	191.68	79.3	225.68	198.8	85.0	59.0	8509.0	5066.0
683.0	219.12	197.68	85.4	208.88	190.8	79.6	226.24	198.48	85.5	44.0	8710.0	5069.0
684.0	223.2	195.6	83.6	223.2	195.6	80.0	226.24	198.16	83.7	9.0	8683.0	5071.0
685.0	221.68	191.52	87.4	181.2	164.56	57.5	228.56	199.04	87.5	673.0	8871.0	5326.0
686.0	216.48	191.6	89.6	184.48	119.28	55.5	226.56	200.4	89.7	529.0	8684.0	5325.0
687.0	212.24	189.2	89.3	186.88	180.96	69.4	227.68	201.68	89.4	575.0	9231.0	5321.0
688.0	210.72	195.28	88.6	163.44	189.28	55.5	225.52	202.48	88.7	431.0	9049.0	5320.0
689.0	208.88	194.0	94.5	204.16	186.56	88.2	209.6	194.08	94.6	22.0	9803.0	5565.0
690.0	205.28	195.84	94.1	203.12	190.88	82.9	209.68	198.32	94.2	55.0	9244.0	5564.0
691.0	212.4	187.2	94.0	200.24	168.56	59.7	213.76	187.28	94.1	756.0	9415.0	5567.0
692.0	185.92	148.64	68.7	164.08	131.44	55.7	192.96	166.48	79.2	838.0	5751.0	3918.0
693.0	188.8	147.52	66.3	170.88	146.72	54.6	188.88	153.36	66.4	160.0	5980.0	3545.0
694.0	190.0	147.12	70.6	172.48	140.4	58.2	191.12	152.88	70.7	94.0	5953.0	3922.0
695.0	187.68	151.28	68.0	172.72	145.12	58.4	187.76	153.28	68.1	155.0	6248.0	3920.0
696.0	191.68	152.24	69.2	171.36	150.08	54.3	191.76	155.6	69.3	115.0	5754.0	3923.0
697.0	183.2	146.24	63.2	170.0	146.16	54.7	184.88	154.0	63.3	75.0	5752.0	3540.0
698.0	181.84	150.08	61.3	171.04	150.08	59.5	181.92	154.64	61.4	11.0	5300.0	3259.0
699.0	177.92	140.72	63.2	165.36	140.72	57.1	178.0	145.84	63.3	41.0	5947.0	3491.0
700.0	182.32	136.64	68.7	166.0	129.2	56.9	185.6	150.88	73.2	322.0	6466.0	3846.0
701.0	181.36	141.04	69.5	164.96	129.84	57.7	185.52	149.36	82.3	548.0	6465.0	3845.0
702.0	178.96	138.16	69.9	169.76	134.64	61.2	181.12	149.2	76.9	306.0	6980.0	3844.0
703.0	180.32	134.24	72.9	169.44	134.24	68.4	180.4	147.52	78.3	209.0	6977.0	4204.0
704.0	181.2	130.8	75.7	167.6	130.8	62.5	181.36	142.16	75.8	51.0	6978.0	4205.0
705.0	177.6	130.16	80.0	164.96	128.48	60.4	177.68	141.52	80.1	84.0	7402.0	4546.0
706.0	190.32	140.64	69.2	172.08	138.64	59.7	190.4	149.84	69.3	67.0	6217.0	3855.0
707.0	186.96	143.52	67.7	169.76	143.28	64.3	187.04	151.2	72.7	136.0	6467.0	3851.0
708.0	185.84	141.84	70.9	168.4	140.4	62.2	185.92	153.68	71.0	66.0	6246.0	95.0
709.0	185.84	138.64	72.7	167.12	136.88	58.5	186.0	147.52	72.8	59.0	6215.0	3852.0
710.0	183.44	136.88	74.8	165.36	134.24	57.2	183.68	145.36	74.9	81.0	6951.0	4206.0
711.0	181.6	145.52	68.0	169.28	145.52	64.5	189.44	156.8	74.0	209.0	6500.0	3848.0
712.0	230.0	167.2	23.4	196.24	147.2	0.1	230.56	168.4	63.5	725.0	1448.0	1175.0
713.0	229.44	172.56	28.3	194.8	150.08	0.1	230.32	172.72	64.0	665.0	1743.0	1474.0
714.0	232.08	169.92	30.8	201.92	140.24	0.2	232.16	170.0	59.8	525.0	1024.0	1477.0
715.0	231.84	166.88	33.3	210.8	149.28	0.0	231.92	169.04	64.5	387.0	2072.0	1818.0
716.0	230.4	166.24	28.5	190.24	148.4	0.2	233.84	180.48	66.6	669.0	1565.0	1476.0
717.0	231.28	168.72	38.4	214.4	151.12	0.2	231.36	168.96	57.3	565.0	2904.0	2157.0
718.0	226.56	172.16	25.2	203.92	147.12	0.2	229.36	172.24	62.9	531.0	1601.0	1172.0
719.0	225.84	170.4	19.8	186.64	122.4	0.1	229.6	170.48	59.6	642.0	1025.0	923.0
720.0	227.04	166.16	20.0	200.48	149.92	0.1	229.92	169.44	63.8	481.0	628.0	924.0
721.0	224.96	176.96	78.4	198.32	170.88	58.1	235.52	195.44	78.5	475.0	8101.0	124.0
722.0	226.24	181.12	78.4	203.92	167.12	62.9	239.12	183.2	78.5	446.0	7711.0	4034.0
723.0	229.84	186.96	77.5	204.08	173.76	53.5	238.64	190.32	77.6	418.0	7942.0	118.0
724.0	231.2	183.12	75.4	200.48	169.68	51.4	239.04	186.32	76.0	630.0	7711.0	4034.0
725.0	233.2	180.32	74.4	210.64	170.32	62.0	238.72	181.2	76.2	242.0	7514.0	4035.0
726.0	230.8	174.88	74.5	197.92	171.36	58.3	230.88	196.4	77.3	693.0	7513.0	4380.0
727.0	222.8	185.92	80.0	199.52	169.12	65.7	237.44	188.88	83.7	405.0	8119.0	4706.0
729.0	228.32	188.24	79.2	194.56	172.4	62.8	228.4	188.32	82.7	503.0	8318.0	4784.0
730.0	219.28	188.16	79.8	191.76	177.84	58.3	231.12	199.12	81.1	678.0	8312.0	4778.0
732.0	195.84	167.2	119.6	190.96	159.12	103.3	208.16	186.48	124.2	338.0	12125.0	6720.0
733.0	184.0	178.0	119.5	178.0	174.32	102.9	194.48	191.6	126.7	365.0	12795.0	6768.0
735.0	103.44	86.4	221.2	98.24	79.12	199.3	120.0	103.76	224.5	234.0	26011.0	10174.0
736.0	101.2	92.56	222.4	92.8	85.6	209.6	115.6	108.24	224.0	112.0	26818.0	10340.0
