label_id	anchor_x	anchor_y	anchor_z	bb_min_x	bb_min_y	bb_min_z	bb_max_x	bb_max_y	bb_max_z	n_pixels	label_id.1	cell_id	length	diameter	cell_id
0.0	121.20574188232422	115.97288513183594	192.5835418701172	66.56	56.32	172.8	194.55	194.55	222.375	4444923089.0	0.0	0.0	0.0	0.0	0.0
1.0	92.78311920166016	143.65782165527344	191.4658203125	66.56	58.88	173.75	194.55	191.99	221.225	5666893652.0	1.0	22700.0	0.0	0.0	22700.0
2.0	175.60556030273438	85.60089874267578	175.6337432861328	175.45000000000005	85.47	175.57500000000005	175.79	85.75	175.70000000000005	2171.0	2.0	0.0	0.0	0.0	0.0
3.0	147.1314697265625	88.6330337524414	176.02635192871094	146.79	88.45	175.95000000000005	147.39	88.79	176.10000000000005	1861.0	3.0	0.0	0.0	0.0	0.0
4.0	147.547119140625	87.5887222290039	175.69139099121094	147.27	87.43	175.625	147.91	87.8	175.72500000000005	1828.0	4.0	0.0	0.0	0.0	0.0
5.0	171.17921447753906	87.95808410644531	176.0050811767578	170.95000000000005	87.74	175.925	171.43	88.23	176.10000000000005	6761.0	5.0	0.0	0.0	0.0	0.0
6.0	177.2853546142578	89.2635498046875	175.40020751953125	176.84	89.06	175.32500000000005	177.67000000000004	89.49	175.55	4053.0	6.0	0.0	0.0	0.0	0.0
7.0	177.26519775390625	89.43484497070312	175.40980529785156	176.92000000000004	89.28	175.175	177.56	89.56	175.5	3719.0	7.0	0.0	0.0	0.0	0.0
8.0	176.57994079589844	82.74616241455078	177.24412536621094	176.38	82.36	177.10000000000005	176.77	83.15	177.375	10870.0	8.0	0.0	0.0	0.0	0.0
9.0	161.4741668701172	86.7986831665039	176.4180908203125	161.17000000000004	86.64	176.25	161.69	87.0	176.60000000000005	7670.0	9.0	0.0	0.0	0.0	0.0
10.0	162.50927734375	86.87259674072266	176.9810028076172	162.37	86.67	176.875	162.67000000000004	87.03	177.15	3013.0	10.0	0.0	0.0	0.0	0.0
11.0	152.45228576660156	89.10624694824219	177.07591247558594	139.19	82.66	177.25	154.89	89.69	185.9	912771.0	11.0	21590.0	0.0	0.0	21590.0
12.0	154.85183715820312	88.78629302978516	177.07591247558594	139.31	83.16	177.47500000000005	155.42000000000004	89.33	185.475	874158.0	12.0	21590.0	0.0	0.0	21590.0
13.0	171.7316131591797	89.43692779541016	176.53871154785156	171.56	89.27	176.4	172.05	89.59	176.65	5826.0	13.0	0.0	0.0	0.0	0.0
14.0	178.51773071289062	87.83621215820312	177.50856018066406	178.33	87.68	177.425	178.71	88.03	177.57500000000005	6692.0	14.0	0.0	0.0	0.0	0.0
15.0	151.3324737548828	89.90612030029297	177.07591247558594	142.45000000000005	86.98	177.3	151.92000000000004	90.35	180.325	453726.0	15.0	21590.0	0.0	0.0	21590.0
16.0	166.80638122558594	89.87397003173828	176.29510498046875	166.58	89.71000000000002	176.25	167.02	90.11	176.375	4052.0	16.0	0.0	0.0	0.0	0.0
17.0	176.38011169433594	80.20653533935547	178.53619384765625	176.23	80.01	178.5	176.52	80.4	178.57500000000005	1556.0	17.0	0.0	0.0	0.0	0.0
18.0	171.67648315429688	84.47682189941406	178.4833221435547	171.20000000000005	84.22	178.32500000000005	172.14	84.67	178.675	11574.0	18.0	0.0	0.0	0.0	0.0
19.0	173.5976104736328	84.55943298339844	177.60289001464844	173.43	84.44	177.525	173.76	84.7	177.70000000000005	4545.0	19.0	0.0	0.0	0.0	0.0
20.0	174.53958129882812	83.62184143066406	178.53602600097656	174.28	83.19	178.32500000000005	174.87	84.02	178.70000000000005	18745.0	20.0	0.0	0.0	0.0	0.0
21.0	175.0081787109375	84.14701080322266	178.2750701904297	174.79	84.0	178.425	190.81	90.91	180.8	468908.0	21.0	21911.0	0.0	0.0	21911.0
22.0	175.328125	83.34713745117188	178.2750701904297	175.21	83.33	178.625	185.36	86.62	181.8	375795.0	22.0	21910.0	0.0	0.0	21910.0
23.0	175.96800231933594	83.9870376586914	178.2750701904297	175.49	83.45	178.675	187.71	90.27	181.05	409997.0	23.0	21910.0	0.0	0.0	21910.0
24.0	177.26348876953125	83.88301849365234	178.5989227294922	176.4	83.62	178.45000000000005	178.46	84.11	178.72500000000005	36484.0	24.0	21910.0	0.0	0.0	21910.0
25.0	177.8876495361328	84.14701080322266	178.2750701904297	176.53	83.8	178.425	187.81	88.7	181.75	424539.0	25.0	21910.0	0.0	0.0	21910.0
26.0	177.40773010253906	83.82705688476562	177.87535095214844	176.64	83.53	178.32500000000005	186.9	87.75	181.6	382387.0	26.0	21910.0	0.0	0.0	21910.0
27.0	177.22303771972656	84.50048828125	178.57127380371094	176.78	84.37	178.5	177.63	84.60000000000002	178.625	5434.0	27.0	0.0	0.0	0.0	0.0
28.0	177.9603729248047	84.30238342285156	178.48301696777344	176.83	83.89	178.3	179.1	85.06	178.675	34659.0	28.0	0.0	0.0	0.0	0.0
29.0	177.24777221679688	84.14701080322266	177.87535095214844	177.07	84.05	178.275	187.23	88.9	181.225	377842.0	29.0	21910.0	0.0	0.0	21910.0
30.0	177.40773010253906	84.46696472167969	177.87535095214844	177.21	84.22	178.22500000000005	184.28	87.03	180.275	252758.0	30.0	0.0	0.0	0.0	0.0
31.0	177.5677032470703	84.14701080322266	178.2750701904297	177.37	84.10000000000002	178.72500000000005	187.6	88.89	181.8	384509.0	31.0	21910.0	0.0	0.0	21910.0
32.0	178.84747314453125	84.14701080322266	178.2750701904297	178.56	84.10000000000002	178.675	187.47	88.45	181.45	407124.0	32.0	21910.0	0.0	0.0	21910.0
33.0	155.65170288085938	88.46634674072266	177.4756317138672	150.13	83.78	177.82500000000005	175.52	90.04	180.10000000000005	1005006.0	33.0	21594.0	0.0	0.0	21594.0
34.0	169.5791778564453	84.6215591430664	178.5813446044922	169.25	84.53	178.47500000000005	169.85	84.71000000000002	178.65	3982.0	34.0	0.0	0.0	0.0	0.0
35.0	172.60861206054688	84.94688415527344	179.0745086669922	148.97	84.46000000000002	178.10000000000005	175.68	89.73	179.97500000000005	1034105.0	35.0	21594.0	0.0	0.0	21594.0
36.0	179.48736572265625	85.42681121826172	178.2750701904297	179.37	85.35000000000002	178.72500000000005	189.88	90.67	180.325	157032.0	36.0	0.0	0.0	0.0	0.0
37.0	179.48736572265625	84.94688415527344	178.2750701904297	179.53	84.86	178.72500000000005	189.0	89.74	180.3	162904.0	37.0	0.0	0.0	0.0	0.0
38.0	182.75596618652344	86.0240249633789	177.6514129638672	182.58	85.91	177.625	182.89	86.13	177.70000000000005	1383.0	38.0	0.0	0.0	0.0	0.0
39.0	184.02813720703125	86.1871109008789	177.53297424316406	183.49	85.95	177.5	184.31	86.36	177.625	5651.0	39.0	0.0	0.0	0.0	0.0
40.0	155.01181030273438	88.30636596679688	177.87535095214844	144.36	85.75	178.0	166.35	89.58	180.65	1048546.0	40.0	21594.0	0.0	0.0	21594.0
41.0	152.13232421875	89.74614715576172	177.07591247558594	142.71	86.60000000000002	177.5	152.54	90.25	180.25	470058.0	41.0	21590.0	0.0	0.0	21590.0
42.0	153.73204040527344	89.58616638183594	177.4756317138672	139.59	83.42	177.5	155.53	90.1	184.525	888439.0	42.0	21590.0	0.0	0.0	21590.0
43.0	153.57208251953125	89.58616638183594	177.87535095214844	143.46	87.29	177.97500000000005	155.45000000000005	89.99	180.45	531651.0	43.0	21590.0	0.0	0.0	21590.0
44.0	151.81239318847656	88.9462661743164	177.87535095214844	149.38	84.84	178.05	172.53	89.4	180.675	956630.0	44.0	21594.0	0.0	0.0	21594.0
45.0	155.01181030273438	88.6263198852539	177.87535095214844	150.96	83.02	178.175	175.98	89.58	180.425	1042184.0	45.0	21594.0	0.0	0.0	21594.0
46.0	151.6576690673828	89.33364868164062	178.90084838867188	151.11	89.16	178.72500000000005	152.11	89.5	179.025	15769.0	46.0	0.0	0.0	0.0	0.0
47.0	155.17178344726562	88.9462661743164	177.87535095214844	152.35	84.24	178.275	174.79	89.85000000000002	180.375	990786.0	47.0	21594.0	0.0	0.0	21594.0
48.0	154.50318908691406	88.76878356933594	178.36505126953125	153.99	88.65	178.35000000000005	154.99	88.87	178.425	1206.0	48.0	0.0	0.0	0.0	0.0
49.0	168.64578247070312	87.95677185058594	178.13894653320312	168.53	87.83	178.05	168.76	88.09	178.22500000000005	3156.0	49.0	0.0	0.0	0.0	0.0
50.0	183.68760681152344	88.75870513916016	177.67967224121094	183.44	88.54	177.625	184.05	89.11	177.72500000000005	5378.0	50.0	0.0	0.0	0.0	0.0
51.0	147.66941833496094	89.62754821777344	178.79893493652344	147.22	89.60000000000002	178.72500000000005	148.05	89.68	178.9	1776.0	51.0	0.0	0.0	0.0	0.0
52.0	145.2342987060547	84.28587341308594	179.1855926513672	145.08	84.21000000000002	179.025	145.4	84.42	179.32500000000005	1394.0	52.0	0.0	0.0	0.0	0.0
53.0	146.42591857910156	84.26553344726562	179.44058227539062	146.17000000000004	84.05	179.32500000000005	146.61	84.43	179.57500000000005	6084.0	53.0	0.0	0.0	0.0	0.0
54.0	147.43663024902344	84.15302276611328	179.94635009765625	147.26	84.0	179.875	147.56	84.34	179.97500000000005	1303.0	54.0	0.0	0.0	0.0	0.0
55.0	155.65170288085938	88.14639282226562	177.87535095214844	150.17000000000004	83.57000000000002	177.97500000000005	173.17000000000004	89.43	180.75	1019810.0	55.0	21594.0	0.0	0.0	21594.0
56.0	176.60787963867188	84.94688415527344	178.67478942871094	174.75	84.11	178.9	185.08	88.47	181.125	346700.0	56.0	0.0	0.0	0.0	0.0
57.0	176.12796020507812	83.9870376586914	178.67478942871094	175.28	83.59	178.925	185.37	87.24	181.9	348687.0	57.0	21910.0	0.0	0.0	21910.0
58.0	176.76785278320312	84.6269302368164	178.67478942871094	175.95000000000005	84.17	179.0	185.88	88.16	181.875	350943.0	58.0	21910.0	0.0	0.0	21910.0
59.0	177.72767639160156	84.6269302368164	178.67478942871094	176.64	84.29	178.82500000000005	186.51	88.78	181.7	375802.0	59.0	21910.0	0.0	0.0	21910.0
60.0	177.24777221679688	83.82705688476562	178.2750701904297	176.66	83.73	178.75	186.28	87.26	181.775	347071.0	60.0	21910.0	0.0	0.0	21910.0
61.0	177.72767639160156	84.46696472167969	178.2750701904297	176.8	84.28	178.75	187.96	89.24	181.675	386720.0	61.0	21910.0	0.0	0.0	21910.0
62.0	178.8681182861328	84.44400024414062	178.8147430419922	178.39	84.39	178.75	179.13	84.47	179.125	1350.0	62.0	0.0	0.0	0.0	0.0
63.0	180.60716247558602	84.30699157714844	179.0745086669922	180.46	84.16	179.175	191.99	90.78	181.725	177243.0	63.0	0.0	0.0	0.0	0.0
64.0	180.60716247558602	84.30699157714844	179.47422790527344	180.49	84.2	179.45000000000005	185.34	86.76	180.3	41899.0	64.0	0.0	0.0	0.0	0.0
65.0	146.3527374267578	85.97723388671875	179.39259338378906	146.21	85.85000000000002	179.32500000000005	146.51	86.14	179.47500000000005	1789.0	65.0	0.0	0.0	0.0	0.0
66.0	146.6031036376953	85.41972351074219	179.20831298828125	146.42000000000004	85.29	179.15	146.79	85.51	179.3	1819.0	66.0	0.0	0.0	0.0	0.0
67.0	159.05502319335938	87.21891784667969	179.3577880859375	158.59	86.98	179.35000000000005	159.45000000000005	87.43	179.4	1807.0	67.0	0.0	0.0	0.0	0.0
68.0	164.90798950195312	87.07990264892578	179.9490509033203	164.48	86.97	179.875	165.36	87.16	179.97500000000005	1462.0	68.0	0.0	0.0	0.0	0.0
69.0	169.60751342773438	84.81914520263672	179.23475646972656	169.22	84.66	179.22500000000005	169.95000000000005	85.03	179.275	1640.0	69.0	0.0	0.0	0.0	0.0
70.0	170.6807403564453	84.87493896484375	178.88328552246094	170.38	84.74	178.875	171.13	85.05	178.925	1260.0	70.0	0.0	0.0	0.0	0.0
71.0	171.5315399169922	85.24673461914062	179.25035095214844	171.17000000000004	85.09	179.22500000000005	171.91	85.35000000000002	179.3	1540.0	71.0	0.0	0.0	0.0	0.0
72.0	176.28794860839844	84.6269302368164	178.2750701904297	175.76	84.48	178.75	185.9	89.25	180.875	390726.0	72.0	21910.0	0.0	0.0	21910.0
73.0	176.60787963867188	84.46696472167969	178.2750701904297	176.64	84.48	178.75	182.48	87.33	180.4	171042.0	73.0	0.0	0.0	0.0	0.0
74.0	177.72767639160156	84.94688415527344	178.67478942871094	176.64	84.48	178.8	187.07	89.65	181.4	395547.0	74.0	21910.0	0.0	0.0	21910.0
75.0	178.2075958251953	84.6269302368164	178.2750701904297	178.19	84.48	178.75	187.55	89.82000000000002	181.225	375245.0	75.0	21910.0	0.0	0.0	21910.0
76.0	184.82546997070312	88.3633804321289	180.89833068847656	179.85	85.44	179.97500000000005	187.35	89.61	181.325	388.0	76.0	0.0	0.0	0.0	0.0
77.0	180.1272430419922	84.78691101074219	178.67478942871094	179.92000000000004	84.71000000000002	178.95000000000005	188.61	89.37	180.25	132310.0	77.0	0.0	0.0	0.0	0.0
78.0	180.60716247558602	84.78691101074219	179.47422790527344	180.11	84.48	179.35000000000005	191.99	90.89	181.95	140339.0	78.0	21911.0	0.0	0.0	21911.0
79.0	180.7671203613281	85.10686492919922	179.47422790527344	180.18	84.93	179.35000000000005	184.42	86.56	180.275	26021.0	79.0	0.0	0.0	0.0	0.0
80.0	181.1903076171875	85.7073974609375	179.81304931640625	180.78	85.48	179.60000000000005	181.57	85.92	179.97500000000005	3871.0	80.0	0.0	0.0	0.0	0.0
81.0	183.4624786376953	86.46480560302734	180.01173400878906	181.26	85.71000000000002	179.8	185.01	87.47	180.275	41056.0	81.0	0.0	0.0	0.0	0.0
82.0	181.72694396972656	86.38666534423828	179.8739471435547	181.47	86.23	179.95000000000005	191.87	91.07	181.075	170275.0	82.0	21911.0	0.0	0.0	21911.0
83.0	176.60787963867188	84.14701080322266	177.87535095214844	175.4	84.11	178.175	185.12	87.24	180.25	385022.0	83.0	21911.0	0.0	0.0	21911.0
84.0	145.5735321044922	88.78629302978516	178.67478942871094	145.46	88.63	179.025	146.37	89.15	179.4	1979.0	84.0	0.0	0.0	0.0	0.0
85.0	156.16468811035156	88.5692367553711	178.87429809570312	155.82	88.42	178.8	156.56	88.82000000000002	178.95000000000005	1410.0	85.0	0.0	0.0	0.0	0.0
86.0	156.1809539794922	88.31084442138672	178.7837371826172	155.97	88.07000000000002	178.75	156.63	88.49	178.85000000000005	2095.0	86.0	0.0	0.0	0.0	0.0
87.0	156.60365295410156	88.35713958740234	178.9685821533203	156.16	88.22	178.925	156.99	88.56	179.125	1270.0	87.0	0.0	0.0	0.0	0.0
88.0	156.61973571777344	88.541748046875	178.83522033691406	156.16	88.29	178.775	157.25	88.82000000000002	178.85000000000005	1811.0	88.0	0.0	0.0	0.0	0.0
89.0	158.96759033203125	87.82911682128906	178.99740600585938	158.21	87.59	178.95000000000005	159.53	87.99	179.07500000000005	3070.0	89.0	0.0	0.0	0.0	0.0
90.0	159.7477264404297	87.38965606689453	179.4180145263672	159.07	87.28	179.375	160.47	87.67	179.47500000000005	3576.0	90.0	0.0	0.0	0.0	0.0
91.0	163.61917114257812	87.5589370727539	179.76829528808594	163.3	87.37	179.75	163.83	87.79	179.85000000000005	1026.0	91.0	0.0	0.0	0.0	0.0
92.0	163.6879425048828	87.82470703125	180.0001983642578	163.31	87.54	179.95000000000005	164.0	88.04	180.025	1947.0	92.0	0.0	0.0	0.0	0.0
93.0	169.38856506347656	88.41612243652344	178.90524291992188	169.29	88.29	178.875	169.52	88.56	178.925	1135.0	93.0	0.0	0.0	0.0	0.0
94.0	187.1659698486328	89.58616638183594	179.47422790527344	186.05	88.61	179.22500000000005	189.2	91.45	180.25	101726.0	94.0	0.0	0.0	0.0	0.0
95.0	186.52609252929688	90.22607421875	178.67478942871094	186.13	89.58	178.97500000000005	189.81	94.88	181.375	172376.0	95.0	21915.0	0.0	0.0	21915.0
96.0	186.2061462402344	89.26622009277344	178.67478942871094	186.16	89.25	179.125	188.93	92.34	180.275	112510.0	96.0	0.0	0.0	0.0	0.0
97.0	153.36341857910156	89.94709777832031	179.95681762695312	153.20000000000005	89.71000000000002	179.925	153.53	90.17	179.97500000000005	2742.0	97.0	0.0	0.0	0.0	0.0
98.0	163.95118713378906	89.77564239501953	179.5522003173828	163.73	89.62	179.3	164.19	89.93	179.72500000000005	11926.0	98.0	0.0	0.0	0.0	0.0
99.0	186.2061462402344	89.58616638183594	178.67478942871094	186.15	89.60000000000002	179.10000000000005	190.16	94.74	181.675	188721.0	99.0	21915.0	0.0	0.0	21915.0
100.0	188.17007446289062	91.58663177490234	179.92434692382812	187.33	90.67	179.675	188.85	92.5	180.275	50355.0	100.0	0.0	0.0	0.0	0.0
101.0	188.92947387695312	89.89970397949219	180.16357421875	187.84	89.60000000000002	179.875	189.96	90.37	180.3	30237.0	101.0	0.0	0.0	0.0	0.0
102.0	190.96499633789062	89.87968444824219	179.43006896972656	190.77	89.78	179.375	191.16	89.98	179.5	1279.0	102.0	0.0	0.0	0.0	0.0
103.0	179.32791137695312	94.4220962524414	179.8013458251953	179.20000000000005	94.31	179.775	179.43	94.53	179.82500000000005	1192.0	103.0	0.0	0.0	0.0	0.0
104.0	147.24594116210938	84.07084655761719	180.69760131835938	146.96	83.92	180.6	147.52	84.19	180.825	6961.0	104.0	0.0	0.0	0.0	0.0
105.0	147.400634765625	84.09622955322266	180.9642791748047	147.05	83.85000000000002	180.85	147.70000000000005	84.33	181.1	11895.0	105.0	0.0	0.0	0.0	0.0
106.0	147.72116088867188	84.07868957519531	180.1248016357422	147.43	83.91	180.025	147.93	84.25	180.2	5346.0	106.0	0.0	0.0	0.0	0.0
107.0	150.99151611328125	83.63417053222656	180.49424743652344	150.77	83.39	180.425	151.28	83.91	180.575	3080.0	107.0	0.0	0.0	0.0	0.0
108.0	142.53407287597656	86.38666534423828	180.27366638183602	138.8	81.95	180.3	143.19	87.25	186.1	405016.0	108.0	0.0	0.0	0.0	0.0
109.0	142.21414184570312	86.70661926269531	180.27366638183602	138.51	82.22	180.15	143.21	87.71000000000002	186.5	436410.0	109.0	0.0	0.0	0.0	0.0
110.0	143.0139923095703	87.18653869628906	180.6733856201172	139.12	83.16	180.45	144.42000000000004	88.13	185.275	382685.0	110.0	0.0	0.0	0.0	0.0
111.0	146.78863525390625	86.00930786132812	180.90809631347656	146.67000000000004	85.84	180.8	146.94	86.2	180.975	3316.0	111.0	0.0	0.0	0.0	0.0
112.0	156.31651306152344	85.82219696044922	180.547607421875	156.17000000000004	85.68	180.525	156.45000000000005	85.96000000000002	180.575	1514.0	112.0	0.0	0.0	0.0	0.0
113.0	180.14205932617188	85.79430389404297	180.38758850097656	179.63	85.35000000000002	180.325	180.53	86.07000000000002	180.45	2059.0	113.0	0.0	0.0	0.0	0.0
114.0	181.56532287597656	85.75808715820312	180.28965759277344	181.13	85.54	180.25	181.93	85.97	180.325	4001.0	114.0	0.0	0.0	0.0	0.0
115.0	181.59033203125	85.51143646240234	180.02171325683594	181.14	85.41	180.0	181.75	85.59	180.10000000000005	1083.0	115.0	0.0	0.0	0.0	0.0
116.0	183.32666015625	85.42681121826172	180.6733856201172	182.02	85.07000000000002	180.6	189.31	89.28	183.075	233875.0	116.0	21915.0	0.0	0.0	21915.0
117.0	183.64659118652344	85.42681121826172	181.07310485839844	182.64	85.23	180.875	187.37	87.45	183.725	170422.0	117.0	0.0	0.0	0.0	0.0
118.0	183.01800537109366	85.5440673828125	180.6703186035156	182.65	85.44	180.625	183.45	85.65	180.725	1589.0	118.0	0.0	0.0	0.0	0.0
119.0	183.1667022705078	85.26683044433594	180.6733856201172	182.76	85.15	180.6	189.24	88.91	183.625	210834.0	119.0	0.0	0.0	0.0	0.0
120.0	183.64659118652344	86.86659240722656	180.27366638183602	183.27	86.52	180.275	186.69	89.15	180.875	118418.0	120.0	21910.0	0.0	0.0	21910.0
121.0	183.80657958984366	85.90673828125	180.27366638183602	183.41	85.64	180.25	191.99	91.05	182.125	140196.0	121.0	0.0	0.0	0.0	0.0
122.0	184.7664031982422	87.34651184082031	180.27366638183602	183.74	86.64	180.2	191.99	91.52	182.175	157475.0	122.0	21911.0	0.0	0.0	21911.0
123.0	184.4464569091797	85.42681121826172	181.07310485839844	183.83	85.27	180.975	190.16	89.37	184.45	221611.0	123.0	0.0	0.0	0.0	0.0
124.0	179.6473388671875	85.74676513671875	178.67478942871094	179.52	85.55	179.025	191.48	91.74	181.625	230834.0	124.0	0.0	0.0	0.0	0.0
125.0	184.28648376464844	86.54663848876953	180.27366638183602	184.04	86.26	180.3	191.99	91.25	182.15	107840.0	125.0	0.0	0.0	0.0	0.0
126.0	184.60641479492188	86.06671905517578	180.27366638183602	184.1	85.65	180.325	191.45	90.55	182.75	230945.0	126.0	0.0	0.0	0.0	0.0
127.0	184.45013427734366	85.69680786132812	181.1885070800781	184.32	85.54	181.1	184.85	85.8	181.225	1292.0	127.0	0.0	0.0	0.0	0.0
128.0	184.9263610839844	85.90673828125	180.6733856201172	184.32	85.59	180.575	190.29	89.52	183.275	207404.0	128.0	21915.0	0.0	0.0	21915.0
129.0	185.55636596679688	87.64498138427734	180.4510955810547	184.55	86.60000000000002	180.275	186.87	88.98	180.675	69400.0	129.0	0.0	0.0	0.0	0.0
130.0	185.72622680664062	86.86659240722656	181.07310485839844	185.26	86.46000000000002	180.85	190.2	89.63	182.95	182406.0	130.0	0.0	0.0	0.0	0.0
131.0	187.6458740234375	87.34651184082031	181.07310485839844	185.62	86.38	180.825	191.6	90.72	183.425	214462.0	131.0	21915.0	0.0	0.0	21915.0
132.0	144.30003356933594	88.70254516601562	180.06298828125	144.06	88.52	180.05	144.62	88.91	180.10000000000005	1838.0	132.0	0.0	0.0	0.0	0.0
133.0	159.08238220214844	87.87883758544922	181.2887725830078	158.87	87.53	180.95	159.33	88.18	181.475	14640.0	133.0	0.0	0.0	0.0	0.0
134.0	163.04403686523438	87.50911712646484	180.25228881835938	162.59	87.39	180.225	163.3	87.72	180.3	887.0	134.0	0.0	0.0	0.0	0.0
135.0	163.56321716308594	87.82439422607422	180.03416442871094	163.0	87.58	180.0	164.07	88.16	180.07500000000005	2636.0	135.0	0.0	0.0	0.0	0.0
136.0	163.64903259277344	87.50621032714844	180.09776306152344	163.39	87.33	180.05	163.83	87.65	180.10000000000005	1006.0	136.0	0.0	0.0	0.0	0.0
137.0	164.09332275390625	87.37053680419922	180.04666137695312	163.84	87.09	180.0	164.66	87.61	180.15	2321.0	137.0	0.0	0.0	0.0	0.0
138.0	164.77003479003906	87.02657318115234	179.8739471435547	163.84	87.04	180.0	165.56	88.04	180.65	66766.0	138.0	0.0	0.0	0.0	0.0
139.0	184.56082153320312	88.39775848388672	180.4551544189453	184.0	88.08	180.3	185.08	88.71000000000002	180.625	27637.0	139.0	0.0	0.0	0.0	0.0
140.0	185.0863494873047	87.82644653320312	180.27366638183602	184.69	87.57000000000002	180.3	191.82	91.74	181.9	114931.0	140.0	21911.0	0.0	0.0	21911.0
141.0	186.3936462402344	88.30825805664062	180.2747039794922	185.87	87.93	180.225	186.87	88.63	180.275	3038.0	141.0	0.0	0.0	0.0	0.0
142.0	186.36610412597656	88.30636596679688	180.27366638183602	186.16	87.85000000000002	180.125	191.99	90.73	181.425	152114.0	142.0	0.0	0.0	0.0	0.0
143.0	187.8058624267578	89.10624694824219	180.27366638183602	186.88	88.42	180.25	191.51	91.15	181.55	153049.0	143.0	0.0	0.0	0.0	0.0
144.0	188.44573974609366	89.26622009277344	180.27366638183602	188.23	89.17	180.325	191.76	90.61	181.0	59776.0	144.0	21911.0	0.0	0.0	21911.0
145.0	153.41668701171875	89.87801361083984	180.0057830810547	153.20000000000005	89.66	180.0	153.61	90.17	180.025	1720.0	145.0	0.0	0.0	0.0	0.0
146.0	153.4493865966797	89.88819885253906	180.1046905517578	153.20000000000005	89.65	180.025	153.70000000000005	90.15	180.2	7163.0	146.0	0.0	0.0	0.0	0.0
147.0	188.12579345703125	89.90612030029297	180.27366638183602	187.61	89.60000000000002	180.275	191.5	91.75	181.4	77868.0	147.0	0.0	0.0	0.0	0.0
148.0	186.36610412597656	89.42620086669922	179.47422790527344	186.06	88.86	179.32500000000005	189.55	93.15	181.425	156753.0	148.0	21915.0	0.0	0.0	21915.0
149.0	188.8367919921875	89.88560485839844	180.27500915527344	188.42	89.60000000000002	180.275	189.33	90.16	180.275	1481.0	149.0	0.0	0.0	0.0	0.0
150.0	188.92564392089844	90.38603973388672	180.27366638183602	188.49	90.01	180.275	191.8	91.61	181.2	51775.0	150.0	21911.0	0.0	0.0	21911.0
151.0	189.14183044433602	91.47074127197266	180.48269653320312	188.73	90.84	180.325	189.57	91.83	180.75	25084.0	151.0	0.0	0.0	0.0	0.0
152.0	189.2912139892578	90.89153289794922	180.64157104492188	188.95	90.63	180.475	189.61	91.19	180.75	5815.0	152.0	0.0	0.0	0.0	0.0
153.0	189.39427185058602	90.7889175415039	180.7724914550781	189.25	90.71	180.725	189.52	90.9	180.85	1052.0	153.0	0.0	0.0	0.0	0.0
154.0	189.7255096435547	92.30574798583984	181.07310485839844	189.57	91.98	181.05	191.17	93.53	182.025	55336.0	154.0	21915.0	0.0	0.0	21915.0
155.0	189.950927734375	91.07105255126952	180.666015625	189.81	90.97	180.6	190.12	91.18	180.75	1152.0	155.0	0.0	0.0	0.0	0.0
156.0	190.42300415039062	91.57789611816406	181.19017028808602	190.14	91.38	181.1	190.7	91.76	181.275	4457.0	156.0	0.0	0.0	0.0	0.0
157.0	190.38937377929688	90.63421630859376	180.41163635253903	190.18	90.49	180.35	190.57	90.79	180.475	2307.0	157.0	0.0	0.0	0.0	0.0
158.0	189.0856170654297	93.2656021118164	181.07310485839844	188.56	93.05	180.975	190.61	94.34	181.7	52824.0	158.0	21915.0	0.0	0.0	21915.0
159.0	189.24557495117188	92.78568267822266	181.07310485839844	189.15	92.69	181.025	190.99	94.04	181.875	47978.0	159.0	21915.0	0.0	0.0	21915.0
160.0	97.74700164794922	147.0191192626953	181.1198272705078	97.63	146.92000000000004	181.05	97.85	147.14	181.2	1946.0	160.0	0.0	0.0	0.0	0.0
161.0	99.9818115234375	147.33724975585938	181.07310485839844	99.53	147.23	181.175	100.71	147.91	181.75	48523.0	161.0	0.0	0.0	0.0	0.0
162.0	107.4623794555664	162.13314819335938	181.0379638671875	107.3	161.88	180.95	107.51	162.46	181.15	2529.0	162.0	0.0	0.0	0.0	0.0
163.0	146.023193359375	84.4596939086914	182.4194793701172	145.8	84.26	182.2	146.33	84.69	182.475	3059.0	163.0	0.0	0.0	0.0	0.0
164.0	152.88922119140625	82.14982604980469	182.287353515625	152.62	82.07000000000002	182.15	153.06	82.25	182.4	2603.0	164.0	0.0	0.0	0.0	0.0
165.0	161.04600524902344	83.019287109375	181.9308319091797	160.81	82.84	181.85	161.25	83.23	182.025	7150.0	165.0	0.0	0.0	0.0	0.0
166.0	167.98934936523438	82.25157165527344	182.04022216796875	167.84	82.13	182.0	168.14	82.36	182.075	1683.0	166.0	0.0	0.0	0.0	0.0
167.0	172.45538330078125	83.23440551757812	181.52230834960938	172.20000000000005	83.03	181.45	172.78	83.42	181.625	8009.0	167.0	0.0	0.0	0.0	0.0
168.0	140.134521484375	84.78691101074219	182.2722625732422	136.73	75.68	182.05	140.79	85.36	193.825	798634.0	168.0	21904.0	0.0	0.0	21904.0
169.0	140.61442565917972	85.90673828125	181.4728240966797	136.76	76.04	181.475	141.01	86.19	193.8	324543.0	169.0	21904.0	0.0	0.0	21904.0
170.0	147.28941345214844	84.79549407958984	182.32073974609366	147.03	84.59	182.125	147.5	85.0	182.45	8896.0	170.0	0.0	0.0	0.0	0.0
171.0	185.0863494873047	85.42681121826172	181.4728240966797	184.96	85.43	181.55	189.8	89.49	184.8	204698.0	171.0	21915.0	0.0	0.0	21915.0
172.0	185.24630737304688	85.90673828125	181.4728240966797	185.13	85.82000000000002	181.45	188.3	88.32000000000002	183.625	136715.0	172.0	21915.0	0.0	0.0	21915.0
173.0	186.11351013183602	86.96715545654297	181.2618865966797	185.48	86.71000000000002	181.25	186.49	87.03	181.4	1246.0	173.0	0.0	0.0	0.0	0.0
174.0	186.17022705078125	86.13268280029297	181.7761688232422	185.87	85.99	181.725	186.52	86.35000000000002	181.85	1448.0	174.0	0.0	0.0	0.0	0.0
175.0	169.97630310058594	87.1362075805664	182.50970458984366	169.81	87.04	182.4	170.23	87.26	182.8	3418.0	175.0	0.0	0.0	0.0	0.0
176.0	185.4591217041016	88.29346466064453	181.41574096679688	184.89	87.87	181.4	186.01	88.63	181.45	3607.0	176.0	0.0	0.0	0.0	0.0
177.0	186.19497680664062	88.22161102294922	181.26834106445312	185.21	87.54	181.25	186.87	88.79	181.4	3653.0	177.0	0.0	0.0	0.0	0.0
178.0	186.62228393554688	88.03789520263672	181.4445037841797	186.11	87.59	181.4	186.87	88.61	181.6	1442.0	178.0	0.0	0.0	0.0	0.0
179.0	189.66819763183602	89.69831848144531	181.5630798339844	189.44	89.60000000000002	181.425	189.94	89.81	181.7	1802.0	179.0	0.0	0.0	0.0	0.0
180.0	98.02395629882812	145.4717559814453	181.39170837402344	97.9	145.34	181.3	98.15	145.63	181.5	2684.0	180.0	0.0	0.0	0.0	0.0
181.0	98.53501892089844	148.5595245361328	181.6371307373047	98.34	148.39	181.3	98.72	148.75	181.75	6551.0	181.0	0.0	0.0	0.0	0.0
182.0	103.99903106689452	158.75326538085938	182.56707763671875	103.83	158.62	182.45	104.19	158.9	182.675	5571.0	182.0	0.0	0.0	0.0	0.0
183.0	103.277587890625	160.13246154785156	181.471923828125	103.06	160.01	181.4	103.46	160.3	181.6	4519.0	183.0	0.0	0.0	0.0	0.0
184.0	105.87091827392578	165.31260681152344	182.2686767578125	105.69	165.1	182.175	106.02	165.54	182.35	3618.0	184.0	0.0	0.0	0.0	0.0
185.0	105.79934692382812	166.78378295898438	181.99729919433602	105.64	166.63	181.925	105.91	166.99	182.075	1566.0	185.0	0.0	0.0	0.0	0.0
186.0	106.70059204101562	169.09390258789062	181.4728240966797	105.81	167.72	181.575	109.91	185.71	184.975	633356.0	186.0	0.0	0.0	0.0	0.0
187.0	107.02053833007812	169.09390258789062	182.2722625732422	106.91	168.9	182.4	109.21	178.22	184.975	300955.0	187.0	22515.0	0.0	0.0	22515.0
188.0	107.02053833007812	169.7338104248047	182.2722625732422	106.85	168.94	182.15	108.33	180.35	184.925	360977.0	188.0	22515.0	0.0	0.0	22515.0
189.0	102.2214126586914	159.17543029785156	185.8697509765625	96.61	145.96	182.125	107.93	171.51	186.5	1457989.0	189.0	22182.0	0.0	0.0	22182.0
190.0	107.02053833007812	170.3737030029297	181.8725433349609	106.73	169.93	182.0	107.53	180.71	184.45	340517.0	190.0	22515.0	0.0	0.0	22515.0
191.0	106.70059204101562	171.97344970703125	182.2722625732422	106.64	171.34	182.125	107.86	182.61	184.25	342755.0	191.0	22515.0	0.0	0.0	22515.0
192.0	106.86056518554688	170.3737030029297	182.2722625732422	106.88	170.01	182.175	108.04	181.29	184.8	357832.0	192.0	22515.0	0.0	0.0	22515.0
193.0	107.02053833007812	171.6535186767578	182.2722625732422	106.89	170.6	182.15	107.94	182.82	184.5	402207.0	193.0	22515.0	0.0	0.0	22515.0
194.0	107.3404769897461	170.53366088867188	182.2722625732422	107.24	170.14	182.25	108.57	181.33	184.975	356328.0	194.0	22515.0	0.0	0.0	22515.0
195.0	107.3404769897461	169.89376831054688	182.2722625732422	107.31	169.61	182.275	109.27	181.39	184.975	359399.0	195.0	22515.0	0.0	0.0	22515.0
196.0	107.50045013427734	171.17356872558594	182.2722625732422	107.36	170.96	182.325	109.06	181.89	184.975	370567.0	196.0	22515.0	0.0	0.0	22515.0
197.0	107.66041564941406	171.4935302734375	182.2722625732422	107.61	170.9	182.25	110.06	182.9	184.8	390961.0	197.0	22515.0	0.0	0.0	22515.0
198.0	107.66041564941406	171.6535186767578	182.2722625732422	107.48	171.48	182.35	109.26	182.95	184.9	384481.0	198.0	22515.0	0.0	0.0	22515.0
199.0	107.66041564941406	169.57382202148438	182.2722625732422	97.09	147.20000000000005	182.175	108.24	171.03	186.05	536720.0	199.0	22182.0	0.0	0.0	22182.0
200.0	107.9803695678711	170.85362243652344	182.2722625732422	107.75	170.35	182.3	110.07	181.66	184.95	351115.0	200.0	0.0	0.0	0.0	0.0
201.0	106.86056518554688	172.6133575439453	182.2722625732422	106.77	171.78	182.1	108.41	183.44	184.65	388967.0	201.0	0.0	0.0	0.0	0.0
202.0	107.22238159179688	172.91310119628906	182.4307861328125	107.14	172.22	182.325	107.31	173.78	182.475	3093.0	202.0	0.0	0.0	0.0	0.0
203.0	107.3404769897461	171.97344970703125	182.2722625732422	107.26	171.52	182.225	108.9	183.57	184.8	387984.0	203.0	22515.0	0.0	0.0	22515.0
204.0	107.50045013427734	172.6133575439453	182.2722625732422	107.32	171.52	182.175	109.4	183.59	184.775	367965.0	204.0	22515.0	0.0	0.0	22515.0
205.0	107.50045013427734	171.97344970703125	182.2722625732422	107.39	171.52	182.075	109.68	183.36	184.875	391564.0	205.0	22515.0	0.0	0.0	22515.0
206.0	107.74005889892578	172.97756958007812	182.0194854736328	107.59	172.85	181.925	107.89	173.12	182.125	4945.0	206.0	0.0	0.0	0.0	0.0
207.0	138.85475158691406	83.82705688476562	183.47142028808602	134.13	72.81	183.625	139.25	84.11	197.35	855183.0	207.0	0.0	0.0	0.0	0.0
208.0	139.18739318847656	84.19549560546875	183.05386352539062	138.89	83.87	182.775	139.45000000000002	84.61	183.35	18369.0	208.0	21904.0	0.0	0.0	21904.0
209.0	155.82510375976562	82.74163818359375	182.9443206787109	155.63	82.58	182.85	156.03	82.88	183.025	2626.0	209.0	0.0	0.0	0.0	0.0
210.0	156.71261596679688	83.16508483886719	183.25601196289062	156.21	82.85000000000002	183.15	157.04	83.43	183.375	5128.0	210.0	0.0	0.0	0.0	0.0
211.0	145.5785675048828	85.93836975097656	183.65809631347656	145.34	85.67	183.475	145.86	86.15	183.8	11565.0	211.0	0.0	0.0	0.0	0.0
212.0	159.2003936767578	84.82289123535156	183.6897125244141	159.01	84.61	183.6	159.46	85.06	183.725	4351.0	212.0	0.0	0.0	0.0	0.0
213.0	171.35316467285156	84.60806274414062	183.32862854003903	170.99	84.48	183.175	171.66	84.79	183.45	7176.0	213.0	0.0	0.0	0.0	0.0
214.0	189.07313537597656	85.25753784179688	183.2106170654297	188.88	85.05	183.075	189.22	85.44	183.35	8300.0	214.0	0.0	0.0	0.0	0.0
215.0	174.56300354003906	87.98104095458984	183.3518524169922	174.43	87.85000000000002	183.25	174.75	88.13	183.45	2782.0	215.0	0.0	0.0	0.0	0.0
216.0	189.65069580078125	89.0715103149414	183.7439422607422	189.22	88.92	183.525	189.95	89.29	183.85	6618.0	216.0	21915.0	0.0	0.0	21915.0
217.0	101.7388687133789	139.25193786621094	183.31851196289062	101.29	139.04	183.125	102.01	139.49	183.475	10381.0	217.0	0.0	0.0	0.0	0.0
218.0	101.57817840576172	139.77816772460938	183.31863403320312	101.44	139.63	183.225	101.75	139.97	183.4	3289.0	218.0	0.0	0.0	0.0	0.0
219.0	105.8293914794922	158.83731079101562	182.7520751953125	105.72	158.72	182.7	106.04	158.98	182.775	1123.0	219.0	0.0	0.0	0.0	0.0
220.0	105.9614715576172	160.385986328125	183.1822204589844	105.82	160.18	183.125	106.16	160.5	183.225	1147.0	220.0	0.0	0.0	0.0	0.0
221.0	106.05594635009766	160.45848083496094	183.0122375488281	105.89	160.36	182.95	106.22	160.54	183.05	1173.0	221.0	0.0	0.0	0.0	0.0
222.0	106.2206802368164	166.0543670654297	183.0717010498047	96.03	145.29	183.15	106.63	166.61	186.65	970270.0	222.0	22182.0	0.0	0.0	22182.0
223.0	105.7407684326172	166.69427490234375	182.67198181152344	96.34	145.92000000000004	182.625	106.18	167.07	186.75	965191.0	223.0	22182.0	0.0	0.0	22182.0
224.0	106.2206802368164	166.69427490234375	182.67198181152344	96.58	146.03	182.675	106.66	167.20000000000005	186.2	972171.0	224.0	22182.0	0.0	0.0	22182.0
225.0	106.2206802368164	166.0543670654297	183.47142028808602	96.18	146.21	183.6	106.76	166.78	186.0	889249.0	225.0	22182.0	0.0	0.0	22182.0
226.0	106.9854965209961	168.29122924804688	182.9761657714844	106.78	168.02	182.875	107.21	168.6	183.075	2290.0	226.0	0.0	0.0	0.0	0.0
227.0	108.14034271240234	172.29339599609375	182.67198181152344	107.71	171.21	182.5	109.98	182.99	185.075	383399.0	227.0	22515.0	0.0	0.0	22515.0
228.0	107.9803695678711	171.17356872558594	182.67198181152344	107.92	170.33	182.6	109.78	181.67	185.0	357089.0	228.0	22515.0	0.0	0.0	22515.0
229.0	107.3404769897461	173.89315795898438	182.67198181152344	107.13	172.57	182.5	108.81	183.71	184.675	351006.0	229.0	22182.0	0.0	0.0	22182.0
230.0	107.3404769897461	173.41323852539062	183.47142028808602	107.19	173.29	183.575	107.72	179.19	184.6	110824.0	230.0	22182.0	0.0	0.0	22182.0
231.0	108.38720703125	172.5952911376953	183.29779052734366	108.32	172.25	183.275	108.47	172.85	183.325	1391.0	231.0	0.0	0.0	0.0	0.0
232.0	106.76061248779295	175.745361328125	183.22537231445312	106.6	175.56	182.975	106.92	175.95000000000005	183.325	3834.0	232.0	0.0	0.0	0.0	0.0
233.0	107.3404769897461	176.45277404785156	183.47142028808602	107.09	175.25	183.3	109.28	188.0	185.55	139103.0	233.0	22699.0	0.0	0.0	22699.0
234.0	107.41610717773438	176.234130859375	183.30776977539062	107.21	175.49	183.05	107.61	178.76	183.525	7027.0	234.0	0.0	0.0	0.0	0.0
235.0	107.41854095458984	174.600341796875	183.05242919921875	107.35	174.31	183.0	107.51	175.16	183.1	1388.0	235.0	0.0	0.0	0.0	0.0
236.0	107.46070098876952	175.84548950195312	183.37110900878903	107.35	175.58	183.3	107.51	176.24	183.5	1116.0	236.0	0.0	0.0	0.0	0.0
237.0	107.77410125732422	176.98849487304688	183.4592437744141	107.43	175.82	183.125	107.96	177.96	183.625	12994.0	237.0	0.0	0.0	0.0	0.0
238.0	107.66041564941406	176.45277404785156	183.47142028808602	107.52	175.67000000000004	183.375	110.07	187.49	186.05	192557.0	238.0	22699.0	0.0	0.0	22699.0
239.0	108.35768127441406	174.64266967773438	183.6702117919922	108.22	174.15	183.6	108.48	174.99	183.725	2034.0	239.0	0.0	0.0	0.0	0.0
240.0	108.45662689208984	176.4527130126953	183.3457489013672	108.23	175.75	183.075	108.67	177.24	183.5	7521.0	240.0	0.0	0.0	0.0	0.0
241.0	108.14034271240234	174.53306579589844	182.67198181152344	108.09	174.47	182.775	110.07	184.98	184.425	98008.0	241.0	22699.0	0.0	0.0	22699.0
242.0	108.62025451660156	174.85299682617188	183.0717010498047	108.47	174.8	183.225	110.11	185.38	184.925	112255.0	242.0	22699.0	0.0	0.0	22699.0
243.0	108.78022003173828	175.8128662109375	183.0717010498047	108.29	174.28	182.875	110.77	187.55	185.65	159967.0	243.0	22699.0	0.0	0.0	22699.0
244.0	107.0166015625	178.3263702392578	183.2141265869141	106.72	178.0	183.075	107.49	178.61	183.375	13174.0	244.0	0.0	0.0	0.0	0.0
245.0	107.66041564941406	177.09266662597656	183.47142028808602	107.52	176.64	183.275	109.23	186.87	184.95	104391.0	245.0	22699.0	0.0	0.0	22699.0
246.0	107.8271484375	178.8954620361328	182.9391326904297	107.52	178.58	182.875	108.18	179.14	183.05	8198.0	246.0	0.0	0.0	0.0	0.0
247.0	107.9803695678711	179.49229431152344	183.0717010498047	107.73	178.1	183.225	110.29	189.22	185.55	128745.0	247.0	22699.0	0.0	0.0	22699.0
248.0	108.30030822753906	179.6522674560547	183.0717010498047	108.05	177.34	183.25	109.44	184.8	184.2	70770.0	248.0	22699.0	0.0	0.0	22699.0
249.0	108.62156677246094	179.48394775390625	183.7522430419922	108.06	176.64	183.5	109.17	182.31	184.025	56498.0	249.0	0.0	0.0	0.0	0.0
250.0	108.14034271240234	178.21249389648438	183.47142028808602	108.14	178.06	183.55	109.08	185.28	184.725	72358.0	250.0	0.0	0.0	0.0	0.0
251.0	108.94019317626952	181.092041015625	183.47142028808602	108.29	178.0	183.35	109.55	185.0	184.375	56597.0	251.0	22699.0	0.0	0.0	22699.0
252.0	108.67381286621094	176.82421875	183.7244415283203	108.55	176.64	183.7	108.76	177.13	183.725	398.0	252.0	0.0	0.0	0.0	0.0
253.0	108.62025451660156	177.73255920410156	183.47142028808602	108.58	177.38	183.425	109.85	185.23	184.425	75546.0	253.0	22699.0	0.0	0.0	22699.0
254.0	108.84683227539062	179.0756072998047	182.91136169433602	108.65	178.92000000000004	182.8	109.1	179.20000000000005	183.0	4782.0	254.0	0.0	0.0	0.0	0.0
255.0	108.46028137207031	176.61273193359375	183.47142028808602	108.41	176.38	183.55	110.79	188.42	186.5	151745.0	255.0	22699.0	0.0	0.0	22699.0
256.0	107.3404769897461	179.97222900390625	183.47142028808602	106.89	179.49	183.45	107.87	186.64	184.825	180732.0	256.0	22700.0	0.0	0.0	22700.0
257.0	107.18050384521484	182.0518951416016	183.0717010498047	105.67	181.46	183.125	107.61	184.92	184.525	104486.0	257.0	22700.0	0.0	0.0	22700.0
258.0	107.50045013427734	182.37185668945312	183.0717010498047	106.13	181.66	183.225	107.9	185.81	184.6	113557.0	258.0	22700.0	0.0	0.0	22700.0
259.0	107.66041564941406	180.1322021484375	183.47142028808602	107.42	180.04	183.6	109.19	186.87	184.95	239146.0	259.0	0.0	0.0	0.0	0.0
260.0	108.78022003173828	183.9716033935547	183.47142028808602	108.15	181.07	183.25	109.14	188.97	185.875	201870.0	260.0	22700.0	0.0	0.0	22700.0
261.0	109.2601318359375	183.49166870117188	183.47142028808602	108.52	180.94	183.425	109.79	190.14	186.35	193165.0	261.0	22700.0	0.0	0.0	22700.0
262.0	173.27337646484375	86.20668029785156	184.09686279296875	172.96	86.05	184.0	173.52	86.41	184.2	3820.0	262.0	0.0	0.0	0.0	0.0
263.0	175.72735595703125	86.62847137451172	184.67547607421875	175.56	86.44	184.625	175.99	86.89	184.725	3425.0	263.0	0.0	0.0	0.0	0.0
264.0	177.27133178710938	87.055908203125	184.09588623046875	176.82	86.82000000000002	183.975	177.86	87.3	184.35	11416.0	264.0	0.0	0.0	0.0	0.0
265.0	177.70855712890625	87.52375793457031	184.3820953369141	177.52	87.27	184.3	177.91	87.82000000000002	184.475	5140.0	265.0	0.0	0.0	0.0	0.0
266.0	181.6012725830078	93.31050872802734	184.56219482421875	181.38	93.14	184.4	181.86	93.51	184.725	8773.0	266.0	0.0	0.0	0.0	0.0
267.0	97.1023406982422	147.97715759277344	184.2708740234375	88.34	137.37	184.175	97.39	148.52	197.875	934884.0	267.0	22181.0	0.0	0.0	22181.0
268.0	96.78240203857422	148.45709228515625	184.67059326171875	88.49	136.8	184.5	97.27	149.34	198.2	946801.0	268.0	22181.0	0.0	0.0	22181.0
269.0	96.94236755371094	146.37741088867188	184.67059326171875	88.07000000000002	136.24	184.5	97.63	147.34	198.575	996355.0	269.0	22181.0	0.0	0.0	22181.0
270.0	97.42227935791016	147.01730346679688	184.67059326171875	88.3	136.28	184.7	97.88	147.79	198.35	912495.0	270.0	22181.0	0.0	0.0	22181.0
271.0	96.46245574951172	144.77764892578125	186.669189453125	94.97	141.96	184.925	104.1	161.43	190.5	1035673.0	271.0	22182.0	0.0	0.0	22182.0
272.0	101.05728912353516	147.31646728515625	184.84423828125	100.83	147.02	184.7	101.27	147.59	184.975	10690.0	272.0	22182.0	0.0	0.0	22182.0
273.0	105.39842224121094	159.1804962158203	184.40293884277344	105.21	159.0	184.35	105.56	159.36	184.475	3044.0	273.0	0.0	0.0	0.0	0.0
274.0	105.68785095214844	158.84854125976562	184.0629730224609	105.57	158.72	184.025	105.79	159.0	184.075	1072.0	274.0	0.0	0.0	0.0	0.0
275.0	105.7841567993164	159.1696014404297	183.8249969482422	105.59	158.72	183.775	106.28	159.75	183.875	9058.0	275.0	0.0	0.0	0.0	0.0
276.0	105.76742553710938	159.00616455078125	184.34927368164062	105.62	158.72	184.3	105.88	159.67000000000004	184.4	5725.0	276.0	0.0	0.0	0.0	0.0
277.0	105.85041809082031	159.7809600830078	184.0883026123047	105.68	159.15	184.05	106.12	160.64	184.15	8280.0	277.0	0.0	0.0	0.0	0.0
278.0	105.8547821044922	159.44602966308594	184.6087951660156	105.74	159.31	184.55	105.99	159.58	184.675	1570.0	278.0	0.0	0.0	0.0	0.0
279.0	105.84152221679688	159.461181640625	184.9540252685547	105.74	159.25	184.9	105.96	159.70000000000005	184.975	1671.0	279.0	0.0	0.0	0.0	0.0
280.0	104.65731048583984	163.70692443847656	184.44175720214844	104.2	163.47	184.375	105.01	163.83	184.625	2073.0	280.0	0.0	0.0	0.0	0.0
281.0	107.36392974853516	163.75807189941406	184.13059997558602	107.16	163.38	183.975	107.65	164.14	184.275	12067.0	281.0	0.0	0.0	0.0	0.0
282.0	107.60782623291016	163.99252319335938	183.8666229248047	107.43	163.84	183.8	107.79	164.16	183.925	1887.0	282.0	0.0	0.0	0.0	0.0
283.0	108.03160095214844	168.5784912109375	183.8806915283203	107.65	168.46	183.825	108.27	168.68	183.975	2695.0	283.0	0.0	0.0	0.0	0.0
284.0	107.97896575927734	168.41848754882812	184.0123748779297	107.76	168.21	183.95	108.18	168.61	184.075	2620.0	284.0	0.0	0.0	0.0	0.0
285.0	107.9865493774414	168.52151489257812	184.1190185546875	107.82	168.41	184.075	108.1	168.62	184.15	1036.0	285.0	0.0	0.0	0.0	0.0
286.0	107.18050384521484	170.53366088867188	182.2722625732422	107.11	169.93	182.225	108.59	182.72	184.675	391584.0	286.0	22515.0	0.0	0.0	22515.0
287.0	109.23403930664062	180.2296295166016	184.0361785888672	108.77	176.22	183.75	109.65	183.45	184.4	54871.0	287.0	0.0	0.0	0.0	0.0
288.0	107.50017547607422	178.32089233398438	184.64634704589844	107.47	176.64	184.35	107.51	178.98	184.75	1819.0	288.0	0.0	0.0	0.0	0.0
289.0	108.17028045654295	176.8668670654297	184.9554748535156	107.98	176.64	184.825	108.36	177.18	185.025	6438.0	289.0	22515.0	0.0	0.0	22515.0
290.0	107.49815368652344	180.4564666748047	184.3759765625	107.46	179.52	184.275	107.51	181.19	184.55	1595.0	290.0	0.0	0.0	0.0	0.0
291.0	108.45187377929688	180.8961639404297	184.4344024658203	108.4	180.31	184.4	108.51	181.36	184.475	987.0	291.0	0.0	0.0	0.0	0.0
292.0	109.00282287597656	182.97093200683602	184.1874237060547	108.73	181.76	184.05	109.25	184.07	184.375	24809.0	292.0	0.0	0.0	0.0	0.0
293.0	110.0847625732422	183.01133728027344	184.194580078125	110.08	181.81	184.0	110.1	183.99	184.35	1277.0	293.0	0.0	0.0	0.0	0.0
294.0	109.154296875	184.9204406738281	184.7904052734375	109.01	184.32	184.475	109.33	185.52	185.025	14108.0	294.0	0.0	0.0	0.0	0.0
295.0	109.70221710205078	185.0533905029297	184.9759063720703	109.55	184.58	184.825	109.94	185.38	185.15	7464.0	295.0	0.0	0.0	0.0	0.0
296.0	110.16179656982422	187.41197204589844	185.3124542236328	109.84	186.51	184.975	110.68	188.17	185.65	19065.0	296.0	0.0	0.0	0.0	0.0
297.0	136.77513122558594	79.18777465820312	188.66778564453125	134.87	73.21000000000002	185.8	138.3	81.91	197.375	708192.0	297.0	21904.0	0.0	0.0	21904.0
298.0	138.05490112304688	82.22730255126953	185.8697509765625	135.89	74.43	186.0	138.5	82.57000000000002	195.775	545895.0	298.0	0.0	0.0	0.0	0.0
299.0	138.87489318847656	82.94017028808594	185.3088531494141	138.58	82.62	185.075	139.25	83.33	185.775	2288.0	299.0	0.0	0.0	0.0	0.0
300.0	180.55108642578125	91.24050903320312	185.72677612304688	180.39	91.05	185.6	180.7	91.47	185.975	2272.0	300.0	0.0	0.0	0.0	0.0
301.0	96.62242889404295	144.9376220703125	185.47003173828125	87.81	136.31	185.6	97.09	145.38	198.45	885077.0	301.0	0.0	0.0	0.0	0.0
302.0	92.42572021484376	150.8262481689453	185.42808532714844	92.16	150.17000000000004	185.15	92.93	151.41	185.675	34535.0	302.0	0.0	0.0	0.0	0.0
303.0	99.0172348022461	153.0638885498047	185.8084716796875	98.69	152.36	185.8	99.24	153.61	185.85	2141.0	303.0	0.0	0.0	0.0	0.0
304.0	99.2555160522461	151.67630004882812	185.7650604248047	99.02	151.13	185.725	99.43	152.38	185.825	2307.0	304.0	0.0	0.0	0.0	0.0
305.0	100.0851821899414	155.1248321533203	186.14100646972656	99.9	154.68	186.125	100.26	155.72	186.175	2339.0	305.0	0.0	0.0	0.0	0.0
306.0	100.8276824951172	155.52476501464844	186.10716247558602	100.44	154.44	186.0	101.2	156.15	186.15	3714.0	306.0	0.0	0.0	0.0	0.0
307.0	101.2464370727539	158.314697265625	185.95030212402344	101.11	157.79	185.95	101.36	158.81	185.975	1054.0	307.0	0.0	0.0	0.0	0.0
308.0	102.11568450927734	158.46029663085938	186.07981872558602	101.83	157.75	186.0	102.36	159.12	186.15	4053.0	308.0	0.0	0.0	0.0	0.0
309.0	102.72930145263672	160.37924194335938	186.0579833984375	102.47	159.94	186.025	103.09	160.87	186.1	2170.0	309.0	0.0	0.0	0.0	0.0
310.0	103.1545181274414	160.1649627685547	185.72998046875	102.85	159.70000000000005	185.7	103.46	160.56	185.8	2603.0	310.0	0.0	0.0	0.0	0.0
311.0	103.77952575683594	162.8610076904297	185.8056945800781	103.6	162.46	185.775	103.89	163.06	185.825	1289.0	311.0	0.0	0.0	0.0	0.0
312.0	104.55835723876952	163.95025634765625	185.02029418945312	104.13	163.84	185.0	104.81	164.14	185.075	1824.0	312.0	0.0	0.0	0.0	0.0
313.0	110.6541976928711	177.07003784179688	185.02500915527344	110.47	176.1	185.025	110.89	177.74	185.025	3305.0	313.0	0.0	0.0	0.0	0.0
314.0	108.1104965209961	177.00267028808594	185.09947204589844	107.93	176.72	185.025	108.3	177.26	185.175	6482.0	314.0	0.0	0.0	0.0	0.0
315.0	108.74855041503906	179.1888427734375	185.0008544921875	108.6	178.5	185.0	108.96	179.74	185.025	2936.0	315.0	0.0	0.0	0.0	0.0
316.0	108.91533660888672	177.36886596679688	185.0145263671875	108.69	176.72	185.0	109.11	178.05	185.05	7819.0	316.0	0.0	0.0	0.0	0.0
317.0	109.2601318359375	185.7313232421875	185.0703125	108.96	185.6	185.15	109.58	187.38	185.75	22874.0	317.0	22699.0	0.0	0.0	22699.0
318.0	109.2601318359375	185.5713653564453	185.0703125	109.23	185.52	185.225	109.78	186.87	185.925	23563.0	318.0	0.0	0.0	0.0	0.0
319.0	109.74004364013672	185.7313232421875	185.0703125	109.53	185.36	185.0	110.46	187.93	186.075	76117.0	319.0	22699.0	0.0	0.0	22699.0
320.0	109.66609191894531	187.09120178222656	185.0148162841797	109.55	186.67	185.0	110.07	187.52	185.075	2061.0	320.0	0.0	0.0	0.0	0.0
321.0	110.05998992919922	185.7313232421875	185.47003173828125	109.89	185.66	185.6	110.76	187.47	186.225	22021.0	321.0	22699.0	0.0	0.0	22699.0
322.0	110.05998992919922	187.01112365722656	185.0703125	110.09	186.54	185.1	110.89	188.03	185.775	19843.0	322.0	0.0	0.0	0.0	0.0
323.0	109.7689437866211	187.904541015625	185.28546142578125	109.57	187.48	185.2	110.02	188.24	185.35	3315.0	323.0	0.0	0.0	0.0	0.0
324.0	109.9224853515625	187.6164093017578	185.23681640625	109.73	186.96	185.05	110.38	188.06	185.425	8069.0	324.0	0.0	0.0	0.0	0.0
325.0	110.46480560302734	188.5855255126953	185.12339782714844	110.18	188.26	185.075	110.75	189.04	185.2	3403.0	325.0	0.0	0.0	0.0	0.0
326.0	110.70535278320312	189.10980224609366	185.3216552734375	110.5	188.86	185.25	111.03	189.43	185.425	3954.0	326.0	0.0	0.0	0.0	0.0
327.0	110.98109436035156	187.23976135253903	185.0756378173828	110.85	187.1	185.05	111.1	187.4	185.1	1061.0	327.0	0.0	0.0	0.0	0.0
328.0	139.10572814941406	79.19721984863281	187.44554138183602	138.8	78.95	187.325	139.45000000000002	79.43	187.55	8737.0	328.0	0.0	0.0	0.0	0.0
329.0	138.37484741210938	81.58740234375	186.669189453125	138.31	81.04	186.275	138.76	82.35000000000002	187.4	30046.0	329.0	0.0	0.0	0.0	0.0
330.0	146.93907165527344	83.5514144897461	187.0665740966797	146.52	83.3	187.025	147.33	83.81	187.125	5555.0	330.0	0.0	0.0	0.0	0.0
331.0	98.0835418701172	140.72032165527344	187.0811462402344	97.91	140.54	187.0	98.31	140.9	187.15	2059.0	331.0	0.0	0.0	0.0	0.0
332.0	99.50310516357422	141.13064575195312	186.9731292724609	99.28	140.94	186.775	99.72	141.32	187.15	8683.0	332.0	0.0	0.0	0.0	0.0
333.0	96.78240203857422	144.77764892578125	186.669189453125	96.6	144.14	186.35	97.12	145.49	188.35	45193.0	333.0	0.0	0.0	0.0	0.0
334.0	96.94236755371094	143.65782165527344	187.06890869140625	87.24	135.24	187.2	97.28	144.04	200.425	879899.0	334.0	22181.0	0.0	0.0	22181.0
335.0	96.57669830322266	150.2714080810547	187.3559417724609	96.41	150.0	187.3	96.78	150.51	187.4	5005.0	335.0	0.0	0.0	0.0	0.0
336.0	96.53556060791016	153.41343688964844	186.3556365966797	96.23	153.24	186.275	96.8	153.56	186.425	3086.0	336.0	0.0	0.0	0.0	0.0
337.0	100.5756607055664	153.63632202148438	187.6145477294922	100.46	153.56	187.475	100.72	153.72	187.775	2196.0	337.0	0.0	0.0	0.0	0.0
338.0	101.37269592285156	156.11215209960938	186.2500457763672	100.65	154.47	186.25	101.85	157.09	186.275	3272.0	338.0	0.0	0.0	0.0	0.0
339.0	100.07244873046876	157.5076446533203	187.2358856201172	99.87	157.35	187.125	100.29	157.67000000000004	187.35	7105.0	339.0	0.0	0.0	0.0	0.0
340.0	98.5121841430664	160.8187713623047	187.2833251953125	98.36	160.62	187.225	98.64	161.03	187.3	1492.0	340.0	0.0	0.0	0.0	0.0
341.0	109.2596664428711	165.8898162841797	187.11566162109366	108.98	165.72	187.075	109.42	165.99	187.15	1025.0	341.0	0.0	0.0	0.0	0.0
342.0	109.2101821899414	165.77786254882812	187.24517822265625	109.0	165.52	187.15	109.44	165.98	187.35	6043.0	342.0	0.0	0.0	0.0	0.0
343.0	112.00942993164062	178.6986083984375	186.73594665527344	111.94	178.57	186.7	112.09	178.84	186.775	1078.0	343.0	0.0	0.0	0.0	0.0
344.0	104.7715301513672	181.55723571777344	186.77801513671875	104.64	181.3	186.725	104.86	181.73	186.825	1515.0	344.0	0.0	0.0	0.0	0.0
345.0	109.8214111328125	187.5402069091797	186.4451446533203	109.65	187.38	186.35	109.97	187.7	186.625	5048.0	345.0	0.0	0.0	0.0	0.0
346.0	138.202392578125	74.95475006103516	188.1528778076172	137.97	74.74	188.1	138.37	75.17	188.25	1429.0	346.0	0.0	0.0	0.0	0.0
347.0	138.93930053710938	74.42964935302734	188.5895538330078	138.8	74.27	188.5	139.08	74.60000000000002	188.675	3992.0	347.0	0.0	0.0	0.0	0.0
348.0	140.11746215820312	76.0172119140625	188.8311004638672	139.57	75.69	188.675	140.66	76.29	189.0	17747.0	348.0	0.0	0.0	0.0	0.0
349.0	142.90904235839844	76.37376403808594	188.7504730224609	142.67000000000004	76.17	188.65	143.17000000000004	76.55	188.85	8613.0	349.0	0.0	0.0	0.0	0.0
350.0	139.31149291992188	78.51387023925781	187.6402587890625	139.1	78.38	187.5	139.5	78.73	187.775	5040.0	350.0	0.0	0.0	0.0	0.0
351.0	139.17990112304688	81.20527648925781	188.2350311279297	139.06	80.93	188.125	139.31	81.42	188.35	2146.0	351.0	0.0	0.0	0.0	0.0
352.0	139.47537231445312	81.52352905273438	188.19065856933602	139.3	81.35000000000002	188.1	139.65	81.7	188.275	5987.0	352.0	0.0	0.0	0.0	0.0
353.0	139.91958618164062	80.5256576538086	188.1352081298828	139.77	80.39	188.1	140.20000000000002	80.65	188.325	1518.0	353.0	0.0	0.0	0.0	0.0
354.0	94.74484252929688	150.1630096435547	188.54917907714844	94.58	149.96	188.45	94.96	150.3	188.65	3766.0	354.0	0.0	0.0	0.0	0.0
355.0	98.62705993652344	154.901611328125	187.85618591308602	98.41	154.72	187.775	98.88	155.11	187.925	4676.0	355.0	0.0	0.0	0.0	0.0
356.0	99.06412506103516	157.37548828125	187.6977386474609	98.84	157.09	187.625	99.24	157.67000000000004	187.8	6606.0	356.0	0.0	0.0	0.0	0.0
357.0	105.34490966796876	165.9810333251953	188.47564697265625	105.01	165.82	188.4	105.57	166.19	188.575	4268.0	357.0	0.0	0.0	0.0	0.0
358.0	105.28585052490234	166.3244171142578	188.47018432617188	105.09	166.16	188.4	105.45	166.49	188.525	1353.0	358.0	0.0	0.0	0.0	0.0
359.0	110.69986724853516	185.8913116455078	188.66778564453125	110.04	183.04	188.725	112.63	186.99	190.55	123064.0	359.0	0.0	0.0	0.0	0.0
360.0	111.63455200195312	185.8391876220703	188.8636016845703	111.18	185.22	188.575	112.27	186.41	189.125	31997.0	360.0	0.0	0.0	0.0	0.0
361.0	137.44216918945312	73.2411880493164	189.44317626953125	137.27	73.08	189.325	137.63	73.4	189.55	6527.0	361.0	0.0	0.0	0.0	0.0
362.0	142.54408264160156	79.47843933105469	189.6860656738281	142.32	79.29	189.65	142.74	79.67	189.725	3022.0	362.0	0.0	0.0	0.0	0.0
363.0	141.2228546142578	80.67452239990234	188.9297180175781	141.06	80.51	188.875	141.35	80.8	189.0	1564.0	363.0	0.0	0.0	0.0	0.0
364.0	141.42076110839844	80.66133880615234	189.6874847412109	141.32	80.44	189.65	141.52	80.87	189.75	1259.0	364.0	0.0	0.0	0.0	0.0
365.0	101.7468719482422	139.26087951660156	188.8279266357422	101.45	139.08	188.75	101.91	139.63	188.9	2510.0	365.0	0.0	0.0	0.0	0.0
366.0	101.6989517211914	139.375244140625	188.9533843994141	101.57	139.18	188.9	101.82	139.56	189.0	2305.0	366.0	0.0	0.0	0.0	0.0
367.0	95.93460083007812	143.06028747558594	189.17755126953125	95.45	142.68	188.875	96.2	143.32	189.375	10331.0	367.0	0.0	0.0	0.0	0.0
368.0	96.01009368896484	143.05038452148438	189.3386383056641	95.86	142.81	189.175	96.13	143.25	189.375	1322.0	368.0	0.0	0.0	0.0	0.0
369.0	103.13724517822266	160.97064208984375	189.659423828125	102.97	160.81	189.625	103.3	161.12	189.7	2672.0	369.0	0.0	0.0	0.0	0.0
370.0	103.42467498779295	160.88607788085938	189.0808563232422	103.34	160.8	189.0	103.51	160.97	189.15	1040.0	370.0	0.0	0.0	0.0	0.0
371.0	103.53230285644531	161.47328186035156	189.3686981201172	103.4	161.33	189.275	103.62	161.61	189.475	2629.0	371.0	0.0	0.0	0.0	0.0
372.0	105.56031799316406	168.3430633544922	189.78042602539062	105.27	168.1	189.625	105.82	168.57	189.925	16885.0	372.0	0.0	0.0	0.0	0.0
373.0	106.09381866455078	168.12765502929688	189.38177490234366	105.88	167.92000000000004	189.275	106.29	168.32	189.575	10531.0	373.0	0.0	0.0	0.0	0.0
374.0	107.09113311767578	167.69866943359375	189.8936767578125	106.88	167.55	189.8	107.31	167.83	189.975	3184.0	374.0	0.0	0.0	0.0	0.0
375.0	104.61446380615234	178.62368774414062	189.8707275390625	104.48	178.43	189.825	104.74	178.91	189.925	1725.0	375.0	0.0	0.0	0.0	0.0
376.0	105.55159759521484	179.1162872314453	189.7868194580078	105.22	178.91	189.725	105.84	179.32	189.875	6049.0	376.0	0.0	0.0	0.0	0.0
377.0	105.6583251953125	178.94497680664062	189.7945251464844	105.04	178.53	189.625	106.31	179.57	189.975	12198.0	377.0	0.0	0.0	0.0	0.0
378.0	105.00972747802734	180.74806213378903	189.83370971679688	104.87	180.54	189.725	105.25	180.88	189.9	1121.0	378.0	0.0	0.0	0.0	0.0
379.0	106.009765625	179.34413146972656	189.79510498046875	105.58	179.20000000000005	189.675	106.29	179.63	189.9	5390.0	379.0	0.0	0.0	0.0	0.0
380.0	108.61607360839844	182.5836639404297	189.7273406982422	108.25	182.4	189.675	108.92	182.89	189.775	3045.0	380.0	0.0	0.0	0.0	0.0
381.0	108.94019317626952	184.771484375	189.0675048828125	108.37	182.67	189.15	112.25	185.32	190.5	155175.0	381.0	0.0	0.0	0.0	0.0
382.0	110.06532287597656	183.8371124267578	189.9384002685547	109.93	183.57	189.9	110.23	184.04	189.95	1177.0	382.0	0.0	0.0	0.0	0.0
383.0	111.17977905273438	183.1717071533203	189.866943359375	110.62	181.72	189.925	112.03	183.59	190.85	55163.0	383.0	0.0	0.0	0.0	0.0
384.0	108.78022003173828	185.8913116455078	188.66778564453125	108.73	182.85	188.875	112.4	186.15	190.5	117569.0	384.0	0.0	0.0	0.0	0.0
385.0	110.53990173339844	184.771484375	189.0675048828125	110.05	182.73	189.125	112.63	185.48	190.325	91315.0	385.0	0.0	0.0	0.0	0.0
386.0	111.17977905273438	184.771484375	189.0675048828125	110.64	183.22	189.15	112.63	185.48	190.1	62270.0	386.0	0.0	0.0	0.0	0.0
387.0	110.3799285888672	185.8913116455078	188.66778564453125	110.07	182.89	188.75	112.63	186.87	190.35	117658.0	387.0	0.0	0.0	0.0	0.0
388.0	111.81966400146484	185.09141540527344	189.0675048828125	111.36	184.09	189.125	112.63	185.82	189.825	45536.0	388.0	0.0	0.0	0.0	0.0
389.0	110.01447296142578	186.14996337890625	189.0503234863281	109.58	185.69	188.85	110.66	186.59	189.175	17986.0	389.0	0.0	0.0	0.0	0.0
390.0	111.01981353759766	185.8913116455078	188.66778564453125	110.49	184.32	188.75	112.63	186.55	189.725	55928.0	390.0	0.0	0.0	0.0	0.0
391.0	110.74494934082031	185.2346954345703	189.13047790527344	110.55	185.1	189.125	110.99	185.35	189.175	1202.0	391.0	0.0	0.0	0.0	0.0
392.0	111.03327178955078	185.7386474609375	189.1500244140625	110.8	185.45	189.125	111.33	186.08	189.175	2159.0	392.0	0.0	0.0	0.0	0.0
393.0	133.21842956542972	73.43851470947266	190.09230041503903	133.12	73.26	190.0	133.33	73.62	190.2	4322.0	393.0	0.0	0.0	0.0	0.0
394.0	88.82576751708984	137.912841796875	197.2647857666016	87.60000000000002	135.22	190.875	94.72	141.37	201.225	284.0	394.0	0.0	0.0	0.0	0.0
395.0	106.51014709472656	179.8325958251953	190.08995056152344	106.23	179.65	190.05	106.67	179.99	190.125	1180.0	395.0	0.0	0.0	0.0	0.0
396.0	107.67047882080078	181.4307403564453	190.20965576171875	107.4	181.25	190.15	107.88	181.65	190.275	2163.0	396.0	0.0	0.0	0.0	0.0
397.0	107.90748596191406	181.61212158203125	190.84439086914062	107.62	181.46	190.825	108.11	181.75	190.875	1198.0	397.0	0.0	0.0	0.0	0.0
398.0	112.13961029052734	181.73194885253903	190.6663818359375	111.76	180.88	190.575	112.63	182.4	191.8	46677.0	398.0	0.0	0.0	0.0	0.0
399.0	112.53083801269531	181.6507568359375	191.21920776367188	112.27	181.27	190.975	112.63	182.32	191.6	14513.0	399.0	0.0	0.0	0.0	0.0
400.0	108.48814392089844	181.9934844970703	191.0554351806641	108.3	181.82	191.0	108.72	182.21	191.1	1836.0	400.0	0.0	0.0	0.0	0.0
401.0	112.12364959716795	182.02989196777344	190.55430603027344	111.97	181.76	190.475	112.28	182.52	190.625	6346.0	401.0	0.0	0.0	0.0	0.0
402.0	112.40814208984376	182.1249237060547	191.1407928466797	112.24	181.76	191.0	112.62	182.38	191.225	9927.0	402.0	0.0	0.0	0.0	0.0
403.0	135.65533447265622	76.628173828125	191.8655548095703	134.92000000000002	74.32000000000002	191.85	136.06	77.34	195.55	237367.0	403.0	0.0	0.0	0.0	0.0
404.0	135.81529235839844	77.10810089111328	191.8655548095703	135.33	74.56	191.9	136.21	77.89	195.625	228611.0	404.0	22584.0	0.0	0.0	22584.0
405.0	94.16316223144531	140.7906036376953	191.4306182861328	93.97	140.65	191.25	94.33	140.97	191.675	2625.0	405.0	0.0	0.0	0.0	0.0
406.0	112.42735290527344	181.0262451171875	191.5564117431641	112.17	180.75	191.375	112.63	181.38	191.85	14471.0	406.0	0.0	0.0	0.0	0.0
407.0	112.51940155029295	181.19601440429688	191.3428192138672	112.22	180.75	191.25	112.63	181.75	191.575	7334.0	407.0	0.0	0.0	0.0	0.0
408.0	112.55233764648438	181.63275146484366	191.53282165527344	112.38	181.25	191.3	112.63	181.75	191.75	4283.0	408.0	0.0	0.0	0.0	0.0
409.0	135.97526550292972	75.66831970214844	192.6649932861328	134.87	73.85000000000002	193.0	136.33	76.15	195.575	170155.0	409.0	0.0	0.0	0.0	0.0
410.0	136.69284057617188	76.08586883544922	192.9090118408203	136.36	75.95	192.825	137.01	76.38	193.0	2451.0	410.0	0.0	0.0	0.0	0.0
411.0	135.01544189453122	74.22854614257812	193.86415100097656	134.4	73.71000000000002	193.8	135.61	75.01	195.6	105321.0	411.0	0.0	0.0	0.0	0.0
412.0	88.14397430419922	136.61891174316406	198.2610626220703	84.07000000000002	130.16	194.65	91.57	139.99	206.85	873476.0	412.0	22925.0	0.0	0.0	22925.0
413.0	91.663330078125	139.81842041015622	194.66358947753903	83.72	129.94	194.85	92.04	140.15	206.675	799970.0	413.0	0.0	0.0	0.0	0.0
414.0	129.89637756347656	65.10994720458984	204.2568664550781	129.23	64.19	195.55	134.85	74.12	205.45	702611.0	414.0	0.0	0.0	0.0	0.0
415.0	134.85546875	74.22854614257812	195.4630279541016	129.16	65.75	195.55	135.48	74.82000000000002	203.925	644271.0	415.0	0.0	0.0	0.0	0.0
416.0	129.73640441894528	65.58987426757811	204.65658569335938	129.48	65.18	195.55	135.28	74.32000000000002	205.55	680996.0	416.0	0.0	0.0	0.0	0.0
417.0	135.1754150390625	74.22854614257812	195.4630279541016	129.17000000000002	66.56	195.55	135.84	75.14	203.8	654154.0	417.0	0.0	0.0	0.0	0.0
418.0	135.495361328125	74.86843872070312	195.4630279541016	128.22	64.0	195.775	135.97	75.44	206.225	775384.0	418.0	22584.0	0.0	0.0	22584.0
419.0	85.49288177490234	140.34065246582028	195.17747497558602	85.29	140.14	195.0	85.69	140.53	195.325	9548.0	419.0	0.0	0.0	0.0	0.0
420.0	91.02344512939452	139.81842041015622	195.0633087158203	83.18	128.18	195.3	91.62	140.15	209.075	873334.0	420.0	22925.0	0.0	0.0	22925.0
421.0	88.46391296386719	137.89871215820312	196.6621856689453	83.28	129.2	195.275	91.67	139.94	207.95	743230.0	421.0	0.0	0.0	0.0	0.0
422.0	90.82999420166016	139.28999328613278	196.0	90.83	139.20000000000002	196.0	90.83	139.38	196.0	19.0	422.0	0.0	0.0	0.0	0.0
423.0	91.22000122070312	139.3699951171875	196.1999969482422	91.22	139.29	196.2	91.22	139.45000000000002	196.2	17.0	423.0	0.0	0.0	0.0	0.0
424.0	93.87297821044922	145.20687866210938	195.72352600097656	93.67	145.02	195.65	94.06	145.4	195.8	3376.0	424.0	0.0	0.0	0.0	0.0
425.0	133.73568725585938	73.58863830566406	196.2624664306641	127.28	61.97	196.475	134.07	74.0	207.1	767730.0	425.0	0.0	0.0	0.0	0.0
426.0	133.81759643554688	73.02027893066406	197.52374267578125	133.55	72.89	197.45	133.94	73.15	197.75	2369.0	426.0	0.0	0.0	0.0	0.0
427.0	88.14397430419922	136.93885803222656	198.6607818603516	84.04	130.02	196.05	90.31	139.65	207.15	777492.0	427.0	0.0	0.0	0.0	0.0
428.0	91.41143035888672	145.6317596435547	196.5468597412109	91.29	145.46	196.45	91.53	145.81	196.65	4677.0	428.0	0.0	0.0	0.0	0.0
429.0	134.63612365722656	71.73361206054688	198.5019989013672	134.46	71.54	198.35	134.79	71.85000000000002	198.65	3873.0	429.0	0.0	0.0	0.0	0.0
430.0	129.61312866210938	75.81373596191406	198.47726440429688	129.21	75.51	198.45	129.94	76.04	198.5	2731.0	430.0	0.0	0.0	0.0	0.0
431.0	130.96672058105472	77.61466217041016	198.4868621826172	130.78	77.34	198.45	131.26	77.87	198.525	1602.0	431.0	0.0	0.0	0.0	0.0
432.0	88.57432556152344	136.72312927246094	198.36163330078125	88.5	136.65	198.35	88.68	136.93	198.375	275.0	432.0	0.0	0.0	0.0	0.0
433.0	131.01617431640622	69.74922943115234	199.8599548339844	127.06	61.81	199.95	131.5	70.52	207.2	483523.0	433.0	0.0	0.0	0.0	0.0
434.0	132.20182800292972	79.2937240600586	198.83692932128903	132.06	79.21000000000002	198.75	132.36	79.35000000000002	198.875	1235.0	434.0	0.0	0.0	0.0	0.0
435.0	123.35175323486328	68.4937744140625	200.16497802734366	123.15	68.22	200.025	123.59	68.68	200.3	5431.0	435.0	0.0	0.0	0.0	0.0
436.0	86.22432708740234	131.97962951660156	204.2568664550781	77.14	123.6	201.075	87.27	135.35	214.675	720395.0	436.0	22925.0	0.0	0.0	22925.0
437.0	88.30123901367188	135.69328308105472	200.0116424560547	88.15	135.68	200.0	88.4	135.72	200.075	161.0	437.0	0.0	0.0	0.0	0.0
438.0	130.39288330078122	65.60894012451172	202.4553680419922	130.17000000000002	65.43	202.325	130.63	65.8	202.575	7567.0	438.0	0.0	0.0	0.0	0.0
439.0	130.50299072265622	66.66789245605469	202.3331756591797	130.15	66.53	202.25	130.81	66.82000000000001	202.4	3213.0	439.0	0.0	0.0	0.0	0.0
440.0	132.66415405273438	65.15071868896484	202.15760803222656	132.49	64.98	202.1	132.91	65.3	202.2	3216.0	440.0	0.0	0.0	0.0	0.0
441.0	133.40890502929688	66.08346557617189	201.98464965820312	132.57	65.28	201.85	134.01	66.75	202.25	30746.0	441.0	0.0	0.0	0.0	0.0
442.0	131.03524780273438	66.61187744140625	201.6874847412109	130.75	66.56	201.6	131.27	66.7	201.775	2085.0	442.0	0.0	0.0	0.0	0.0
443.0	132.66165161132812	68.23513793945311	202.18267822265625	132.55	68.06	202.125	132.79	68.38	202.25	1371.0	443.0	0.0	0.0	0.0	0.0
444.0	133.76852416992188	68.94361877441406	201.3903350830078	133.63	68.84	201.3	133.91	69.05	201.475	1906.0	444.0	0.0	0.0	0.0	0.0
445.0	135.28741455078122	67.07600402832031	201.7461242675781	134.99	67.0	201.7	135.49	67.15	201.8	1345.0	445.0	0.0	0.0	0.0	0.0
446.0	135.37469482421878	69.41716003417969	201.658935546875	135.04	69.12	201.55	135.57	69.71000000000001	201.775	11206.0	446.0	0.0	0.0	0.0	0.0
447.0	133.07884216308594	66.26499176025389	202.94493103027344	132.95	65.92	202.825	133.11	66.55	203.025	1343.0	447.0	0.0	0.0	0.0	0.0
448.0	133.34378051757812	66.78980255126953	202.8254547119141	133.1	66.56	202.525	133.63	67.1	203.05	17570.0	448.0	0.0	0.0	0.0	0.0
449.0	86.12334442138672	133.07696533203122	203.66928100585938	85.97	132.98	203.5	86.29	133.11	203.725	1148.0	449.0	0.0	0.0	0.0	0.0
450.0	87.42670440673828	131.91537475585938	203.0373992919922	87.28	131.82	203.0	87.58	132.0	203.1	1485.0	450.0	0.0	0.0	0.0	0.0
451.0	123.7528305053711	68.75811004638672	204.826171875	123.52	68.67	204.725	124.16	68.86	204.975	4018.0	451.0	0.0	0.0	0.0	0.0
452.0	123.95621490478516	68.46714019775389	204.9155578613281	123.76	68.39	204.825	124.17	68.54	204.975	1496.0	452.0	0.0	0.0	0.0	0.0
453.0	85.90438079833984	131.49971008300778	204.2568664550781	77.16	123.85	204.75	86.3	132.23	214.775	644738.0	453.0	0.0	0.0	0.0	0.0
454.0	86.0643539428711	132.77949523925778	204.2568664550781	77.33	123.82	204.675	86.43	133.21	214.975	782909.0	454.0	0.0	0.0	0.0	0.0
455.0	125.34811401367188	63.1190071105957	205.65171813964844	125.11	62.88	205.6	125.54	63.34	206.0	2922.0	455.0	0.0	0.0	0.0	0.0
456.0	130.44126892089844	63.7292594909668	206.01890563964844	130.31	63.62000000000001	205.925	130.63	63.85	206.15	3273.0	456.0	0.0	0.0	0.0	0.0
457.0	129.129150390625	64.88223266601561	205.4854278564453	128.65	64.58	205.325	129.49	65.28	205.675	23971.0	457.0	0.0	0.0	0.0	0.0
458.0	129.708740234375	65.16580200195311	206.2138519287109	129.6	64.95	206.075	129.82	65.39	206.35	3781.0	458.0	0.0	0.0	0.0	0.0
459.0	129.88813781738278	65.62550354003906	206.07778930664062	129.68	65.4	205.975	130.18	65.82000000000001	206.15	5082.0	459.0	0.0	0.0	0.0	0.0
460.0	129.99687194824222	65.54978942871094	206.2055511474609	129.76	65.26	206.175	130.18	65.74	206.25	2163.0	460.0	0.0	0.0	0.0	0.0
461.0	131.147705078125	65.192626953125	205.8860321044922	130.94	65.07000000000001	205.775	131.39	65.32000000000001	205.975	3077.0	461.0	0.0	0.0	0.0	0.0
462.0	80.58255004882812	125.69689178466795	205.37705993652344	80.43	125.56	205.25	80.76	125.84	205.625	5495.0	462.0	0.0	0.0	0.0	0.0
463.0	84.25823974609375	126.7687759399414	205.3675537109375	84.15	126.7	205.3	84.35000000000002	126.83	205.45	1409.0	463.0	0.0	0.0	0.0	0.0
464.0	84.65129089355469	126.23231506347656	205.085205078125	84.48	125.93	205.025	84.88	126.44	205.175	4275.0	464.0	0.0	0.0	0.0	0.0
465.0	82.45887756347656	128.2628173828125	205.3016357421875	82.23	128.09	205.2	82.67	128.44	205.425	6231.0	465.0	0.0	0.0	0.0	0.0
466.0	88.4871826171875	128.52381896972656	205.4614105224609	88.29	128.31	205.325	88.7	128.7	205.6	5904.0	466.0	0.0	0.0	0.0	0.0
467.0	85.34638214111328	131.81723022460938	205.5500030517578	85.26	131.65	205.55	85.51	132.01	205.55	130.0	467.0	0.0	0.0	0.0	0.0
468.0	126.97969818115234	61.4390983581543	207.3865203857422	126.81	61.29	207.25	127.28	61.76	207.475	2727.0	468.0	0.0	0.0	0.0	0.0
469.0	130.86380004882812	61.74543380737305	207.0316162109375	130.29	61.45	206.85	131.3	62.0	207.275	20731.0	469.0	0.0	0.0	0.0	0.0
470.0	130.86900329589844	61.922142028808594	206.8498077392578	130.7	61.75	206.775	131.06	62.09	206.925	4184.0	470.0	0.0	0.0	0.0	0.0
471.0	131.88186645507812	63.7906379699707	206.6039276123047	131.33	63.56	206.425	132.3	63.99	206.8	26492.0	471.0	0.0	0.0	0.0	0.0
472.0	130.67047119140622	64.6871337890625	206.3501739501953	130.39	64.43	206.25	130.88	64.94	206.475	7068.0	472.0	0.0	0.0	0.0	0.0
473.0	131.58164978027344	64.02707672119139	206.5559539794922	131.28	64.0	206.5	132.04	64.12	206.625	1510.0	473.0	0.0	0.0	0.0	0.0
474.0	84.1486587524414	127.84811401367188	206.8224334716797	84.07000000000002	127.78	206.75	84.23	127.92	206.9	1017.0	474.0	0.0	0.0	0.0	0.0
475.0	84.46463775634766	128.94009399414062	206.6551818847656	74.63	122.02	206.625	84.89	129.49	215.75	675947.0	475.0	24024.0	0.0	0.0	24024.0
476.0	84.6246109008789	129.58000183105472	207.05491638183602	76.89	123.52	207.05	85.15	130.17000000000002	215.5	579302.0	476.0	0.0	0.0	0.0	0.0
477.0	89.21742248535156	130.39326477050778	207.35765075683602	88.9	130.14	207.325	89.45	130.82	207.4	2835.0	477.0	0.0	0.0	0.0	0.0
478.0	90.0691909790039	130.47645568847656	207.4242248535156	89.78	130.27	207.325	90.34	130.72	207.475	7082.0	478.0	0.0	0.0	0.0	0.0
479.0	84.19385528564453	130.67869567871094	206.7370147705078	84.13	130.56	206.725	84.31	130.9	206.75	381.0	479.0	0.0	0.0	0.0	0.0
480.0	84.45528411865234	130.58966064453122	206.71142578125	84.42	130.56	206.55	84.47	130.66	206.875	350.0	480.0	0.0	0.0	0.0	0.0
481.0	88.67208099365234	132.06396484375	207.45677185058602	88.4	131.86	207.425	89.0	132.23	207.475	1499.0	481.0	0.0	0.0	0.0	0.0
482.0	90.07491302490234	131.25814819335938	207.31553649902344	89.64	130.61	207.225	90.4	132.2	207.425	16661.0	482.0	0.0	0.0	0.0	0.0
483.0	88.08262634277344	124.78362274169922	207.66357421875	87.82000000000002	124.65	207.6	88.4	124.96	207.7	2737.0	483.0	0.0	0.0	0.0	0.0
484.0	83.85456085205078	127.733154296875	208.4075469970703	83.71000000000002	127.57	208.375	84.03	127.9	208.45	1676.0	484.0	0.0	0.0	0.0	0.0
485.0	90.72915649414062	130.15193176269528	207.5533905029297	90.55	129.97	207.525	90.88	130.32	207.6	1181.0	485.0	0.0	0.0	0.0	0.0
486.0	82.51365661621094	130.74946594238278	208.65000915527344	82.11	130.59	208.55	82.69	130.96	208.725	4606.0	486.0	0.0	0.0	0.0	0.0
487.0	87.01199340820312	132.36326599121094	208.08262634277344	86.72	132.07	207.975	87.26	132.58	208.175	3980.0	487.0	0.0	0.0	0.0	0.0
488.0	82.5988540649414	126.97594451904295	209.5703430175781	82.39	126.59	209.525	82.87	127.69	209.625	2855.0	488.0	0.0	0.0	0.0	0.0
489.0	82.97252655029297	127.10066223144531	209.5513000488281	82.87	126.82	209.5	83.11	127.25	209.575	1028.0	489.0	0.0	0.0	0.0	0.0
490.0	91.4357681274414	125.7416000366211	209.4722442626953	91.3	125.57	209.4	91.59	125.9	209.55	2969.0	490.0	0.0	0.0	0.0	0.0
491.0	92.23269653320312	127.75310516357422	209.62144470214844	92.03	127.58	209.575	92.44	127.93	209.725	3296.0	491.0	0.0	0.0	0.0	0.0
492.0	92.68184661865234	126.24297332763672	209.4475860595703	92.47	126.12	209.4	93.12	126.37	209.5	2376.0	492.0	0.0	0.0	0.0	0.0
493.0	82.02240753173828	131.49385070800778	209.7404327392578	81.92	131.18	209.6	82.22	131.88	209.975	8922.0	493.0	0.0	0.0	0.0	0.0
494.0	82.47038269042969	134.38374328613278	209.36253356933602	82.18	134.27	209.275	82.65	134.5	209.45	4033.0	494.0	0.0	0.0	0.0	0.0
495.0	82.7049560546875	126.22051239013672	210.25267028808602	74.92	121.64	210.05	83.34	126.95	216.55	503240.0	495.0	0.0	0.0	0.0	0.0
496.0	80.25040435791016	121.61189270019531	211.86929321289062	80.16	121.49	211.775	80.32000000000002	121.79	211.95	1379.0	496.0	0.0	0.0	0.0	0.0
497.0	74.35829162597656	124.69863891601562	211.85379028320312	74.24	124.47	211.725	74.54	124.9	212.0	8817.0	497.0	0.0	0.0	0.0	0.0
498.0	74.62025451660156	125.54801177978516	211.7944183349609	74.44	125.31	211.7	74.78	125.79	211.925	7525.0	498.0	0.0	0.0	0.0	0.0
499.0	81.72590637207031	128.32177734375	212.5072021484375	81.55	128.11	212.425	81.91	128.53	212.65	6787.0	499.0	0.0	0.0	0.0	0.0
500.0	73.06055450439453	123.83639526367188	212.9639434814453	72.9	123.67	212.85	73.22	124.04	213.125	5456.0	500.0	0.0	0.0	0.0	0.0
501.0	73.80040740966797	125.3305892944336	212.56884765625	73.65	125.2	212.5	73.92	125.48	212.675	3038.0	501.0	0.0	0.0	0.0	0.0
502.0	79.21975708007812	124.7845687866211	213.2699432373047	78.95	124.59	213.15	79.35000000000002	124.98	213.375	1607.0	502.0	0.0	0.0	0.0	0.0
503.0	81.2916259765625	128.18649291992188	213.6884613037109	81.10000000000002	127.97	213.55	81.47	128.37	213.85	8794.0	503.0	0.0	0.0	0.0	0.0
504.0	80.21598815917969	129.47581481933594	213.7725830078125	79.93	129.31	213.6	80.72	129.6	213.875	5311.0	504.0	0.0	0.0	0.0	0.0
505.0	81.57076263427734	128.89433288574222	213.77749633789062	81.36	128.76	213.7	81.83	129.07	213.95	4153.0	505.0	0.0	0.0	0.0	0.0
506.0	71.74272918701172	123.11133575439452	214.72434997558602	71.68	123.02	214.625	71.88	123.22	214.9	1529.0	506.0	0.0	0.0	0.0	0.0
507.0	72.56846618652344	125.4519500732422	213.94656372070312	72.42	125.26	213.825	72.72	125.64	214.1	6796.0	507.0	0.0	0.0	0.0	0.0
508.0	77.51863861083984	123.39129638671876	214.7210998535156	77.25	123.16	214.65	77.64	123.69	214.825	1212.0	508.0	0.0	0.0	0.0	0.0
509.0	72.10670471191406	126.29460906982422	214.53343200683602	71.97	126.1	214.425	72.25	126.5	214.65	5728.0	509.0	0.0	0.0	0.0	0.0
510.0	72.39765930175781	126.3118133544922	214.3267364501953	72.22	126.08	214.225	72.61	126.52	214.425	7502.0	510.0	0.0	0.0	0.0	0.0
511.0	72.81874084472656	127.03742980957031	214.1022186279297	72.69	126.84	213.95	72.94	127.2	214.2	4432.0	511.0	0.0	0.0	0.0	0.0
512.0	81.02281188964844	127.8972396850586	214.0106658935547	80.79	127.64	213.75	81.35000000000002	128.13	214.2	7359.0	512.0	0.0	0.0	0.0	0.0
513.0	79.3125	121.58731079101562	215.31704711914062	79.23	121.38	215.225	79.35000000000002	121.94	215.45	2451.0	513.0	0.0	0.0	0.0	0.0
514.0	71.22737121582031	124.75111389160156	215.8240203857422	71.08	124.56	215.7	71.36	124.94	215.925	6488.0	514.0	0.0	0.0	0.0	0.0
515.0	78.57223510742188	125.27825927734376	216.2449493408203	78.36	124.83	216.1	78.75	125.73	216.4	11116.0	515.0	0.0	0.0	0.0	0.0
516.0	75.03294372558594	129.85708618164062	215.6377410888672	74.88	129.74	215.525	75.22	129.96	215.775	2284.0	516.0	0.0	0.0	0.0	0.0
517.0	70.61181640625	122.86996459960938	217.40354919433602	70.3	122.52	217.325	70.79	123.11	217.475	7201.0	517.0	0.0	0.0	0.0	0.0
518.0	74.40083312988281	121.93702697753906	216.90879821777344	73.85000000000002	121.68	216.6	74.9	122.2	217.25	29577.0	518.0	0.0	0.0	0.0	0.0
519.0	79.55339813232422	122.50702667236328	216.98265075683602	79.36	122.31	216.85	79.78	122.65	217.175	6938.0	519.0	0.0	0.0	0.0	0.0
520.0	79.33375549316406	125.0643539428711	217.3148498535156	79.27	124.62	217.0	79.35000000000002	125.43	217.475	1109.0	520.0	0.0	0.0	0.0	0.0
521.0	79.15748596191406	122.79068756103516	218.34597778320312	79.04	122.64	218.225	79.29	122.87	218.475	3046.0	521.0	0.0	0.0	0.0	0.0
522.0	70.46351623535156	120.378173828125	219.8382110595703	70.28	120.19	219.55	70.78	120.5	219.95	2358.0	522.0	0.0	0.0	0.0	0.0
523.0	188.58941650390625	92.37326049804688	180.37852478027344	188.36	91.65	180.3	188.88	92.77	180.475	10064.0	523.0	0.0	0.0	0.0	0.0
524.0	188.79820251464844	92.1431884765625	180.35641479492188	188.66	92.01	180.35	188.94	92.31	180.375	1069.0	524.0	0.0	0.0	0.0	0.0
525.0	138.69477844238278	82.70723724365234	184.2708740234375	134.92000000000002	73.24	184.1	139.12	83.26	196.725	771308.0	525.0	21904.0	0.0	0.0	21904.0
526.0	175.4880828857422	83.1871566772461	178.2750701904297	172.6	83.01	178.675	182.52	85.72	181.425	341426.0	526.0	0.0	0.0	0.0	0.0
527.0	176.76785278320312	84.46696472167969	178.2750701904297	176.28	84.23	178.65	186.3	89.51	180.7	419338.0	527.0	21911.0	0.0	0.0	21911.0
528.0	177.8876495361328	84.46696472167969	178.2750701904297	177.29	84.43	178.75	187.74	89.7	181.5	403406.0	528.0	21910.0	0.0	0.0	21910.0
529.0	95.82257843017578	143.1779022216797	187.4686279296875	87.34	135.85	187.55	96.17	143.59	199.375	784160.0	529.0	22181.0	0.0	0.0	22181.0
530.0	87.50408935546875	136.45893859863278	199.46023559570312	82.29	127.26	199.7	87.8	136.9	210.525	687136.0	530.0	0.0	0.0	0.0	0.0
531.0	84.6246109008789	128.94009399414062	207.05491638183602	76.03	122.88	207.1	85.09	129.4	215.65	639385.0	531.0	24024.0	0.0	0.0	24024.0
