label_id	cell_id	nucleus_id	most_probable_subtype	most_probable_broad_type	anchor_x	anchor_y	anchor_z	bb_min_x	bb_min_y	bb_min_z	bb_max_x	bb_max_y	bb_max_z	n_points
10	4237	2717	clade11sub8subsub0	Developing neurons	210.4	146.8	48.5	191.28	146.8	48.5	210.48	153.52	57.1	262
100	2197	1718	clade11sub7subsub6	Developing neurons	220.4	160.16	31.8	203.36	147.68	0.2	221.36	161.92	63.2	993
101	2299	1583	clade11sub8subsub0	Central nervous system	200.56	207.68	32.1	152.24	188.08	21.2	200.96	210.32	58.3	632
103	2788	1880	clade11sub9subsub4	Central nervous system	196.32	205.44	37.7	177.2	186.88	0.2	196.88	208.24	61.2	962
109	7299	4013	clade11sub15subsub4	Central nervous system	213.12	179.44	71.0	212.56	177.2	68.6	213.28	179.52	71.1	12
113	6079	3633	clade7sub10	Cardiovascular system	184.48	183.92	66.0	176.64	177.2	50.8	184.56	188.56	66.1	506
115	6340	3703	clade9sub11	Motile cilia	182.96	187.6	66.7	175.36	164.16	56.2	197.2	187.68	66.8	452
117	6339	3699	clade11sub17subsub6	Motile cilia	179.52	190.08	66.3	178.64	186.88	55.7	195.04	195.28	66.4	331
119	6603	3701	clade11sub4subsub6	Developing neurons	181.84	193.12	65.3	178.64	186.88	55.5	191.36	194.64	65.4	259
12	3899	2714	clade11sub8subsub0	Central nervous system	206.8	150.08	48.1	191.04	148.0	48.1	206.88	154.0	56.2	296
125	7955	4432	clade11sub22subsub4	Central nervous system	193.28	201.6	76.5	189.44	177.76	68.9	200.88	222.4	76.6	480
127	7746	4433	clade11sub7subsub7	Central nervous system	196.08	207.28	76.0	189.12	184.32	61.1	200.08	219.2	76.1	737
13	7077	4085	clade11sub22subsub7	Motile cilia	189.28	188.08	70.5	184.48	175.28	42.9	194.96	191.76	70.7	908
133	8280	4704	clade9sub17	Anterior nervous system	222.88	172.8	80.3	201.76	168.0	64.8	238.48	179.04	81.7	652
135	6782	3933	clade11sub1subsub10	Developing neurons	206.32	162.24	69.0	190.08	159.12	57.1	206.4	178.72	69.1	337
137	5870	3771	clade11sub15subsub4	Central nervous system	201.6	212.24	62.8	185.76	191.28	62.0	201.68	212.32	66.4	305
139	5426	3436	clade11sub32subsub1	Developing neurons	201.92	212.56	60.5	186.8	192.48	60.5	202.0	212.64	64.6	169
141	5651	3435	clade11sub15subsub4	Central nervous system	198.56	209.2	61.5	190.96	180.8	61.5	198.64	209.28	71.7	361
148	8504	5049	clade11sub58	Anterior nervous system	203.2	205.36	84.6	190.96	182.4	63.3	211.36	218.72	84.7	537
149	8699	5048	clade11sub3subsub7	Anterior nervous system	203.28	200.56	84.1	191.12	179.2	60.7	215.52	218.72	84.2	1050
151	8883	5054	clade11sub3subsub7	Anterior nervous system	206.16	204.16	85.7	190.96	191.84	73.0	207.92	218.8	86.7	250
152	8660	5001	clade11sub58	Anterior nervous system	221.84	178.48	83.2	198.08	171.12	63.6	237.76	194.48	83.6	775
154	8086	4703	clade11sub58	Anterior nervous system	220.56	175.2	81.0	201.6	172.24	63.7	238.0	191.68	82.3	492
157	9370	5225	clade11sub30	Developing neurons	224.88	164.88	91.7	203.92	162.72	71.6	238.8	172.56	91.8	450
158	9012	5279	clade11sub58	Anterior nervous system	227.44	171.6	91.6	207.28	160.64	71.8	235.92	173.36	91.7	394
160	2173	1640	clade11sub4subsub2-5-8	Developing neurons	205.68	139.36	34.5	180.4	121.92	10.0	207.2	141.6	52.0	431
162	2329	1306	clade11sub7subsub6	Developing neurons	208.48	140.32	33.9	181.36	124.56	9.9	209.76	144.4	52.7	565
164	2328	1303	clade11sub7subsub6	Developing neurons	208.0	136.16	33.4	182.64	123.6	10.1	208.48	142.0	60.3	606
166	824	1024	clade10sub9	Motile cilia	204.72	140.4	29.0	180.0	125.92	6.9	205.44	142.0	57.5	599
167	1834	1301	clade11sub4subsub2-5-8	Developing neurons	202.8	137.92	34.7	183.36	124.8	9.9	209.76	144.56	47.3	424
169	1540	23	clade11sub4subsub2-5-8	Developing neurons	199.84	141.04	32.9	187.44	137.28	11.1	202.48	143.76	42.2	138
171	1104	1025	clade9sub16	Developing neurons	208.64	137.6	27.1	174.08	129.6	8.7	208.8	193.68	66.9	938
173	1258	788	clade10sub9	Motile cilia	208.96	141.36	24.2	182.48	135.84	8.4	211.12	154.88	57.8	722
176	825	780	clade9sub7	Motile cilia	200.72	135.92	17.6	182.48	135.36	5.4	203.92	146.4	53.3	624
178	1849	1299	clade11sub7subsub6	Developing neurons	206.64	142.88	29.5	177.68	121.2	6.6	207.92	186.64	63.9	1074
179	2229	1399	clade10sub22	Motile cilia	152.0	183.28	31.6	136.32	163.28	11.6	182.0	194.64	63.5	611
181	2230	1748	clade10sub3subsub5-9	Motile cilia	148.0	179.04	31.2	139.04	167.52	6.9	166.64	191.6	52.0	718
183	2394	1747	clade10sub19	Motile cilia	147.52	182.8	35.4	140.48	167.12	14.0	164.64	189.04	48.4	733
187	2395	1827	clade10sub9	Motile cilia	145.12	187.76	33.9	136.16	164.96	11.0	177.12	191.68	57.4	752
189	2908	2103	clade11sub18subsub2	Developing neurons	146.08	185.92	39.6	136.0	164.72	11.5	184.72	194.16	66.8	805
191	1923	2173	clade11sub18subsub2	Developing neurons	148.4	189.68	38.3	138.08	167.12	12.7	184.24	195.92	62.7	841
193	3085	2177	clade11sub7subsub6	Developing neurons	152.24	189.76	41.0	136.48	166.16	10.2	205.44	193.76	72.4	856
195	2209	1387	clade10sub21	Motile cilia	142.4	175.36	32.4	138.24	160.24	15.6	162.96	187.2	50.0	485
197	1900	1389	clade10sub21	Motile cilia	145.04	175.84	29.5	135.92	165.36	13.7	163.68	187.52	48.5	546
199	1921	1390	clade10sub13	Motile cilia	145.44	180.88	26.7	136.64	165.44	9.2	163.6	188.96	53.2	555
201	2210	1745	clade10sub22	Motile cilia	146.8	173.2	36.8	138.64	165.52	15.3	188.08	187.76	49.3	924
203	1922	1388	clade10sub3subsub5-9	Motile cilia	143.52	183.04	29.0	143.36	166.96	10.8	186.88	189.36	48.8	1249
205	2076	1482	clade10sub9	Motile cilia	144.48	186.88	30.1	133.6	170.88	6.5	160.48	192.0	57.7	744
207	2077	1393	clade11sub18subsub2	Motile cilia	147.36	183.52	31.7	141.6	143.04	6.5	209.68	195.6	67.1	1341
209	6654	4130	clade11sub48	Developing neurons	169.52	219.2	71.8	167.2	191.44	53.1	179.84	219.28	71.9	415
21	6568	4023	clade11sub15subsub4	Central nervous system	224.88	166.56	69.1	203.6	166.0	63.4	224.96	175.76	69.4	669
211	5435	3410	clade11sub48	Anterior nervous system	167.44	215.12	60.0	167.44	181.44	47.4	212.08	215.2	60.8	1058
213	5662	3409	clade11sub48	Central nervous system	164.08	216.16	63.6	163.84	176.08	51.5	206.8	225.68	65.2	1044
215	5877	3753	clade11sub48	Developing neurons	172.88	216.64	62.6	169.52	185.68	50.8	194.0	216.72	64.2	817
216	6120	3750	clade11sub48	Central nervous system	170.16	213.92	65.2	164.4	184.08	49.4	208.08	225.36	68.5	1273
218	5188	3411	clade11sub48	Anterior nervous system	165.12	211.12	61.4	163.2	183.68	50.6	216.64	218.08	68.1	1043
220	6642	4125	clade9sub16	Central nervous system	163.6	218.56	66.4	163.52	190.16	51.9	181.68	224.96	67.4	584
222	5647	3748	clade11sub48	Central nervous system	168.56	210.08	64.3	166.08	177.28	40.7	198.0	210.64	68.0	1816
223	5421	3416	clade11sub7subsub7	Central nervous system	171.36	213.12	60.3	166.72	195.68	50.1	173.2	218.96	60.7	274
225	5191	3414	clade11sub8subsub1-4	Central nervous system	170.24	217.84	58.1	169.28	183.44	51.3	191.84	217.92	60.5	847
226	5862	3405	clade11sub7subsub6	Central nervous system	161.76	208.0	61.6	159.76	195.28	53.1	169.84	225.12	65.9	266
228	5416	3401	clade11sub7subsub6	Central nervous system	155.92	211.44	60.2	152.96	166.96	43.2	211.36	223.2	60.6	1836
230	6224	3525	clade11sub8subsub0	Central nervous system	232.24	137.2	65.5	200.8	137.2	52.9	239.52	179.36	65.6	1201
232	5507	3233	clade11sub48	Central nervous system	233.84	139.36	61.2	197.92	138.48	52.6	240.32	187.84	66.2	1179
234	5102	0	No_nuclei	No_nuclei	232.48	147.04	59.4	196.72	144.0	51.9	234.08	178.32	63.9	1321
236	5506	3224	clade11sub7subsub7	Central nervous system	225.28	145.44	59.4	195.6	143.28	52.3	241.84	183.6	65.1	1230
238	5530	3520	clade11sub48	Central nervous system	223.92	145.04	63.9	208.08	144.64	54.7	224.0	156.08	64.0	203
240	5759	3524	clade11sub48	Central nervous system	230.8	144.64	64.5	200.32	143.6	53.2	230.88	174.64	65.1	756
242	6255	3888	clade11sub8subsub0	Central nervous system	226.24	144.0	67.2	199.28	138.96	52.1	240.24	195.68	67.3	1475
244	5041	3225	clade9sub16	Developing neurons	227.44	132.64	57.6	209.84	132.64	55.4	227.52	157.28	58.8	251
246	5078	3227	clade9sub16	Developing neurons	229.52	135.68	57.8	209.28	135.68	54.9	229.6	148.48	59.0	189
248	5254	3223	nocladesub19	Developing neurons	225.68	128.8	59.6	197.36	128.8	39.5	225.76	178.88	60.3	1364
249	5077	3226	clade11sub48	Anterior nervous system	227.04	141.36	61.0	200.16	138.72	53.6	241.36	198.16	69.6	1140
251	5279	3222	clade11sub7subsub6	Developing neurons	225.44	136.16	59.8	198.72	136.16	53.5	225.52	176.08	68.4	1452
253	5039	3220	clade11sub7subsub6	Developing neurons	223.36	139.12	57.8	201.36	124.88	54.0	232.32	162.24	59.5	759
255	5040	3221	clade11sub7subsub6	Central nervous system	223.04	132.64	56.5	194.0	132.64	39.2	223.12	178.24	60.3	1277
257	5737	3522	clade11sub48	Anterior nervous system	226.56	140.8	63.0	194.08	140.8	41.4	226.64	177.36	63.1	1867
259	649	675	clade9sub7	Motile cilia	169.36	178.08	14.4	156.56	164.64	4.9	173.6	187.68	53.4	804
26	538	716	clade10sub19	Motile cilia	216.32	171.2	15.5	208.16	151.84	0.1	223.92	171.84	37.5	538
261	875	873	clade10sub19	Motile cilia	171.76	175.36	19.8	155.76	163.68	5.2	173.12	190.0	52.8	721
263	1008	869	clade10sub19	Motile cilia	167.36	174.48	20.7	152.4	162.64	4.2	169.36	188.16	46.0	833
265	743	674	clade9sub7	Motile cilia	166.16	171.2	18.0	156.96	163.6	5.7	173.84	185.36	52.5	723
269	1033	872	clade9sub7	Motile cilia	169.68	178.48	17.7	157.12	167.76	10.1	172.72	192.96	51.9	536
271	1035	875	clade11sub8subsub0	Motile cilia	174.72	180.8	18.8	153.68	161.76	4.9	174.96	192.88	57.6	811
273	1031	868	clade9sub7	Motile cilia	165.12	178.8	18.6	156.0	168.72	9.6	169.12	189.92	41.1	282
275	1009	876	clade11sub23	Central nervous system	175.84	176.96	18.4	156.4	164.08	4.8	176.88	184.8	56.5	786
277	1034	870	clade9sub7	Motile cilia	167.68	182.96	17.8	155.68	167.68	7.8	169.12	190.88	42.0	411
279	1172	1118	clade10sub8	Motile cilia	169.68	178.64	21.9	155.76	168.56	12.4	170.56	191.44	42.7	472
281	896	680	clade10sub9	Motile cilia	177.2	181.6	15.5	154.56	163.76	4.8	178.08	195.28	48.3	589
283	772	678	clade10sub9	Motile cilia	173.92	185.12	15.0	157.12	168.24	9.7	174.8	193.6	43.5	502
285	1032	874	clade10sub3subsub5-9	Motile cilia	171.52	182.72	20.1	154.8	164.72	4.6	172.24	194.4	46.6	569
287	774	734	clade10sub3subsub5-9	Motile cilia	177.28	186.96	14.7	157.68	167.12	8.8	177.52	191.84	47.6	768
289	6785	4317	nocladesub7	Adult eye	226.16	158.08	71.4	202.24	158.08	54.2	226.24	197.52	72.3	690
291	7261	4315	nocladesub7	Adult eye	226.0	154.48	74.2	204.72	154.48	54.6	226.08	194.64	74.3	599
293	6284	3945	clade11sub7subsub6	Central nervous system	222.8	162.56	71.8	200.88	153.44	57.6	224.4	172.48	74.1	1298
295	7263	4318	nocladesub7	Adult eye	231.92	161.84	73.2	204.72	160.08	54.5	232.0	195.04	73.3	615
297	7870	4644	clade11sub7subsub6	Adult eye	227.76	150.16	78.4	204.4	150.16	54.1	227.84	196.16	78.5	606
299	8067	4646	nocladesub7	Adult eye	230.32	155.04	80.8	205.12	155.04	54.9	230.4	192.72	80.9	610
3	6533	3944	clade11sub8subsub0	Central nervous system	220.72	164.64	68.6	209.04	164.64	56.8	220.8	179.76	68.8	499
30	1293	847	clade9sub7	Motile cilia	226.08	159.84	23.6	212.0	148.8	0.2	227.04	165.84	61.3	1331
301	7481	4647	nocladesub7	Adult eye	231.04	158.48	78.7	221.44	150.08	68.2	234.48	158.96	84.6	140
303	6758	114		unknown	232.4	148.24	77.6	216.4	142.96	68.6	234.88	160.64	82.6	159
305	7260	4309	clade11sub8subsub0	Developing neurons	218.64	158.96	74.5	195.92	158.96	52.3	218.72	196.64	74.6	860
307	8089	4648	clade11sub3subsub7	Anterior nervous system	233.2	163.36	78.5	220.32	158.56	69.2	233.28	163.84	78.6	99
309	7265	3956	nocladesub3	Adult eye	236.56	162.48	71.7	191.6	162.48	43.3	236.64	193.12	72.4	1441
311	6535	3948	nocladesub7	Adult eye	226.8	161.04	68.9	186.48	161.04	52.2	226.88	194.24	74.3	1390
313	7289	4030	clade11sub15subsub4	Central nervous system	228.24	171.28	72.1	200.8	151.52	60.9	228.32	171.36	72.3	179
315	7288	4029	clade11sub8subsub1-4	Central nervous system	229.04	168.4	70.8	186.0	164.24	64.4	229.12	190.48	70.9	678
317	7033	3950	clade11sub4subsub7	Developing neurons	229.04	164.4	69.8	201.76	164.32	55.9	229.12	197.92	73.9	868
319	7290	4032	clade13sub7	Developing neurons	234.16	168.96	71.6	195.52	166.0	65.3	234.24	183.28	72.8	534
32	745	6	clade10sub8	Motile cilia	170.08	174.24	15.3	156.8	165.6	5.0	174.0	184.32	54.6	953
321	1538	1010	clade9sub7	Developing neurons	191.44	143.36	28.4	176.08	130.16	5.4	204.72	147.04	58.5	454
323	967	819	clade11sub8subsub0	Developing neurons	195.92	146.0	20.2	176.16	131.92	5.3	201.36	150.8	51.4	522
325	1399	1019	clade10sub9	Developing neurons	200.64	144.4	22.3	176.96	128.88	5.4	208.32	147.04	51.2	466
327	1397	1015	clade11sub7subsub6	Developing neurons	195.2	145.04	25.1	177.36	126.48	5.2	205.52	146.32	50.3	573
329	1271	1053	clade11sub8subsub0	Developing neurons	193.04	148.08	23.3	180.4	140.64	13.2	202.32	149.84	45.7	309
33	2430	0	No_nuclei	No_nuclei	191.68	202.56	38.1	175.6	188.32	0.1	195.2	207.6	61.5	1974
331	950	812	clade9sub7	Developing neurons	188.88	145.92	21.3	175.2	136.24	7.7	199.52	149.84	45.6	365
333	1548	1057	clade11sub8subsub0	Developing neurons	197.92	148.0	26.1	173.84	124.64	6.0	205.84	148.08	55.2	539
335	1703	1348	clade11sub8subsub0	Developing neurons	198.72	152.08	27.0	177.92	129.68	8.2	207.44	180.16	63.6	800
337	1102	774	clade9sub7	Developing neurons	191.44	142.24	21.8	176.96	132.72	5.1	198.88	149.84	49.7	503
339	1396	1012	clade9sub7	Motile cilia	193.52	140.08	23.9	174.0	124.96	6.9	195.44	146.4	39.8	312
341	1108	10	clade10sub20	Motile cilia	197.52	141.92	20.3	176.32	125.76	5.9	208.64	145.28	47.9	533
343	1103	1018	clade10sub9	Motile cilia	200.0	139.92	23.3	181.52	133.04	5.7	202.8	142.16	36.5	266
345	953	778	clade9sub7	Motile cilia	195.76	137.92	20.8	181.92	132.56	5.8	200.4	140.08	27.2	93
347	1099	771	clade9sub7	Developing neurons	188.0	141.52	21.2	177.36	131.6	4.9	198.56	150.16	57.0	563
349	1253	772		unknown	191.12	136.88	18.2	181.52	132.72	5.6	193.84	138.08	21.6	71
351	969	833	clade10sub9	Motile cilia	211.52	152.48	23.7	210.48	143.52	0.6	222.56	161.68	59.2	455
353	1123	835	clade10sub3subsub5-9	Motile cilia	213.12	149.84	20.6	212.48	144.72	0.2	221.2	160.72	53.4	412
355	365	838	clade10sub3subsub5-9	Motile cilia	215.68	153.52	19.5	204.96	143.76	0.1	223.2	161.44	61.6	499
357	256	653	clade10sub19	Motile cilia	207.36	147.2	14.3	207.12	145.04	0.2	222.08	160.88	41.3	273
359	835	841	clade10sub9	Motile cilia	219.36	154.64	20.2	176.08	117.52	0.1	222.8	162.16	62.5	630
361	1125	1075	clade10sub9	Motile cilia	218.56	153.92	24.8	196.0	142.56	0.6	222.72	161.84	63.9	514
363	1124	1365	clade11sub4subsub6	Developing neurons	215.44	161.6	30.5	212.8	146.08	0.2	221.92	163.92	49.9	358
365	1415	1079	clade10sub9	Motile cilia	221.44	156.16	26.6	194.32	147.12	5.4	223.6	161.84	64.2	524
367	364	656	clade10sub9	Motile cilia	210.56	146.64	14.6	210.24	142.8	0.3	223.84	161.92	46.4	280
369	622	834	clade10sub3subsub5-9	Motile cilia	211.92	154.88	18.9	174.88	116.24	0.2	222.0	162.56	62.6	644
37	406	537	nocladesub3	Motile cilia	170.16	175.12	12.7	157.28	164.24	5.4	173.84	189.92	49.3	1323
371	730	832	clade11sub4subsub2-5-8	Motile cilia	209.84	160.8	18.6	203.52	148.08	0.2	221.52	163.12	64.4	526
373	995	837	clade11sub4subsub2-5-8	Motile cilia	212.56	159.92	20.8	188.72	148.24	0.1	221.12	180.72	65.5	642
375	734	839	clade11sub4subsub2-5-8	Motile cilia	216.32	160.08	19.3	203.28	146.08	0.1	221.52	162.96	64.1	541
377	733	1076	clade10sub9	Motile cilia	220.32	160.8	23.3	204.16	146.0	0.2	222.0	164.32	64.1	595
379	1428	1081	clade10sub9	Motile cilia	223.52	158.08	25.0	193.68	148.16	0.2	224.88	163.68	64.3	551
381	5858	3719	clade11sub30	Anterior nervous system	215.36	202.96	68.9	195.6	183.28	46.8	225.92	203.36	71.8	1134
385	6859	4097	clade11sub30	Anterior nervous system	218.24	197.44	67.6	192.96	173.76	41.2	218.32	197.52	72.3	668
387	2140	1581	clade9sub7	Developing neurons	197.6	208.72	30.3	188.88	199.28	29.0	199.92	208.8	42.6	153
389	2630	2275	clade11sub9subsub4	Central nervous system	197.84	209.68	37.7	180.16	202.8	25.6	200.08	210.88	57.5	235
39	1425	1070	clade10sub22	Developing neurons	214.8	156.32	27.3	197.92	145.76	0.4	221.36	162.72	63.8	1269
391	2447	2276	clade11sub9subsub4	Central nervous system	198.0	209.04	41.5	180.48	201.84	26.3	201.04	212.0	57.8	204
393	1648	1532	clade11sub15subsub4	Central nervous system	195.84	202.0	33.7	166.72	190.24	0.0	196.48	208.0	62.8	557
395	1059	1218	clade11sub8subsub0	Developing neurons	195.04	195.76	23.6	177.6	189.92	0.1	195.84	208.64	61.1	475
397	2143	1885	clade11sub9subsub4	Central nervous system	201.84	204.0	32.5	184.8	184.08	12.2	205.12	207.76	60.9	465
399	1506	1223	clade11sub8subsub0	Central nervous system	198.24	200.08	25.0	171.84	187.68	0.4	200.08	207.6	61.0	957
40	3618	2522	clade11sub8subsub0	Central nervous system	168.4	196.24	45.5	166.16	182.88	45.5	168.48	196.32	55.2	183
401	2445	1938	clade11sub9subsub4	Central nervous system	195.68	209.76	33.7	169.52	190.72	22.6	200.96	211.28	62.2	599
403	2139	1937	clade11sub9subsub4	Central nervous system	193.6	210.0	36.7	176.32	180.56	0.1	194.0	210.88	64.0	643
405	1501	1251	clade10sub9	Motile cilia	187.68	208.56	23.4	150.48	184.48	0.0	188.96	213.44	57.4	507
407	1796	1212	clade11sub18subsub2	Central nervous system	188.32	203.84	26.3	167.52	188.8	8.1	189.52	208.24	61.8	694
409	1646	1211	clade11sub4subsub2-5-8	Developing neurons	187.92	199.12	25.6	177.84	194.72	0.1	190.96	207.92	42.5	256
411	1058	952	clade11sub4subsub2-5-8	Motile cilia	183.84	194.48	20.8	171.52	192.64	0.1	190.0	209.68	59.4	616
413	778	957	clade11sub18subsub2	Motile cilia	189.36	193.04	18.5	174.72	188.72	0.1	191.76	208.88	62.8	691
415	1364	959	clade11sub4subsub2-5-8	Developing neurons	192.16	198.72	21.0	168.96	191.04	0.2	192.24	208.8	64.3	929
417	3205	2043	clade11sub8subsub1-4	Central nervous system	190.96	148.48	42.3	188.8	146.72	42.3	202.32	156.4	53.6	350
419	3534	2386	clade11sub8subsub1-4	Central nervous system	187.2	148.0	44.8	187.2	146.0	44.8	196.88	150.4	53.7	116
42	2842	39	clade11sub4subsub6	Central nervous system	202.8	139.68	40.5	180.64	117.6	10.3	206.0	143.28	53.6	578
421	3357	2044	clade11sub23	Central nervous system	188.48	152.0	43.8	180.8	146.64	43.4	197.52	169.68	54.1	583
423	3535	2388	clade11sub8subsub0	Central nervous system	192.48	146.0	47.4	191.2	146.0	47.4	200.48	151.92	53.2	210
425	2860	1691	clade11sub8subsub0	Central nervous system	194.32	152.48	38.2	184.8	147.68	38.2	195.44	169.52	53.3	283
429	1715	1678	clade11sub23	Central nervous system	185.6	152.4	36.6	176.72	145.84	36.6	195.92	171.84	53.6	476
431	4059	2713	clade11sub8subsub0	Central nervous system	204.48	152.72	48.1	198.64	148.32	48.1	204.56	155.68	55.9	92
433	3731	2393	clade11sub8subsub0	Central nervous system	204.48	149.6	45.4	189.12	147.52	45.4	204.56	158.24	56.6	195
435	4238	2716	clade11sub8subsub0	Developing neurons	212.16	153.84	49.3	197.44	147.68	49.2	212.24	153.92	53.7	61
437	3919	2406	clade11sub8subsub0	Central nervous system	214.32	153.92	47.0	196.72	147.52	46.7	214.4	154.08	50.7	60
439	3391	2072	clade11sub8subsub0	Central nervous system	213.52	155.12	42.3	199.28	145.28	42.3	213.6	155.2	51.0	125
441	3732	2395	clade11sub8subsub0	Central nervous system	207.44	154.08	45.5	198.08	147.04	45.5	207.52	154.16	49.9	41
443	3361	2392	clade11sub8subsub0	Central nervous system	202.56	152.16	43.2	194.08	146.48	43.2	202.64	152.24	52.1	88
445	3363	2397	clade11sub8subsub0	Central nervous system	209.12	150.72	44.5	195.52	145.68	44.5	209.2	150.8	56.1	124
447	3538	2401	clade11sub8subsub0	Central nervous system	213.92	151.52	44.4	194.56	147.52	44.4	214.0	151.6	52.6	113
449	4239	2720	clade11sub8subsub0	Developing neurons	213.2	149.28	51.3	197.04	147.04	48.6	213.28	149.68	54.5	104
45	3046	0	No_nuclei	No_nuclei	185.12	155.92	42.6	185.12	147.28	38.5	193.52	156.0	51.8	229
451	3898	2712	clade11sub8subsub0	Central nervous system	198.88	150.4	48.7	192.8	145.28	48.7	198.96	150.48	53.2	93
453	3756	2402	clade11sub8subsub0	Central nervous system	214.0	157.36	46.7	195.6	144.24	46.7	214.08	157.44	52.5	193
455	3229	2062	clade11sub8subsub0	Central nervous system	208.08	156.8	41.1	197.28	147.28	41.1	208.16	156.88	49.5	56
457	2692	2070	clade11sub8subsub0	Developing neurons	215.84	157.84	39.8	202.56	130.32	13.6	218.56	158.64	56.2	270
459	2878	1697	clade11sub8subsub0	Central nervous system	202.24	155.6	38.0	201.04	149.12	38.0	207.68	156.32	53.6	100
461	4061	2726	clade11sub8subsub0	Central nervous system	220.16	146.96	47.1	195.68	146.24	47.1	220.24	148.96	52.3	92
463	2881	2064	clade11sub8subsub0	Central nervous system	210.88	154.88	39.2	191.04	146.8	39.2	210.96	154.96	53.8	185
465	1404	1708	clade11sub8subsub0	Developing neurons	211.68	158.64	37.1	200.16	129.6	13.7	219.68	197.44	69.0	746
469	3208	2055	clade11sub7subsub6	Developing neurons	200.96	145.52	43.5	198.32	143.92	43.5	206.88	152.08	54.6	227
47	6815	4004	clade3.2sub17	Stem cells	186.72	186.32	68.3	184.24	173.36	42.4	195.76	191.92	68.4	1193
471	2691	1716	clade11sub8subsub0	Central nervous system	215.68	153.28	36.9	202.16	130.24	13.5	218.56	153.36	58.4	450
473	3031	2053	clade11sub8subsub0	Central nervous system	200.56	149.28	39.6	200.4	144.16	39.6	206.96	149.36	52.8	157
475	3901	2410	clade11sub8subsub0	Central nervous system	221.12	154.0	45.4	199.68	144.16	45.4	221.2	154.08	54.2	255
477	3539	2408	clade11sub8subsub0	Central nervous system	220.32	153.12	43.2	201.92	150.0	43.2	220.4	155.92	51.8	105
479	2533	1719	clade11sub7subsub6	Developing neurons	220.88	155.68	36.2	199.04	143.76	36.2	220.96	155.76	52.6	425
481	2861	2052	clade11sub8subsub0	Central nervous system	198.0	152.0	40.6	198.0	142.64	40.6	205.84	152.08	51.9	199
483	3437	2525	clade11sub8subsub0	Central nervous system	172.08	190.8	44.8	166.08	182.64	44.8	172.16	190.88	52.3	80
485	3088	2192	clade11sub8subsub0	Central nervous system	170.0	190.96	41.4	165.12	182.32	41.4	170.08	191.04	51.6	95
487	2783	1861	clade11sub8subsub0	Developing neurons	175.84	204.0	35.5	167.04	181.92	35.5	175.92	204.08	48.4	116
489	3268	2195	clade11sub8subsub0	Central nervous system	169.76	186.16	43.5	164.4	170.96	43.5	173.68	186.24	51.9	243
49	3729	2387	clade11sub27subsub6	Central nervous system	189.2	146.88	48.3	189.2	143.76	48.3	196.24	148.96	55.3	192
491	3282	2191	clade11sub8subsub0	Central nervous system	167.6	198.48	42.5	165.68	187.36	42.5	170.56	198.56	46.5	95
493	3959	2527	clade11sub8subsub0	Central nervous system	172.72	188.24	46.9	167.68	182.24	46.9	172.8	188.32	51.0	44
495	3594	2529	clade11sub8subsub1-4	Central nervous system	176.24	187.76	44.7	167.84	184.08	44.7	176.32	187.84	54.1	101
497	3269	2202	clade11sub8subsub0	Central nervous system	175.6	188.64	41.9	166.56	177.52	41.9	175.68	188.72	57.9	206
499	3960	2530	clade11sub8subsub0	Central nervous system	175.92	194.72	45.9	166.56	183.44	45.9	176.0	194.8	52.9	79
50	1413	1047	clade10sub19	Motile cilia	185.28	150.0	27.2	185.28	141.76	27.2	200.88	150.08	50.4	619
501	3813	2528	clade11sub8subsub0	Developing neurons	175.84	200.32	45.1	161.76	178.96	45.1	175.92	200.4	50.4	207
503	4493	2836	clade11sub9subsub3	Developing neurons	180.4	197.2	51.3	172.72	186.48	51.3	180.48	197.28	54.2	82
505	4304	2825	clade11sub8subsub0	Developing neurons	172.16	198.48	48.0	164.32	186.0	45.4	172.24	198.56	51.9	177
507	4136	2830	clade11sub8subsub0	Central nervous system	177.28	202.8	48.3	158.8	167.84	48.3	177.36	202.88	57.3	324
509	4491	2832	clade11sub8subsub0	Central nervous system	176.64	205.76	51.5	170.96	180.56	49.5	177.04	205.84	56.9	181
511	3994	2592	clade11sub7subsub6	Central nervous system	180.72	211.76	46.6	178.56	145.2	36.3	201.04	211.84	51.4	869
513	4492	2831	clade11sub9subsub4	Central nervous system	177.12	199.84	52.4	176.24	182.72	48.1	191.44	199.92	55.8	176
515	4806	3087	clade11sub11subsub2-3	Central nervous system	175.52	201.2	54.2	175.52	124.56	35.5	199.84	201.28	55.6	964
517	3481	2268	nocladesub19	Anterior nervous system	188.16	221.6	41.9	176.16	179.36	41.9	198.72	221.68	60.0	918
519	2912	2126	clade11sub8subsub1-4	Central nervous system	169.92	181.76	39.4	166.96	181.76	39.4	175.84	191.68	53.7	112
52	1411	1046	clade10sub19	Motile cilia	184.4	152.48	24.1	184.4	135.28	24.1	202.88	152.56	57.2	702
521	3258	2123	clade11sub8subsub1-4	Central nervous system	167.36	180.08	43.5	163.44	168.08	43.5	178.96	182.48	51.6	409
523	4490	2829	clade11sub8subsub0	Central nervous system	173.28	201.36	51.8	173.28	178.32	46.1	185.28	201.44	59.0	417
525	3907	2703	nocladesub20	Epidermis	152.0	157.84	48.5	150.4	155.6	32.5	175.44	178.0	53.4	497
527	7012	100	clade7sub8	Somatic musculature	146.16	164.24	71.3	142.96	154.56	59.9	154.08	166.88	71.4	87
529	7239	4263	clade10sub10	Gland cells	148.96	162.88	76.7	143.12	153.92	61.7	156.0	163.92	80.0	260
531	7875	4258	nocladesub9	Cardiovascular system	144.88	163.44	76.2	144.0	144.96	60.4	154.88	164.24	76.3	266
532	7330	4396	clade10sub3subsub5-9	Motile cilia	149.28	197.92	76.2	125.68	185.52	70.4	149.36	226.08	76.3	105
534	3306	2266	clade9sub17	Developing neurons	186.08	220.24	39.8	174.4	169.84	39.8	195.52	220.32	60.3	878
535	2987	2913	clade11sub8subsub0	Central nervous system	199.04	121.68	53.1	179.28	117.68	21.0	202.0	129.28	56.0	162
537	2988	2298	clade9sub16	Developing neurons	198.4	122.08	46.8	178.72	119.52	18.7	200.56	128.96	58.0	195
539	5220	3157	clade1sub12	zero	154.16	120.56	60.0	149.68	116.8	56.2	167.28	128.0	110.5	591
54	3619	2524	clade11sub8subsub0	Central nervous system	171.44	194.0	46.1	166.72	176.8	46.1	172.8	194.08	55.0	302
541	5219	3155	clade6sub15	Epidermis	150.96	119.6	59.8	148.56	119.52	56.9	167.84	128.32	94.8	408
543	5467	3444	clade4sub3	zero	151.44	117.76	66.0	151.28	117.76	42.2	197.76	171.52	68.3	641
545	5449	3154	clade5sub16	zero	149.52	122.16	61.7	148.96	117.68	56.1	167.6	127.84	109.3	534
547	4683	2922	clade11sub8subsub0	Central nervous system	217.2	123.36	56.2	204.24	117.6	51.6	222.0	158.0	58.2	307
549	4853	3180	clade11sub7subsub6	Central nervous system	215.28	124.32	58.2	203.52	118.0	52.1	221.28	162.8	60.8	511
55	6932	3808	clade10sub3subsub5-9	Motile cilia	200.16	117.84	70.1	192.16	104.64	68.3	219.28	120.4	76.0	129
551	5414	3395	clade11sub25subsub5	Developing neurons	149.76	213.76	58.0	149.76	164.0	53.4	216.0	221.76	76.4	665
553	10379	148	clade11sub20subsub3	Central nervous system	114.72	144.48	97.3	108.64	139.12	97.3	136.48	155.92	134.5	437
555	6101	3721	clade11sub56	Anterior nervous system	219.36	195.52	65.5	190.32	184.0	54.6	228.48	202.4	73.2	260
557	6342	3727	clade11sub45subsub1	Anterior nervous system	223.92	194.4	66.1	197.92	182.16	66.1	224.0	195.12	73.9	183
559	4497	3113	clade11sub52	Anterior nervous system	225.76	197.36	54.6	204.32	184.56	50.1	228.8	198.4	67.1	1277
561	1471	2439	clade11sub8subsub1-4	Motile cilia	139.28	183.6	43.4	133.2	158.56	19.3	147.76	190.48	69.4	248
562	1901	2763	clade2sub2	Glia	157.84	180.48	51.8	140.88	158.56	14.8	186.16	185.2	51.9	805
564	3655	2284	clade10sub13	Motile cilia	158.08	121.04	46.7	157.36	121.04	36.3	159.12	132.64	49.1	139
566	4019	2611	clade4sub5	Motile cilia	159.68	123.52	50.2	157.68	122.88	36.1	168.0	137.12	50.3	169
568	4193	2632	clade10sub21	Motile cilia	152.24	128.24	50.8	145.04	118.64	41.2	167.52	132.4	105.7	477
57	6479	3890	clade11sub8subsub0	Central nervous system	232.32	138.32	69.2	199.52	137.68	53.5	239.68	181.28	69.5	1254
570	4017	2633	clade10sub19	Motile cilia	154.24	126.32	48.8	145.76	119.68	40.4	169.76	130.72	96.5	452
572	3701	2315	clade11sub28subsub4	Motile cilia	177.2	140.4	46.1	177.2	138.4	44.0	192.72	163.2	53.9	401
574	3885	2646	clade11sub23	Motile cilia	178.48	137.76	48.4	178.48	137.36	38.2	191.92	169.44	53.9	748
576	4025	2645	clade11sub23	Central nervous system	176.4	132.8	47.8	176.4	132.8	47.8	196.16	168.48	54.3	456
578	3504	2314	clade7sub10	Midgut	174.4	132.64	45.3	174.16	132.64	40.1	193.12	174.88	53.8	971
580	4043	2652	clade11sub23	Central nervous system	183.12	142.24	49.7	182.88	139.68	49.5	211.2	168.16	57.4	225
582	4216	2649	clade11sub23	Motile cilia	179.2	136.48	50.9	179.2	136.48	34.1	193.2	174.72	53.9	425
584	4396	2650	clade11sub23	Central nervous system	178.72	142.24	51.3	178.72	138.0	41.9	191.84	165.92	54.1	370
586	3700	2651	clade11sub23	Central nervous system	178.8	144.88	47.7	178.8	144.88	33.9	198.24	179.92	52.7	590
588	3520	2316	clade11sub23	Heme/chitin	177.12	144.32	43.7	177.12	144.32	35.8	202.88	183.2	60.6	897
59	6737	3892	clade11sub48	Central nervous system	234.56	141.92	68.5	206.96	141.92	54.3	234.64	160.96	68.6	399
590	3028	2040	clade9sub22	Developing neurons	183.84	148.0	42.5	180.4	147.6	35.3	188.4	151.12	47.7	60
592	3728	2326	clade11sub37	Central nervous system	183.92	145.6	46.9	181.92	144.64	41.1	185.6	147.2	50.3	23
594	4411	2710	clade11sub23	Central nervous system	181.6	147.2	51.0	160.4	147.2	41.5	191.04	182.72	54.1	448
596	4197	2648	clade9sub22	Central nervous system	177.92	128.72	50.6	176.64	128.72	38.3	197.36	189.6	63.5	731
598	3866	2317	nocladesub22	Central nervous system	176.08	127.04	46.9	176.08	127.04	34.9	196.96	178.88	52.7	721
600	3868	2323	clade11sub8subsub1-4	Central nervous system	180.88	127.12	48.1	180.88	127.12	26.0	197.44	170.08	54.2	1123
602	3522	2384	clade11sub23	Central nervous system	180.56	148.16	45.7	180.56	145.68	45.7	182.64	148.24	49.3	12
603	3927	2443	clade11sub23	Central nervous system	143.76	172.88	46.5	143.76	166.96	37.0	176.32	189.44	52.8	1064
604	4085	2754	clade11sub23	Midgut	144.88	168.72	48.4	144.88	161.04	35.6	199.2	189.84	59.9	777
605	3405	2101	clade9sub22	Midgut	144.4	166.96	43.2	144.4	166.96	39.7	188.32	178.16	52.3	617
606	3928	2445	clade11sub23	Motile cilia	147.68	167.92	46.1	147.68	164.4	34.9	202.96	186.8	62.6	985
607	3241	2098	clade11sub23	Central nervous system	140.64	170.88	40.7	140.64	160.16	40.7	188.08	179.04	52.1	880
608	3415	2438	clade11sub15subsub4	Central nervous system	140.48	177.2	44.0	140.48	171.44	42.7	191.44	183.84	53.0	812
609	3240	2096	clade11sub8subsub0	Motile cilia	140.24	174.64	40.8	140.24	168.96	40.8	176.88	181.12	53.0	650
61	5876	3749	clade11sub48	Anterior nervous system	169.6	216.8	62.1	166.88	183.68	52.0	198.16	224.4	67.4	1293
610	3765	2436	clade11sub23	Central nervous system	139.2	173.84	44.4	139.2	164.0	37.7	186.08	177.36	52.0	1004
611	3403	2094	clade11sub23	Central nervous system	135.84	172.08	42.5	135.84	162.24	38.7	186.8	178.72	52.3	1144
612	3926	2440	clade9sub13	Developing neurons	141.2	168.96	46.3	141.2	168.96	46.3	179.44	186.16	51.5	182
613	4086	2755	clade11sub29subsub6	Cardiovascular system	146.08	173.84	48.9	146.08	161.44	37.7	191.84	184.0	51.7	452
614	4277	2748	clade11sub6subsub7	Developing neurons	135.44	177.44	50.1	135.44	168.32	50.1	169.52	191.68	59.8	354
615	4104	2747	clade10sub14	Motile cilia	134.64	181.92	48.7	132.56	172.16	44.9	202.72	199.6	75.5	570
616	3940	2434	clade11sub8subsub1-4	Central nervous system	134.8	180.64	46.2	132.64	172.08	44.5	178.72	198.64	53.2	192
617	3941	2435	clade11sub29subsub6	Central nervous system	137.84	176.48	47.9	132.88	172.08	41.0	194.96	199.28	54.3	434
618	5629	3365	clade11sub7subsub7	Central nervous system	178.48	207.52	61.2	177.12	180.24	52.6	199.2	207.6	61.3	397
619	5864	3418	clade11sub8subsub1-4	Central nervous system	173.68	210.56	61.6	173.68	184.08	49.2	190.56	210.64	64.4	531
62	6117	3746	clade11sub48	Developing neurons	166.0	220.24	64.6	166.0	194.0	52.1	198.08	220.32	64.7	791
620	5865	3752	clade11sub8subsub8	Central nervous system	172.32	209.84	65.8	172.32	168.16	39.4	203.52	209.92	65.9	788
621	6875	4131	clade11sub48	Developing neurons	171.52	216.88	67.3	167.52	164.8	31.5	188.24	216.96	67.4	914
622	6374	4132	clade11sub7subsub6	Developing neurons	171.12	213.6	69.3	148.24	171.2	40.1	194.0	213.68	69.4	728
623	6878	4078	clade11sub9subsub3	Central nervous system	178.72	202.72	71.4	174.16	196.24	56.2	179.84	207.84	71.5	153
624	5628	3754	clade11sub7subsub6	Central nervous system	173.6	204.56	67.7	173.04	175.44	34.4	191.2	206.24	67.8	499
625	6844	4072	clade11sub7subsub6	Central nervous system	171.36	207.52	69.3	169.44	158.64	32.5	188.8	207.6	69.4	823
626	5853	3692	clade11sub8subsub8	Central nervous system	169.6	205.84	65.4	149.76	171.12	47.4	193.68	206.16	65.5	600
627	5403	80	clade11sub15subsub4	Central nervous system	180.8	209.92	58.6	174.88	175.84	53.9	204.24	210.0	62.2	545
628	4985	3129	clade11sub7subsub7	Central nervous system	182.32	215.68	56.1	177.44	183.28	46.4	199.12	215.76	59.5	343
629	5422	3421	clade11sub45subsub0	Central nervous system	175.84	216.0	60.1	175.84	174.72	39.7	189.28	216.08	62.2	708
63	6392	3751	clade11sub8subsub0	Developing neurons	169.6	218.96	66.5	167.52	189.52	48.9	189.36	219.04	66.6	442
630	5664	3423	nocladesub3	Heme/chitin	176.48	220.48	60.3	174.88	210.16	59.7	182.32	226.0	65.0	50
631	5194	3419	clade11sub7subsub7	Central nervous system	174.4	216.32	56.3	154.8	187.6	53.5	179.52	216.4	61.5	569
632	5195	3424	clade11sub7subsub7	Central nervous system	178.24	218.4	57.0	171.76	180.56	50.4	195.28	218.48	63.4	823
633	4670	3127	clade11sub7subsub7	Central nervous system	179.76	217.92	54.3	177.6	175.68	34.2	196.88	218.0	62.7	750
634	3512	2628	clade10sub9	Motile cilia	137.92	145.12	50.0	132.56	138.56	40.6	140.32	161.52	108.1	387
635	3878	2307	clade3.1sub23	Stem cells	139.6	143.28	47.9	134.96	136.96	40.2	141.2	161.52	108.4	465
636	3877	2695	clade10sub9	Motile cilia	133.84	147.6	48.0	127.92	138.8	41.0	148.88	181.04	60.8	352
637	4244	2694	clade4sub5	zero	132.88	155.6	51.0	132.88	151.76	35.9	144.24	156.0	51.1	164
638	4065	2693	clade4sub3	Motile cilia	132.0	155.36	48.3	132.0	152.16	35.5	150.32	158.32	48.4	172
639	3372	2692	clade10sub13	Motile cilia	130.8	160.16	46.9	127.04	153.68	37.4	138.08	164.0	111.7	467
640	3742	2369	clade10sub19	Motile cilia	132.4	161.44	44.2	129.6	130.88	36.7	140.08	163.92	129.4	762
641	3349	2370	clade13sub3	Heme/chitin	132.96	154.4	44.2	132.96	147.6	36.7	149.68	154.48	44.3	92
643	3238	2431	clade10sub9	Motile cilia	126.88	172.96	46.9	126.88	155.68	38.2	137.76	175.2	104.1	419
644	3413	2089	clade10sub9	Motile cilia	129.12	176.64	42.1	128.4	131.52	38.9	139.84	178.8	130.5	651
645	5345	3288	clade11sub6subsub8	Central nervous system	130.96	174.56	60.2	130.96	172.4	52.9	144.32	180.16	63.0	195
646	5366	3291	clade9sub12	Motile cilia	133.36	178.08	59.4	133.36	155.84	33.0	154.32	178.96	60.5	323
647	5343	3287	clade11sub6subsub8	Central nervous system	127.12	171.52	60.3	127.12	157.68	60.3	135.44	171.6	75.4	152
648	5558	3286	clade11sub21	Central nervous system	124.64	166.32	61.7	124.64	164.32	61.7	130.08	168.48	65.8	24
649	6017	3529	clade11sub6subsub8	Central nervous system	123.36	164.96	65.3	100.32	101.84	56.1	146.08	180.8	229.6	1210
65	6118	4127	clade11sub48	Developing neurons	167.28	219.12	69.0	166.88	190.64	51.6	193.52	219.2	69.1	946
650	5807	3587	clade10sub3subsub5-9	Central nervous system	124.64	176.24	64.8	121.04	141.44	56.6	139.12	188.4	124.9	474
651	1442	896	clade11sub23	Central nervous system	193.92	167.04	24.0	181.52	165.36	24.0	194.0	174.0	44.2	328
652	1312	894	clade11sub9subsub4	Central nervous system	193.44	171.52	22.2	165.52	137.36	19.3	193.52	171.6	40.9	618
653	1423	1056	clade11sub23	Central nervous system	194.56	162.08	25.3	175.92	152.24	19.0	194.64	163.68	34.3	190
654	1594	1143	clade11sub23	Central nervous system	197.36	165.52	25.9	182.56	159.36	25.9	197.44	165.6	40.6	214
655	1154	815	clade11sub23	Central nervous system	191.76	162.96	23.1	186.64	161.76	23.1	202.8	182.88	42.8	388
656	884	693	clade11sub23	Central nervous system	193.6	165.76	16.5	187.28	159.84	16.5	200.16	177.76	43.7	518
657	614	637	clade9sub13	Central nervous system	191.12	162.56	15.0	186.96	160.24	15.0	192.16	165.12	48.8	301
658	615	642	clade9sub13	Central nervous system	194.48	161.2	14.7	184.4	159.84	14.7	194.56	172.8	50.5	488
659	1138	817	clade11sub23	Central nervous system	195.36	163.2	19.0	183.84	161.04	19.0	195.44	173.76	51.0	493
660	851	813	clade11sub8subsub1-4	Central nervous system	189.28	161.76	19.2	184.0	159.84	19.2	189.36	161.84	26.4	22
661	852	641	clade11sub23	Central nervous system	191.84	157.76	18.4	167.44	147.6	18.4	191.92	179.28	54.0	921
662	988	818	clade11sub23	Central nervous system	195.92	158.4	20.3	184.64	158.4	20.3	196.0	164.16	43.5	171
663	725	636	clade9sub13	Central nervous system	190.56	158.32	15.5	172.72	145.6	15.5	190.64	163.76	45.0	457
664	200	436	nocladesub2	Epidermis	193.6	159.84	6.7	167.84	126.8	6.7	198.88	160.4	55.8	440
665	266	506		unknown	198.64	161.6	9.9	198.64	150.64	1.3	223.76	163.6	49.3	302
666	417	510	clade10sub3subsub5-9	Motile cilia	201.68	165.12	11.0	195.52	156.56	11.0	223.04	165.2	63.2	431
667	389	649	clade10sub3subsub5-9	Motile cilia	201.84	160.64	15.2	201.12	148.8	1.8	222.88	163.68	64.6	390
668	617	645	clade10sub3subsub5-9	Motile cilia	198.24	158.96	14.2	198.24	149.28	0.2	221.84	161.6	45.1	327
669	266	503		unknown	196.32	158.16	9.6	196.32	154.72	9.6	222.4	160.88	51.1	243
67	6934	3806	nocladesub19	Central nervous system	197.68	121.52	72.2	188.96	105.04	67.8	220.08	121.92	77.3	169
670	513	505	clade10sub3subsub5-9	Motile cilia	196.96	154.56	11.8	196.56	131.92	11.8	220.88	161.84	58.6	400
671	1885	1337	clade11sub9subsub4	Central nervous system	187.12	159.2	29.7	165.92	141.92	19.2	187.2	160.24	38.0	176
69	6826	4059	clade9sub16	Motile cilia	153.44	188.56	69.2	144.56	185.12	69.2	153.52	188.64	72.0	53
72	6067	3677	clade3.1sub48	Somatic musculature	153.28	190.4	67.2	133.36	185.36	66.7	156.08	223.28	71.5	218
73	2797	2212	clade11sub23	Central nervous system	191.84	205.04	40.5	175.12	176.0	40.5	191.92	207.28	61.8	738
75	1290	0	No_nuclei	No_nuclei	215.92	158.56	27.3	192.56	129.84	0.1	222.72	161.36	62.8	1366
77	514	827	clade11sub4subsub2-5-8	Motile cilia	205.28	158.16	23.4	205.28	156.56	23.4	216.32	160.0	36.7	230
79	2444	1935	clade11sub9subsub3	Central nervous system	186.32	207.2	40.3	174.48	190.4	0.1	187.92	209.12	61.2	1238
8	4482	2811	clade11sub8subsub0	Central nervous system	151.76	197.6	53.3	151.76	192.64	49.6	170.88	197.68	53.5	465
81	928	1214	clade11sub4subsub2-5-8	Developing neurons	189.84	196.72	26.8	171.68	190.0	26.8	191.68	209.04	61.6	763
82	7059	4024	clade11sub15subsub4	Central nervous system	224.88	169.52	69.3	182.32	144.96	39.1	224.96	184.96	70.6	1643
84	6307	4025	clade11sub15subsub4	Developing neurons	228.08	172.64	67.5	203.2	140.8	57.9	228.16	180.64	72.2	1138
86	6478	3891	clade11sub48	Developing neurons	230.64	140.96	72.8	207.76	140.96	55.1	230.72	157.36	72.9	402
88	6225	3526	clade11sub48	Anterior nervous system	234.96	140.8	64.6	209.76	139.6	54.9	237.44	175.84	67.8	843
90	4965	3075	clade11sub13subsub4	Central nervous system	147.84	199.44	54.7	147.84	182.16	44.4	168.72	199.52	54.8	815
92	4483	58	clade11sub8subsub0	Central nervous system	151.28	202.56	55.7	151.28	180.48	51.9	175.2	202.64	55.8	419
94	4967	3080	clade11sub8subsub0	Central nervous system	156.24	201.76	56.8	156.24	184.24	48.4	191.2	201.84	57.7	468
96	1277	1073	clade10sub9	Motile cilia	215.92	152.24	22.4	197.36	146.72	5.8	222.8	161.04	63.9	917
98	996	843	clade10sub9	Motile cilia	220.96	158.0	24.1	196.56	130.48	0.1	221.6	162.4	59.5	970
672	7719	4402	clade3.1sub11	Somatic musculature	155.44	190.8	75.4	131.04	177.84	66.4	157.12	218.16	75.5	238
673	7538	4403	clade3.1sub46	Somatic musculature	155.28	195.04	76.8	128.8	168.08	65.7	155.84	223.12	76.9	331
674	7735	4399	clade10sub3subsub5-9	Motile cilia	151.92	199.28	75.1	125.52	159.12	68.8	152.0	224.72	85.2	338
675	7317	4400	clade10sub9	Motile cilia	152.0	193.44	74.7	132.8	182.16	67.4	152.08	223.52	74.8	174
676	7308	4061	clade9sub11	Motile cilia	155.04	194.64	72.7	133.92	184.08	67.4	155.12	222.96	74.7	157
677	6620	4057	clade10sub9	Motile cilia	150.96	192.0	69.9	118.32	185.44	63.5	151.2	230.72	73.6	191
678	6331	3611	clade11sub8subsub0	Central nervous system	150.16	186.56	67.0	101.76	184.72	63.5	150.24	238.4	74.3	160
679	8115	5068	nocladesub19	Developing neurons	217.92	191.92	81.9	186.0	121.84	56.1	228.32	200.64	82.0	503
680	8314	5060	clade11sub4subsub6	Central nervous system	211.68	191.2	83.0	184.56	177.68	66.3	214.64	199.92	83.1	678
681	8682	5067	clade10sub9	Motile cilia	217.2	197.2	82.7	205.04	179.44	71.4	224.72	200.16	83.0	224
682	8509	5066	clade10sub21	Motile cilia	216.8	194.32	84.9	209.2	191.68	79.3	225.68	198.8	85.0	59
683	8710	5069	clade10sub9	Motile cilia	219.12	197.68	85.4	208.88	190.8	79.6	226.24	198.48	85.5	44
684	8683	5071	nocladesub19	Motile cilia	223.2	195.6	83.6	223.2	195.6	80.0	226.24	198.16	83.7	9
685	8871	5326	clade10sub9	Motile cilia	221.68	191.52	87.4	181.2	164.56	57.5	228.56	199.04	87.5	673
686	8684	5325	clade10sub21	Motile cilia	216.48	191.6	89.6	184.48	119.28	55.5	226.56	200.4	89.7	529
687	9231	5321	clade9sub16	Developing neurons	212.24	189.2	89.3	186.88	180.96	69.4	227.68	201.68	89.4	575
688	9049	5320	clade10sub21	Central nervous system	210.72	195.28	88.6	163.44	189.28	55.5	225.52	202.48	88.7	431
689	9803	5565	clade10sub3subsub5-9	Developing neurons	208.88	194.0	94.5	204.16	186.56	88.2	209.6	194.08	94.6	22
690	9244	5564	clade11sub17subsub6	Central nervous system	205.28	195.84	94.1	203.12	190.88	82.9	209.68	198.32	94.2	55
691	9415	5567	clade11sub17subsub6	Central nervous system	212.4	187.2	94.0	200.24	168.56	59.7	213.76	187.28	94.1	756
692	5751	3918	clade10sub24	Motile cilia	185.92	148.64	68.7	164.08	131.44	55.7	192.96	166.48	79.2	838
693	5980	3545	clade5sub16	zero	188.8	147.52	66.3	170.88	146.72	54.6	188.88	153.36	66.4	160
694	5953	3922	clade1sub12	Midgut	190.0	147.12	70.6	172.48	140.4	58.2	191.12	152.88	70.7	94
695	6248	3920	zero	zero	187.68	151.28	68.0	172.72	145.12	58.4	187.76	153.28	68.1	155
696	5754	3923	clade5sub16	Gland cells	191.68	152.24	69.2	171.36	150.08	54.3	191.76	155.6	69.3	115
697	5752	3540	clade1sub19	Heme/chitin	183.2	146.24	63.2	170.0	146.16	54.7	184.88	154.0	63.3	75
698	5300	3259	clade5sub7	Cardiovascular system	181.84	150.08	61.3	171.04	150.08	59.5	181.92	154.64	61.4	11
699	5947	3491	clade3.2sub17	Heme/chitin	177.92	140.72	63.2	165.36	140.72	57.1	178.0	145.84	63.3	41
700	6466	3846	nocladesub35	Macrophage	182.32	136.64	68.7	166.0	129.2	56.9	185.6	150.88	73.2	322
701	6465	3845	clade10sub14	Motile cilia	181.36	141.04	69.5	164.96	129.84	57.7	185.52	149.36	82.3	548
702	6980	3844	clade10sub24	Motile cilia	178.96	138.16	69.9	169.76	134.64	61.2	181.12	149.2	76.9	306
703	6977	4204	clade3.1sub34	Heme/chitin	180.32	134.24	72.9	169.44	134.24	68.4	180.4	147.52	78.3	209
704	6978	4205	clade3.1sub11	Somatic musculature	181.2	130.8	75.7	167.6	130.8	62.5	181.36	142.16	75.8	51
705	7402	4546	clade3.1sub14	Somatic musculature	177.6	130.16	80.0	164.96	128.48	60.4	177.68	141.52	80.1	84
706	6217	3855	clade3.1sub11	Somatic musculature	190.32	140.64	69.2	172.08	138.64	59.7	190.4	149.84	69.3	67
707	6467	3851	clade13sub9	Gland cells	186.96	143.52	67.7	169.76	143.28	64.3	187.04	151.2	72.7	136
708	6246	95	clade10sub14	Motile cilia	185.84	141.84	70.9	168.4	140.4	62.2	185.92	153.68	71.0	66
709	6215	3852	clade3.2sub16	Somatic musculature	185.84	138.64	72.7	167.12	136.88	58.5	186.0	147.52	72.8	59
710	6951	4206	clade3.1sub44	Somatic musculature	183.44	136.88	74.8	165.36	134.24	57.2	183.68	145.36	74.9	81
711	6500	3848	clade10sub24	Motile cilia	181.6	145.52	68.0	169.28	145.52	64.5	189.44	156.8	74.0	209
712	1448	1175	clade10sub19	Motile cilia	230.0	167.2	23.4	196.24	147.2	0.1	230.56	168.4	63.5	725
713	1743	1474	clade11sub7subsub6	Developing neurons	229.44	172.56	28.3	194.8	150.08	0.1	230.32	172.72	64.0	665
714	1024	1477	clade10sub22	Motile cilia	232.08	169.92	30.8	201.92	140.24	0.2	232.16	170.0	59.8	525
715	2072	1818	clade11sub9subsub3	Motile cilia	231.84	166.88	33.3	210.8	149.28	0.0	231.92	169.04	64.5	387
716	1565	1476	clade10sub9	Motile cilia	230.4	166.24	28.5	190.24	148.4	0.2	233.84	180.48	66.6	669
717	2904	2157	clade11sub9subsub4	Developing neurons	231.28	168.72	38.4	214.4	151.12	0.2	231.36	168.96	57.3	565
718	1601	1172	clade10sub9	Motile cilia	226.56	172.16	25.2	203.92	147.12	0.2	229.36	172.24	62.9	531
719	1025	923	clade10sub9	Motile cilia	225.84	170.4	19.8	186.64	122.4	0.1	229.6	170.48	59.6	642
720	628	924	clade10sub9	Motile cilia	227.04	166.16	20.0	200.48	149.92	0.1	229.92	169.44	63.8	481
721	8101	124	clade11sub3subsub7	Anterior nervous system	224.96	176.96	78.4	198.32	170.88	58.1	235.52	195.44	78.5	475
722	7711	4034	clade11sub3subsub7	Anterior nervous system	226.24	181.12	78.4	203.92	167.12	62.9	239.12	183.2	78.5	446
723	7942	118	clade11sub3subsub7	Anterior nervous system	229.84	186.96	77.5	204.08	173.76	53.5	238.64	190.32	77.6	418
724	7711	4034	clade11sub3subsub7	Anterior nervous system	231.2	183.12	75.4	200.48	169.68	51.4	239.04	186.32	76.0	630
725	7514	4035	clade11sub27subsub7	Anterior nervous system	233.2	180.32	74.4	210.64	170.32	62.0	238.72	181.2	76.2	242
726	7513	4380	clade11sub7subsub1-4	Central nervous system	230.8	174.88	74.5	197.92	171.36	58.3	230.88	196.4	77.3	693
727	8119	4706	clade11sub18subsub2	Central nervous system	222.8	185.92	80.0	199.52	169.12	65.7	237.44	188.88	83.7	405
729	8318	4784	nocladesub19	Anterior nervous system	228.32	188.24	79.2	194.56	172.4	62.8	228.4	188.32	82.7	503
730	8312	4778	nocladesub19	Central nervous system	219.28	188.16	79.8	191.76	177.84	58.3	231.12	199.12	81.1	678
732	12125	6720	clade11sub23	Stem cells	195.84	167.2	119.6	190.96	159.12	103.3	208.16	186.48	124.2	338
733	12795	6768	clade11sub23	Developing neurons	184.0	178.0	119.5	178.0	174.32	102.9	194.48	191.6	126.7	365
735	26011	10174	clade11sub9subsub3	Central nervous system	103.44	86.4	221.2	98.24	79.12	199.3	120.0	103.76	224.5	234
736	26818	10340	clade11sub8subsub0	Central nervous system	101.2	92.56	222.4	92.8	85.6	209.6	115.6	108.24	224.0	112
